field_id,period_start,other_model,native_cka,extended_cka,delta_cka
11,2000,specter,0.7076537872306045,0.7091561519073445,0.0015023646767400312
11,2000,specter2,0.6725803987710574,0.6693195940136584,-0.003260804757398983
11,2000,scincl,0.7255175388997491,0.7225214641046825,-0.0029960747950665834
11,2000,scibert,0.49579278743190935,0.5432305882945806,0.04743780086267124
11,2000,bert,0.5659396205988177,0.5959538703118785,0.03001424971306077
11,2000,mpnet,0.803761399764019,0.798327513246805,-0.005433886517213993
11,2000,pubmedbert,0.44145554770092593,0.4743391608028555,0.032883613101929554
11,2000,biobert,0.48002787417314,0.5133298746776854,0.033302000504545404
11,2000,simcse,0.5241162610321374,0.5443643632044528,0.02024810217231543
11,2005,specter,0.7208530953763549,0.7251500848185345,0.0042969894421795995
11,2005,specter2,0.6758877740984875,0.6737789039539367,-0.002108870144550856
11,2005,scincl,0.7307510823297025,0.7303854056631895,-0.0003656766665129929
11,2005,scibert,0.5176922386017774,0.5628776785737619,0.04518543997198454
11,2005,bert,0.5772736945543868,0.609849592143181,0.0325758975887942
11,2005,mpnet,0.8053302287789287,0.8031076682356945,-0.00222256054323422
11,2005,pubmedbert,0.4686141715163326,0.5028953816033154,0.03428121008698276
11,2005,biobert,0.5005549518407473,0.5352110263852956,0.03465607454454833
11,2005,simcse,0.5379066610273757,0.5613460766142426,0.023439415586866907
11,2010,specter,0.7226528751466569,0.7249676300433333,0.0023147548966764298
11,2010,specter2,0.6877493229140598,0.682921338563404,-0.00482798435065579
11,2010,scincl,0.7369960966951166,0.7337071205177209,-0.0032889761773956527
11,2010,scibert,0.5100219012394241,0.5569165118246577,0.04689461058523359
11,2010,bert,0.5497102572715031,0.5890284918253733,0.03931823455387018
11,2010,mpnet,0.8096084844503053,0.805658219243665,-0.003950265206640324
11,2010,pubmedbert,0.4595415510666713,0.4956704065295075,0.036128855462836174
11,2010,biobert,0.4801131835652012,0.5177208886572983,0.037607705092097043
11,2010,simcse,0.5281727410056378,0.5538606364183086,0.025687895412670803
11,2015,specter,0.7386206130716861,0.7454260573238183,0.006805444252132142
11,2015,specter2,0.7097166100683989,0.7078681979247872,-0.001848412143611755
11,2015,scincl,0.7517154257541091,0.7540821653179535,0.0023667395638443667
11,2015,scibert,0.5591445149797548,0.6019467666217287,0.04280225164197393
11,2015,bert,0.6077127286547797,0.6456610731175558,0.03794834446277617
11,2015,mpnet,0.8247305115159089,0.8246650103973848,-6.550111852410279e-05
11,2015,pubmedbert,0.5078313476495476,0.5432355149640979,0.03540416731455032
11,2015,biobert,0.5434616044073308,0.5775712711341608,0.034109666726830024
11,2015,simcse,0.5661235261134283,0.5922051070717924,0.026081580958364103
11,2020,specter,0.7319581475034335,0.740561486327811,0.008603338824377582
11,2020,specter2,0.7125340487029794,0.7104832869473163,-0.0020507617556630997
11,2020,scincl,0.75056843459843,0.7549979984521202,0.004429563853690199
11,2020,scibert,0.5373453259920618,0.5858102556446942,0.048464929652632494
11,2020,bert,0.5853529027328256,0.6307722400654185,0.04541933733259296
11,2020,mpnet,0.8256107108215519,0.8270020313149955,0.001391320493443593
11,2020,pubmedbert,0.4928681680352819,0.5346632514874572,0.04179508345217531
11,2020,biobert,0.5330590849283141,0.5723120131497632,0.0392529282214491
11,2020,simcse,0.5406534129400082,0.5698846627475747,0.029231249807566417
12,2000,specter,0.5802847257546555,0.5792824432774133,-0.0010022824772422112
12,2000,specter2,0.5798222179581795,0.5785340828237405,-0.001288135134438928
12,2000,scincl,0.6179756161465655,0.6229174729709389,0.004941856824373425
12,2000,scibert,0.44352129807368657,0.4798917583920873,0.036370460318400744
12,2000,bert,0.4989940314840329,0.5225202201190954,0.023526188635062506
12,2000,mpnet,0.7587458315576517,0.7530753912337038,-0.005670440323947923
12,2000,pubmedbert,0.37083840354214065,0.39354273557494124,0.02270433203280059
12,2000,biobert,0.3766000092650968,0.40729260093434616,0.03069259166924937
12,2000,simcse,0.5096297606585167,0.5285536545378915,0.018923893879374765
12,2005,specter,0.5978075095112718,0.5967437647194432,-0.0010637447918285803
12,2005,specter2,0.6127066613974562,0.611315400386035,-0.0013912610114211743
12,2005,scincl,0.6355602935647546,0.6396439305466668,0.004083636981912164
12,2005,scibert,0.45593917111241056,0.49901781353247787,0.043078642420067315
12,2005,bert,0.52454615103779,0.5527136621011554,0.028167511063365347
12,2005,mpnet,0.7732785935854157,0.7677896405444226,-0.005488953040993172
12,2005,pubmedbert,0.3990753648634956,0.42581222205254293,0.026736857189047336
12,2005,biobert,0.41151509400340225,0.4457303945029135,0.03421530049951127
12,2005,simcse,0.5369593412952519,0.5568317512207605,0.01987240992550854
12,2010,specter,0.6131872900288697,0.6130231868804168,-0.00016410314845294316
12,2010,specter2,0.6225751756633422,0.6223182496765267,-0.0002569259868154816
12,2010,scincl,0.6464455790684649,0.6500483722904958,0.003602793222030942
12,2010,scibert,0.48492118839926057,0.5213266322947491,0.0364054438954885
12,2010,bert,0.5441539194720454,0.5660177803755627,0.02186386090351733
12,2010,mpnet,0.7791801002280548,0.775025339661033,-0.004154760567021798
12,2010,pubmedbert,0.4083504246755451,0.43166992708803825,0.023319502412493143
12,2010,biobert,0.44068683194924624,0.4730016191766289,0.03231478722738268
12,2010,simcse,0.5545983117336734,0.5687656860097261,0.014167374276052747
12,2015,specter,0.619576975703508,0.6184863119331035,-0.0010906637704044542
12,2015,specter2,0.6302997425245259,0.6275873876581998,-0.00271235486632615
12,2015,scincl,0.6527970615615408,0.6542711925556518,0.0014741309941109781
12,2015,scibert,0.5089369393375387,0.544422973830052,0.03548603449251331
12,2015,bert,0.5603937707809469,0.582873739344415,0.022479968563468122
12,2015,mpnet,0.7885879172221155,0.784850336470311,-0.0037375807518045256
12,2015,pubmedbert,0.4296899976203025,0.45247059802595424,0.02278060040565172
12,2015,biobert,0.460242870475161,0.49241615187968024,0.03217328140451925
12,2015,simcse,0.5676974639797724,0.581105617587623,0.013408153607850637
12,2020,specter,0.651465934384632,0.6516780664141228,0.00021213202949088572
12,2020,specter2,0.6610974887881815,0.6580329632558096,-0.003064525532371909
12,2020,scincl,0.689258284533997,0.6894584117874607,0.00020012725346374438
12,2020,scibert,0.5272279218051282,0.5717254999201608,0.04449757811503252
12,2020,bert,0.5913403695038424,0.6242942658753177,0.03295389637147528
12,2020,mpnet,0.810043494093631,0.8056618113888377,-0.004381682704793222
12,2020,pubmedbert,0.46239253696863325,0.49518325425803517,0.032790717289401916
12,2020,biobert,0.4619537172303314,0.5065638091698189,0.044610091939487506
12,2020,simcse,0.6026911839935102,0.624246983823031,0.021555799829520828
13,2000,specter,0.6822153081656042,0.6861978391060151,0.0039825309404109
13,2000,specter2,0.6298246327816029,0.6298164589310042,-8.173850598702792e-06
13,2000,scincl,0.6945094396725484,0.6974333058982539,0.002923866225705507
13,2000,scibert,0.49932934729619544,0.5612239537604903,0.061894606464294843
13,2000,bert,0.563235835358828,0.6060485137576458,0.04281267839881775
13,2000,mpnet,0.792311403773392,0.7911616070995987,-0.0011497966737933352
13,2000,pubmedbert,0.46474565047789296,0.5141361829621459,0.04939053248425296
13,2000,biobert,0.5050153489681828,0.5504896576336182,0.04547430866543545
13,2000,simcse,0.5135973675982152,0.5444255701767883,0.030828202578573105
13,2005,specter,0.6921183898175737,0.6947227209134398,0.002604331095866108
13,2005,specter2,0.6419017754017858,0.6404776054041202,-0.001424169997665592
13,2005,scincl,0.6986613004603961,0.700234961048549,0.001573660588152892
13,2005,scibert,0.4962283281239103,0.5500598649373671,0.053831536813456815
13,2005,bert,0.5624531724206685,0.6026362936394956,0.040183121218827056
13,2005,mpnet,0.7948361464280135,0.7931092168610859,-0.0017269295669275486
13,2005,pubmedbert,0.4638991678274529,0.5044995851720535,0.040600417344600626
13,2005,biobert,0.496044689974499,0.5368960743537652,0.040851384379266165
13,2005,simcse,0.5051534840761618,0.533516956630639,0.028363472554477243
13,2010,specter,0.7082268599854203,0.7118632758471477,0.00363641586172736
13,2010,specter2,0.6625133095802561,0.6616240417713387,-0.0008892678089174044
13,2010,scincl,0.713419535039661,0.7152356828573716,0.0018161478177105561
13,2010,scibert,0.5031909394934416,0.5559015775481526,0.05271063805471099
13,2010,bert,0.5671934942905615,0.6086731980469967,0.04147970375643517
13,2010,mpnet,0.8034516463965019,0.8032395986524257,-0.00021204774407623805
13,2010,pubmedbert,0.47569030625879843,0.5169289056296387,0.041238599370840234
13,2010,biobert,0.5187000523613106,0.5582872931567902,0.039587240795479595
13,2010,simcse,0.5130500246985373,0.5430240924709823,0.029974067772444934
13,2015,specter,0.717226208595917,0.7235073199621546,0.006281111366237546
13,2015,specter2,0.6813290441795764,0.6814169548627298,8.791068315339157e-05
13,2015,scincl,0.7247037127896452,0.7279486400904049,0.003244927300759759
13,2015,scibert,0.5182319399911325,0.5732592365876994,0.05502729659656691
13,2015,bert,0.5665771841938619,0.6092073904100426,0.04263020621618063
13,2015,mpnet,0.8108179310735626,0.8122184468434313,0.0014005157698686599
13,2015,pubmedbert,0.4862115563371132,0.5302520729766398,0.04404051663952657
13,2015,biobert,0.5393955429707987,0.5812427449032843,0.04184720193248559
13,2015,simcse,0.5100366060459826,0.5412581219846526,0.031221515938670064
13,2020,specter,0.7241147313732756,0.7296768772514315,0.005562145878155844
13,2020,specter2,0.6950472270835203,0.6932624521519302,-0.0017847749315901273
13,2020,scincl,0.7333437061083885,0.7353049226464048,0.001961216538016286
13,2020,scibert,0.5296798625781184,0.5849162838219506,0.05523642124383221
13,2020,bert,0.5736000600476495,0.6204305242444957,0.04683046419684622
13,2020,mpnet,0.8164317425940113,0.8167000259888535,0.00026828339484219477
13,2020,pubmedbert,0.49843596338704904,0.5446716628737737,0.046235699486724624
13,2020,biobert,0.5671543799964398,0.6105037721948704,0.04334939219843059
13,2020,simcse,0.5077209133919389,0.5406318260893176,0.03291091269737867
14,2000,specter,0.6866494898436063,0.6857791442140087,-0.0008703456295976464
14,2000,specter2,0.6887567060642074,0.6869723012775836,-0.0017844047866237833
14,2000,scincl,0.7117898710356256,0.70995082884163,-0.0018390421939956658
14,2000,scibert,0.43316870063801216,0.4426318341788013,0.009463133540789148
14,2000,bert,0.47828235995356216,0.4843207146871307,0.006038354733568563
14,2000,mpnet,0.807174414538658,0.8051116202676536,-0.00206279427100442
14,2000,pubmedbert,0.38156745019738303,0.38772664876052226,0.006159198563139234
14,2000,biobert,0.41918560903446456,0.42784387570049176,0.008658266666027203
14,2000,simcse,0.5550512783989788,0.5594588355718179,0.004407557172839027
14,2005,specter,0.6922245228398834,0.6894896775558157,-0.002734845284067755
14,2005,specter2,0.6955625438336605,0.6930002901613437,-0.002562253672316772
14,2005,scincl,0.7125211619737052,0.7091926918388388,-0.003328470134866368
14,2005,scibert,0.4060824551362102,0.41835543627925975,0.012272981143049533
14,2005,bert,0.4678567495618298,0.47543914440141527,0.007582394839585449
14,2005,mpnet,0.8074946364319573,0.8039392157285874,-0.0035554207033698937
14,2005,pubmedbert,0.3595890415624996,0.3672603332942645,0.007671291731764895
14,2005,biobert,0.41174803664756027,0.42257639555896126,0.010828358911400993
14,2005,simcse,0.5424095582029118,0.5469563884873869,0.004546830284475112
14,2010,specter,0.7012250102408379,0.6991119606877602,-0.0021130495530777837
14,2010,specter2,0.7107391591637032,0.7082218447542511,-0.0025173144094521316
14,2010,scincl,0.7222161538082277,0.719256913746755,-0.0029592400614726344
14,2010,scibert,0.4438491496655227,0.45926877200011257,0.015419622334589878
14,2010,bert,0.47443305872566516,0.48376634442754957,0.009333285701884408
14,2010,mpnet,0.8135129106333068,0.8100402300100822,-0.003472680623224589
14,2010,pubmedbert,0.38809339721529834,0.3992529667286463,0.011159569513347956
14,2010,biobert,0.42424029900453464,0.4380561479339553,0.013815848929420671
14,2010,simcse,0.5506859151727679,0.5550771606169476,0.004391245444179681
14,2015,specter,0.7052310580026954,0.7006196791374152,-0.00461137886528018
14,2015,specter2,0.7229475644351023,0.7171322772720203,-0.005815287163081995
14,2015,scincl,0.7310351202117267,0.7255544535082015,-0.0054806667035252055
14,2015,scibert,0.5035191990490231,0.5234030597556538,0.01988386070663073
14,2015,bert,0.5086346686081231,0.5224489154548977,0.01381424684677457
14,2015,mpnet,0.8226198600303739,0.8168070485140276,-0.005812811516346272
14,2015,pubmedbert,0.40757113323888966,0.422438609938271,0.014867476699381321
14,2015,biobert,0.44713623397880253,0.4671613247641319,0.02002509078532938
14,2015,simcse,0.5643163137667984,0.5689935614444074,0.00467724767760902
14,2020,specter,0.7155750648892129,0.7119069878493256,-0.003668077039887252
14,2020,specter2,0.7246640173330964,0.7195596168024075,-0.005104400530688835
14,2020,scincl,0.7448885161551565,0.73926870976541,-0.005619806389746462
14,2020,scibert,0.5294479713952978,0.5516697306994134,0.02222175930411563
14,2020,bert,0.5301354386292119,0.5482025640829193,0.018067125453707478
14,2020,mpnet,0.8358535765558073,0.8310785808351373,-0.004774995720669972
14,2020,pubmedbert,0.4359825227045472,0.45509246999931924,0.019109947294772056
14,2020,biobert,0.4757730186855698,0.49890619377371237,0.023133175088142555
14,2020,simcse,0.5794919448486534,0.5863952890707353,0.006903344222081942
15,2000,specter,0.7880020660459847,0.790092772121856,0.0020907060758713625
15,2000,specter2,0.7585219292688101,0.7594740042523161,0.0009520749835060238
15,2000,scincl,0.8039912805102862,0.8058828367871289,0.0018915562768426764
15,2000,scibert,0.5904061453028554,0.6109143457415357,0.02050820043868029
15,2000,bert,0.5913834586578908,0.6011058072581993,0.009722348600308517
15,2000,mpnet,0.8808399938990056,0.881271409534289,0.000431415635283372
15,2000,pubmedbert,0.5500398392786143,0.5654083418079422,0.015368502529327865
15,2000,biobert,0.5967286256436499,0.610681163891496,0.013952538247846036
15,2000,simcse,0.6321243720660642,0.639892179920327,0.007767807854262787
15,2005,specter,0.8031599428760416,0.8041782400515489,0.0010182971755072767
15,2005,specter2,0.7780202041828499,0.777971593650956,-4.861053189386677e-05
15,2005,scincl,0.8165390217641968,0.8183956098455165,0.001856588081319721
15,2005,scibert,0.6047920888546374,0.6248952384602303,0.020103149605592896
15,2005,bert,0.6032724962592971,0.6142569257386706,0.010984429479373503
15,2005,mpnet,0.8909868356168771,0.8907669182912236,-0.00021991732565351807
15,2005,pubmedbert,0.564822032343434,0.5810705470112038,0.016248514667769776
15,2005,biobert,0.6079121138657049,0.6222899401677723,0.014377826302067409
15,2005,simcse,0.6386784041528559,0.6467733572903623,0.008094953137506411
15,2010,specter,0.8130202197681863,0.8158214199164282,0.0028012001482419224
15,2010,specter2,0.7906183355859712,0.7917860619479915,0.0011677263620203382
15,2010,scincl,0.8238202270484668,0.8269854734911639,0.0031652464426971116
15,2010,scibert,0.6144112853325533,0.6343468532675157,0.019935567934962428
15,2010,bert,0.6011423249487313,0.6115386034071045,0.01039627845837321
15,2010,mpnet,0.8973016367967093,0.8976832558252503,0.0003816190285410581
15,2010,pubmedbert,0.5732055717935782,0.5894785341515346,0.01627296235795639
15,2010,biobert,0.6243029005993224,0.6388537948101964,0.014550894210874077
15,2010,simcse,0.648050159802138,0.6556093679173831,0.007559208115245131
15,2015,specter,0.8133063553211597,0.8179589053743505,0.004652550053190763
15,2015,specter2,0.8020747855251085,0.8043447497158376,0.0022699641907291124
15,2015,scincl,0.8229119098648285,0.8271178511916111,0.004205941326782536
15,2015,scibert,0.6359903551700459,0.6573034484929312,0.021313093322885335
15,2015,bert,0.6148327395876447,0.6272192952395538,0.012386555651909048
15,2015,mpnet,0.8982257278502397,0.9003987196533849,0.00217299180314523
15,2015,pubmedbert,0.6021538627410602,0.6187817618801268,0.016627899139066593
15,2015,biobert,0.6451685276971568,0.6605389945781439,0.015370466880987088
15,2015,simcse,0.6607913229226182,0.6693932098386155,0.008601886915997281
15,2020,specter,0.8026687544215225,0.8088379963081117,0.006169241886589183
15,2020,specter2,0.797174053894349,0.8007653194771749,0.0035912655828258533
15,2020,scincl,0.8100709393885025,0.8177872863872887,0.0077163469987862054
15,2020,scibert,0.6171843005129065,0.6408790369222727,0.023694736409366146
15,2020,bert,0.6064530599032247,0.6239993962813628,0.017546336378138072
15,2020,mpnet,0.8899435019267626,0.893712852661112,0.0037693507343493637
15,2020,pubmedbert,0.590554887273626,0.6120563082364591,0.02150142096283303
15,2020,biobert,0.6378946862389157,0.6572655335884345,0.019370847349518883
15,2020,simcse,0.6400223971883763,0.650184902626584,0.010162505438207736
16,2000,specter,0.6924221215568727,0.6955401452943348,0.003118023737462172
16,2000,specter2,0.6498249236591369,0.6519111554803404,0.002086231821203488
16,2000,scincl,0.6649563743886564,0.6650464051342503,9.003074559388313e-05
16,2000,scibert,0.5742667829712996,0.6106634391988622,0.03639665622756261
16,2000,bert,0.5632584225547062,0.5783027422438968,0.015044319689190622
16,2000,mpnet,0.7930357420649735,0.7910647284618705,-0.0019710136031030334
16,2000,pubmedbert,0.5530153123966418,0.5804719614012397,0.027456649004597877
16,2000,biobert,0.5695712804209461,0.5945246299000189,0.024953349479072795
16,2000,simcse,0.5703145029681953,0.5850841355855184,0.014769632617323114
16,2005,specter,0.7245627196665506,0.7262528654388796,0.0016901457723289548
16,2005,specter2,0.6738905618257691,0.6752190915621122,0.0013285297363431203
16,2005,scincl,0.6904693618650595,0.691673103814181,0.0012037419491215395
16,2005,scibert,0.6121181871914392,0.6407001857979705,0.028581998606531323
16,2005,bert,0.5966480870538445,0.6091764721601711,0.01252838510632659
16,2005,mpnet,0.8115237812770858,0.810987752562072,-0.0005360287150137921
16,2005,pubmedbert,0.5864246702902718,0.6058785350463748,0.019453864756103
16,2005,biobert,0.5906323626795725,0.6074514918169039,0.016819129137331412
16,2005,simcse,0.604312428446239,0.6163179622105935,0.012005533764354537
16,2010,specter,0.7346403839937669,0.7395608452401065,0.0049204612463396025
16,2010,specter2,0.6907845899785601,0.693128439556667,0.00234384957810696
16,2010,scincl,0.7067847082249504,0.7089977220880058,0.002213013863055391
16,2010,scibert,0.6156743695351538,0.641980507199634,0.0263061376644802
16,2010,bert,0.5968643607999751,0.6103775909406354,0.013513230140660304
16,2010,mpnet,0.8203054700613764,0.8195862822206349,-0.000719187840741542
16,2010,pubmedbert,0.5830842518218835,0.6025861885817907,0.01950193675990719
16,2010,biobert,0.5815295783949563,0.5982350966340467,0.01670551823909039
16,2010,simcse,0.599085471727769,0.6125048157050367,0.013419343977267628
16,2015,specter,0.7386858983136035,0.7443027736022146,0.005616875288611101
16,2015,specter2,0.7045488746662711,0.7060009151553122,0.0014520404890410177
16,2015,scincl,0.7168771355481094,0.7209620391969579,0.0040849036488485035
16,2015,scibert,0.6170316785849407,0.6454661681423355,0.028434489557394804
16,2015,bert,0.603239538591878,0.6176897121490894,0.014450173557211454
16,2015,mpnet,0.824235645791274,0.8249622380441163,0.0007265922528423285
16,2015,pubmedbert,0.5906058955388325,0.6134722666185946,0.022866371079762082
16,2015,biobert,0.5932237722817869,0.6145344524105449,0.02131068012875803
16,2015,simcse,0.5937096576902694,0.6073680739746166,0.013658416284347163
16,2020,specter,0.7467055281540251,0.7555508021945353,0.008845274040510165
16,2020,specter2,0.7173130189334528,0.7200411076209257,0.002728088687472874
16,2020,scincl,0.7330274463977948,0.7388551546042585,0.005827708206463722
16,2020,scibert,0.6220087694292697,0.6533632292513747,0.03135445982210494
16,2020,bert,0.6062082034390093,0.6248695932068696,0.01866138976786036
16,2020,mpnet,0.8339685254941902,0.8366815849718273,0.002713059477637114
16,2020,pubmedbert,0.595181590027183,0.6228225814689189,0.02764099144173593
16,2020,biobert,0.6088677513205206,0.6331070381152986,0.024239286794777937
16,2020,simcse,0.5887276070357941,0.6056371420787817,0.016909535042987645
17,2000,specter,0.7083507654423722,0.7073613248915871,-0.0009894405507850923
17,2000,specter2,0.6949965977536655,0.6939038536299224,-0.0010927441237431612
17,2000,scincl,0.7501044944127933,0.7488296303605178,-0.001274864052275504
17,2000,scibert,0.5320027176338151,0.5366224627982688,0.004619745164453626
17,2000,bert,0.5434185009903604,0.5476135763869592,0.004195075396598802
17,2000,mpnet,0.8341269841670529,0.8322601989991071,-0.0018667851679458058
17,2000,pubmedbert,0.4948652370343179,0.49887349004215886,0.004008253007840967
17,2000,biobert,0.5012199554649295,0.5056607015438372,0.004440746078907765
17,2000,simcse,0.5833944151425503,0.585585371037055,0.002190955894504687
17,2005,specter,0.7188128783830711,0.7173834125281952,-0.001429465854875911
17,2005,specter2,0.6987159114074589,0.6973104604197563,-0.0014054509877026167
17,2005,scincl,0.7472528567550621,0.7454920958567396,-0.0017607608983225553
17,2005,scibert,0.4937260859944075,0.49905810894359026,0.00533202294918278
17,2005,bert,0.5362180133020995,0.5408917931733279,0.004673779871228412
17,2005,mpnet,0.8299349473527796,0.82812113662035,-0.0018138107324295882
17,2005,pubmedbert,0.4798796972969008,0.4844055523582329,0.004525855061332129
17,2005,biobert,0.4926716947780729,0.49770197341099687,0.00503027863292399
17,2005,simcse,0.5864342917411949,0.5888848750204626,0.0024505832792677262
17,2010,specter,0.7198527623500934,0.7174893417935174,-0.0023634205565760125
17,2010,specter2,0.7055605371658111,0.7035987889707539,-0.0019617481950572335
17,2010,scincl,0.7432235782613653,0.7408033019578285,-0.002420276303536806
17,2010,scibert,0.4864729268067931,0.49273538038197123,0.0062624535751781285
17,2010,bert,0.5208657766002377,0.527846336231759,0.0069805596315213325
17,2010,mpnet,0.8261585022515348,0.823392126893074,-0.002766375358460804
17,2010,pubmedbert,0.4824437874950791,0.4881893062640191,0.005745518768939972
17,2010,biobert,0.4848130552574168,0.49168271116315165,0.0068696559057348505
17,2010,simcse,0.5753500042495157,0.577761043097465,0.002411038847949354
17,2015,specter,0.733074870949744,0.7310454654592382,-0.0020294054905057868
17,2015,specter2,0.7343958407044925,0.7328008113060703,-0.0015950293984221542
17,2015,scincl,0.7551718282808382,0.7531654552404337,-0.002006373040404519
17,2015,scibert,0.5325505798327281,0.5454013237921868,0.012850743959458621
17,2015,bert,0.5342823144063629,0.5438540463194953,0.00957173191313243
17,2015,mpnet,0.8351269505204492,0.833078999109672,-0.0020479514107771823
17,2015,pubmedbert,0.49692389641801665,0.5076632005674095,0.010739304149392892
17,2015,biobert,0.5013941968781381,0.5139699436168309,0.012575746738692772
17,2015,simcse,0.574683136828688,0.5784392791814472,0.0037561423527592286
17,2020,specter,0.7599217753160565,0.7583100693155229,-0.0016117060005336192
17,2020,specter2,0.7563809222748376,0.7552177514714329,-0.0011631708034046673
17,2020,scincl,0.7854605248006535,0.7849366854326928,-0.0005238393679607434
17,2020,scibert,0.5738014695740074,0.5899670369341024,0.016165567360095
17,2020,bert,0.5641597532154211,0.5743954818021205,0.01023572858669941
17,2020,mpnet,0.8569604173318398,0.8566133387593026,-0.0003470785725372405
17,2020,pubmedbert,0.5459897567603063,0.5597000938546048,0.013710337094298586
17,2020,biobert,0.5543152321133031,0.5686571052039336,0.014341873090630508
17,2020,simcse,0.577271544873254,0.581353156570604,0.004081611697349996
18,2000,specter,0.7053880087386821,0.7046574487383044,-0.0007305600003777446
18,2000,specter2,0.6973246829994542,0.6965101890815508,-0.0008144939179033361
18,2000,scincl,0.7406923147128657,0.7394414447504826,-0.0012508699623831054
18,2000,scibert,0.5041978932250054,0.517701830947464,0.013503937722458614
18,2000,bert,0.5457545224599993,0.5520526470739331,0.006298124613933753
18,2000,mpnet,0.8266515474426651,0.8255849739122487,-0.0010665735304163926
18,2000,pubmedbert,0.48031483795337565,0.48928625356891525,0.008971415615539602
18,2000,biobert,0.5146659738590053,0.5245459543357558,0.009879980476750538
18,2000,simcse,0.587532458565214,0.5909855048436703,0.0034530462784563287
18,2005,specter,0.7049389157548467,0.7043972332008492,-0.0005416825539974468
18,2005,specter2,0.700432150836717,0.6996731149761108,-0.0007590358606061054
18,2005,scincl,0.7383220871201076,0.7379349819063097,-0.0003871052137979225
18,2005,scibert,0.47745494577201575,0.4897147442735304,0.012259798501514652
18,2005,bert,0.5233482289568423,0.5296570542841149,0.006308825327272616
18,2005,mpnet,0.8253948042176912,0.8235262122278435,-0.0018685919898476788
18,2005,pubmedbert,0.45739111449209585,0.4656993422030777,0.00830822771098183
18,2005,biobert,0.4889070635250629,0.4972908747182619,0.008383811193198976
18,2005,simcse,0.5756720551640542,0.5806537649712578,0.004981709807203583
18,2010,specter,0.7066950531026817,0.7034464994202998,-0.0032485536823818606
18,2010,specter2,0.7132081698941569,0.7099658920179316,-0.00324227787622533
18,2010,scincl,0.7451492138435113,0.7414743185142358,-0.0036748953292754516
18,2010,scibert,0.48603951579174653,0.4999583568866882,0.01391884109494168
18,2010,bert,0.5111118006990379,0.5207564840652864,0.009644683366248463
18,2010,mpnet,0.8292302278744834,0.824954509262269,-0.00427571861221443
18,2010,pubmedbert,0.4720420003294768,0.4824305320860033,0.010388531756526487
18,2010,biobert,0.4864481140992337,0.4982480359452571,0.011799921846023353
18,2010,simcse,0.5647718735343555,0.5688382974005105,0.004066423866154967
18,2015,specter,0.7254946631084233,0.7236281191673894,-0.0018665439410338047
18,2015,specter2,0.7357796598223348,0.7322932764510008,-0.003486383371334001
18,2015,scincl,0.7622401353399421,0.75893251271928,-0.0033076226206620873
18,2015,scibert,0.5555081088817233,0.5710430659100763,0.015534957028352947
18,2015,bert,0.5379383567020369,0.548473288195964,0.010534931493927036
18,2015,mpnet,0.840926741548844,0.8379368512924141,-0.002989890256429817
18,2015,pubmedbert,0.5055396722334309,0.5184264136607662,0.012886741427335369
18,2015,biobert,0.5366817062601507,0.5498143895259681,0.013132683265817402
18,2015,simcse,0.57625684401026,0.5815180094525784,0.005261165442318361
18,2020,specter,0.7452908480064568,0.7447248122252605,-0.0005660357811962946
18,2020,specter2,0.7546927403549698,0.7520193673945414,-0.002673372960428355
18,2020,scincl,0.7800321848042154,0.7777316755686958,-0.00230050923551961
18,2020,scibert,0.5658481991641324,0.5841042916173252,0.018256092453192818
18,2020,bert,0.5430914432944324,0.5543687788397487,0.011277335545316292
18,2020,mpnet,0.8558048199886641,0.8531033311693474,-0.002701488819316644
18,2020,pubmedbert,0.5105415324487698,0.5251019225234053,0.014560390074635499
18,2020,biobert,0.5406827612799214,0.5550837196580736,0.01440095837815214
18,2020,simcse,0.5741899060592567,0.5806782489427725,0.006488342883515852
19,2000,specter,0.7406517895757786,0.749186325183326,0.008534535607547356
19,2000,specter2,0.7020211456189861,0.703157286744719,0.0011361411257329035
19,2000,scincl,0.7668507020251404,0.7721970603201102,0.005346358294969766
19,2000,scibert,0.5582704229494769,0.6036517687773331,0.045381345827856134
19,2000,bert,0.6284321139603573,0.6598014631030433,0.031369349142686076
19,2000,mpnet,0.8361363985548412,0.8368318573601723,0.0006954588053310617
19,2000,pubmedbert,0.5513208274729495,0.5802822820071549,0.0289614545342054
19,2000,biobert,0.5085987562748722,0.5390326625991884,0.030433906324316196
19,2000,simcse,0.596490732032635,0.6170670977467761,0.02057636571414112
19,2005,specter,0.7471176506128135,0.7527232490518027,0.005605598438989112
19,2005,specter2,0.7159290466067958,0.7170416310805448,0.0011125844737489565
19,2005,scincl,0.7673714344129395,0.7714816860076317,0.004110251594692138
19,2005,scibert,0.5800054470512308,0.6206069164614212,0.04060146941019038
19,2005,bert,0.6401831858694464,0.6715521500330465,0.03136896416360002
19,2005,mpnet,0.8401250569223324,0.838273917492262,-0.0018511394300704254
19,2005,pubmedbert,0.5785264058842519,0.6049413729258837,0.02641496704163182
19,2005,biobert,0.5676881631476522,0.5964255044521611,0.02873734130450889
19,2005,simcse,0.6082610454453827,0.6282399047627116,0.0199788593173289
19,2010,specter,0.7535470394498067,0.7609637564059387,0.007416716956131997
19,2010,specter2,0.7220258989733234,0.7240736393909264,0.002047740417603028
19,2010,scincl,0.7657161640774938,0.7708718737696633,0.005155709692169497
19,2010,scibert,0.5673742066968982,0.6081943362375407,0.040820129540642514
19,2010,bert,0.6292569666889529,0.6652874017396564,0.03603043505070347
19,2010,mpnet,0.8421400139560558,0.8414097831647109,-0.0007302307913448214
19,2010,pubmedbert,0.5710929926140165,0.6014090041287128,0.030316011514696317
19,2010,biobert,0.5616455065591118,0.5930483256313688,0.03140281907225695
19,2010,simcse,0.5956689168404845,0.6175003483561352,0.0218314315156507
19,2015,specter,0.7565409330977839,0.7647279953875084,0.008187062289724434
19,2015,specter2,0.7367235198077169,0.7384841615442806,0.0017606417365637617
19,2015,scincl,0.7734909387899773,0.7793218492528905,0.005830910462913175
19,2015,scibert,0.5917695469933419,0.6329683175035024,0.04119877051016041
19,2015,bert,0.6428867661070675,0.6767271568802319,0.033840390773164364
19,2015,mpnet,0.8459154742736461,0.8457997614733419,-0.00011571280030420183
19,2015,pubmedbert,0.5840630985783879,0.6119489051043722,0.02788580652598427
19,2015,biobert,0.5674214628644916,0.5960970523657666,0.028675589501275023
19,2015,simcse,0.6088783667626044,0.629783886711694,0.020905519949089624
19,2020,specter,0.7684771578845981,0.7782271161606649,0.009749958276066728
19,2020,specter2,0.7426555767822515,0.74534691214852,0.0026913353662685324
19,2020,scincl,0.7814126566452584,0.7910623131460328,0.009649656500774428
19,2020,scibert,0.6258799158778403,0.665250495024549,0.03937057914670872
19,2020,bert,0.6644103458336311,0.7009856774623197,0.036575331628688534
19,2020,mpnet,0.8527382924702723,0.8547174120362747,0.0019791195660023853
19,2020,pubmedbert,0.5864916588308683,0.6147134009660844,0.02822174213521611
19,2020,biobert,0.5735695537414339,0.6009699747732482,0.02740042103181428
19,2020,simcse,0.621344949356267,0.6437386471513241,0.022393697795057066
20,2000,specter,0.6879712629162927,0.6866091327817716,-0.0013621301345211334
20,2000,specter2,0.6973110600235515,0.6950615825562865,-0.002249477467265004
20,2000,scincl,0.7086888460122183,0.7065255767610567,-0.0021632692511616147
20,2000,scibert,0.5050670421722527,0.5187893593620023,0.013722317189749589
20,2000,bert,0.5388985656979466,0.5466794007452219,0.007780835047275336
20,2000,mpnet,0.8171669895390582,0.8135841797525791,-0.0035828097864790687
20,2000,pubmedbert,0.4101237918201584,0.41770656917518995,0.007582777355031545
20,2000,biobert,0.44539252803889773,0.4573574122271753,0.01196488418827757
20,2000,simcse,0.5670047200213291,0.5715366730022541,0.004531952980925014
20,2005,specter,0.6892398159473153,0.6882577414351401,-0.000982074512175246
20,2005,specter2,0.6935403551776463,0.691430440187063,-0.002109914990583328
20,2005,scincl,0.7062618574736618,0.7046339736913374,-0.0016278837823243686
20,2005,scibert,0.490452850737505,0.5033162287751451,0.01286337803764015
20,2005,bert,0.5340153762735032,0.5421773238249998,0.008161947551496684
20,2005,mpnet,0.8130286967208662,0.8102236060390398,-0.0028050906818264387
20,2005,pubmedbert,0.4040867711947163,0.4109009224089414,0.006814151214225073
20,2005,biobert,0.4457694476514857,0.4574407686953224,0.011671321043836724
20,2005,simcse,0.5658526443282357,0.5700416262140653,0.004188981885829612
20,2010,specter,0.6908655121638032,0.6905886314421985,-0.0002768807216046998
20,2010,specter2,0.709866633965522,0.7080405228690739,-0.0018261110964480354
20,2010,scincl,0.7155483966795638,0.7142167502275095,-0.0013316464520543025
20,2010,scibert,0.5152051197088838,0.5355882328758956,0.0203831131670118
20,2010,bert,0.5394092050915108,0.5529110323749831,0.013501827283472267
20,2010,mpnet,0.8182755108406121,0.815388227807362,-0.002887283033250143
20,2010,pubmedbert,0.41627525466295917,0.43095799516214744,0.014682740499188274
20,2010,biobert,0.45064331234318766,0.4706564377152673,0.02001312537207961
20,2010,simcse,0.566597856520427,0.5735654025947597,0.006967546074332698
20,2015,specter,0.690293524316064,0.6880299510622505,-0.0022635732538135445
20,2015,specter2,0.7067033075220812,0.7025150038995146,-0.004188303622566614
20,2015,scincl,0.7142392947290033,0.7112244795397296,-0.003014815189273712
20,2015,scibert,0.5303795646959877,0.5531553334966316,0.022775768800643914
20,2015,bert,0.5433447636115876,0.5578746569381615,0.01452989332657395
20,2015,mpnet,0.8191020963464669,0.8152572889745003,-0.0038448073719665743
20,2015,pubmedbert,0.42667432107252834,0.4422794363265563,0.015605115254027968
20,2015,biobert,0.4374154317185004,0.4565279387762444,0.019112507057744033
20,2015,simcse,0.5698930180754779,0.5758500237803517,0.005957005704873786
20,2020,specter,0.6925704473610652,0.6933474001089883,0.0007769527479231098
20,2020,specter2,0.7098186086005531,0.7058073360662034,-0.004011272534349741
20,2020,scincl,0.7207334293706663,0.7186232371216208,-0.002110192249045517
20,2020,scibert,0.5416875310804159,0.5750781302880213,0.033390599207605454
20,2020,bert,0.5575363299644526,0.5789492061619207,0.021412876197468123
20,2020,mpnet,0.8305382474094484,0.8275231446719001,-0.0030151027375482364
20,2020,pubmedbert,0.43456445446875563,0.4614350372464659,0.02687058277771026
20,2020,biobert,0.43784722897688966,0.46596543573073834,0.028118206753848685
20,2020,simcse,0.5677971339609739,0.5757056428943035,0.007908508933329617
21,2000,specter,0.8188096382071387,0.8212745190232286,0.002464880816089865
21,2000,specter2,0.7772196193846445,0.7794153973103256,0.0021957779256811527
21,2000,scincl,0.8219094545188874,0.8226983987614956,0.0007889442426082249
21,2000,scibert,0.669751854124415,0.689941176712306,0.02018932258789108
21,2000,bert,0.722704887226585,0.7366296371878718,0.013924749961286786
21,2000,mpnet,0.8877142405702236,0.8869467141835905,-0.0007675263866331328
21,2000,pubmedbert,0.6467062814237512,0.6624907658693648,0.015784484445613645
21,2000,biobert,0.6648071882617493,0.6809004815558561,0.016093293294106803
21,2000,simcse,0.6899440588782217,0.7006216970429099,0.010677638164688141
21,2005,specter,0.8380827534591886,0.8408654951156533,0.002782741656464749
21,2005,specter2,0.8033767081236598,0.8045954974196416,0.001218789295981848
21,2005,scincl,0.8339461157077636,0.8352198088783068,0.0012736931705432664
21,2005,scibert,0.6927695606512102,0.7031861254815365,0.01041656483032627
21,2005,bert,0.7355629142462791,0.7444744823952724,0.008911568148993299
21,2005,mpnet,0.8979174065949508,0.8989382830636579,0.001020876468707077
21,2005,pubmedbert,0.6777893642192425,0.6869158424044328,0.009126478185190301
21,2005,biobert,0.7036472428219637,0.713110951753316,0.009463708931352288
21,2005,simcse,0.7013788329779636,0.7078999392276214,0.006521106249657849
21,2010,specter,0.8572991191074707,0.8605744671299356,0.0032753480224648746
21,2010,specter2,0.8297933775413271,0.8318715889728695,0.0020782114315424094
21,2010,scincl,0.8535208804371754,0.8546345427054572,0.001113662268281801
21,2010,scibert,0.721666441261921,0.7344591259128569,0.01279268465093586
21,2010,bert,0.7434421185680304,0.7538645795903771,0.010422461022346674
21,2010,mpnet,0.9135299944232048,0.9145409959717785,0.0010110015485736978
21,2010,pubmedbert,0.7062140303127991,0.7169964850884567,0.010782454775657646
21,2010,biobert,0.7336457829800911,0.7440709929734736,0.010425209993382478
21,2010,simcse,0.7097850017723806,0.7164772884375777,0.006692286665197167
21,2015,specter,0.8637655364998288,0.8686146153487808,0.0048490788489520265
21,2015,specter2,0.8534166418719872,0.8558891513759537,0.0024725095039664913
21,2015,scincl,0.8626637618603706,0.8652895588266659,0.0026257969662952796
21,2015,scibert,0.7487331791836478,0.7624950544075323,0.013761875223884501
21,2015,bert,0.7597069346590816,0.771562342694008,0.011855408034926462
21,2015,mpnet,0.9198809999461295,0.9217295533106286,0.0018485533644990726
21,2015,pubmedbert,0.7193534720224004,0.7319585450354512,0.012605073013050805
21,2015,biobert,0.7508437757304224,0.7628920962160809,0.012048320485658515
21,2015,simcse,0.7125899444259651,0.7199807635607389,0.007390819134773796
21,2020,specter,0.8634340419862878,0.8702171564096135,0.006783114423325687
21,2020,specter2,0.8590492462713276,0.8624339560263079,0.0033847097549802863
21,2020,scincl,0.8645153154152094,0.8682064161889845,0.0036911007737751023
21,2020,scibert,0.7455199634351956,0.7617509514137254,0.016230987978529843
21,2020,bert,0.7545308362529825,0.7688478235559467,0.014316987302964268
21,2020,mpnet,0.9192780603707931,0.9219944869937515,0.0027164266229584566
21,2020,pubmedbert,0.7190898717305914,0.7347529261757605,0.015663054445169133
21,2020,biobert,0.7483224310644472,0.7628320033811573,0.014509572316710129
21,2020,simcse,0.6924796383145351,0.7020696971328556,0.009590058818320535
22,2000,specter,0.6692286806706175,0.6715103652928434,0.002281684622225888
22,2000,specter2,0.6366764258156349,0.6381252562669137,0.0014488304512788597
22,2000,scincl,0.7001074001775915,0.7014989843454477,0.0013915841678561192
22,2000,scibert,0.4880301019533029,0.4974222622087783,0.009392160255475401
22,2000,bert,0.5213154167512449,0.5278898617182699,0.006574444967024973
22,2000,mpnet,0.8000390799210254,0.8003405162862728,0.00030143636524737616
22,2000,pubmedbert,0.46822661274187005,0.47583136900890927,0.007604756267039214
22,2000,biobert,0.48806846614849747,0.49589385172745976,0.007825385578962285
22,2000,simcse,0.5483504991947827,0.5523999012640616,0.00404940206927884
22,2005,specter,0.6705986593494228,0.6720714370447504,0.0014727776953276095
22,2005,specter2,0.638944156708266,0.6396639735309302,0.0007198168226641988
22,2005,scincl,0.6949441704453042,0.6956394786928518,0.0006953082475475991
22,2005,scibert,0.4566664079354418,0.46486736640894205,0.008200958473500275
22,2005,bert,0.5142880715549867,0.5206129406089283,0.006324869053941584
22,2005,mpnet,0.7951055901552668,0.7949909228654118,-0.00011466728985498609
22,2005,pubmedbert,0.45076852955846386,0.4576540147575326,0.0068854851990687305
22,2005,biobert,0.46951496182297636,0.47637367446729717,0.006858712644320808
22,2005,simcse,0.5493882067258167,0.5526898487279912,0.003301642002174532
22,2010,specter,0.6866924995417529,0.6878461199697852,0.0011536204280322426
22,2010,specter2,0.6565367948304849,0.6569383011697921,0.0004015063393072449
22,2010,scincl,0.7028845181196516,0.7032558892615007,0.00037137114184915276
22,2010,scibert,0.4586605260776643,0.4692119726533078,0.010551446575643497
22,2010,bert,0.5177031665945993,0.5276337126396115,0.0099305460450122
22,2010,mpnet,0.8005563910027325,0.7997341216480688,-0.0008222693546636739
22,2010,pubmedbert,0.46217390114512247,0.4717805259984106,0.009606624853288115
22,2010,biobert,0.4749917032136257,0.48461542206825475,0.009623718854629038
22,2010,simcse,0.5557188903395042,0.5598934049007146,0.0041745145612104295
22,2015,specter,0.7092962061236279,0.7115585369163258,0.0022623307926978864
22,2015,specter2,0.6901918509366488,0.6915915321400932,0.0013996812034443584
22,2015,scincl,0.7243822908811552,0.7258760837213748,0.0014937928402195544
22,2015,scibert,0.5181984886843539,0.5338658609416727,0.015667372257318735
22,2015,bert,0.540221608433288,0.5523331907337833,0.01211158230049525
22,2015,mpnet,0.8152516682469506,0.815035063789715,-0.00021660445723559185
22,2015,pubmedbert,0.49330806974252855,0.5072152634083434,0.013907193665814888
22,2015,biobert,0.5111017272105071,0.5241009862120217,0.012999259001514663
22,2015,simcse,0.567871423949788,0.5727895633605755,0.004918139410787559
22,2020,specter,0.7189075013916933,0.7231685634023194,0.004261062010626038
22,2020,specter2,0.7051881051062464,0.7074144343645247,0.002226329258278259
22,2020,scincl,0.7349046623898227,0.7378988147305109,0.0029941523406882276
22,2020,scibert,0.5160035629557906,0.5348177670739818,0.018814204118191125
22,2020,bert,0.5590683440868265,0.5740253671265773,0.014957023039750772
22,2020,mpnet,0.8213481125578788,0.82266896867511,0.001320856117231206
22,2020,pubmedbert,0.5048731830114459,0.5223573112509379,0.01748412823949197
22,2020,biobert,0.5378697088958294,0.5539247533243917,0.016055044428562315
22,2020,simcse,0.5736848491239955,0.5808805946415796,0.007195745517584062
23,2000,specter,0.744567936242444,0.747334247714501,0.0027663114720569704
23,2000,specter2,0.7145029988726717,0.7149064731443906,0.0004034742717189399
23,2000,scincl,0.7594844082632488,0.7601586663789616,0.0006742581157127558
23,2000,scibert,0.5287066714297426,0.5670683413864201,0.03836166995667756
23,2000,bert,0.6097136341171793,0.6359796734820954,0.026266039364916116
23,2000,mpnet,0.8282076484031535,0.8264020403655963,-0.0018056080375572492
23,2000,pubmedbert,0.4953481486041193,0.5228630850584665,0.02751493645434716
23,2000,biobert,0.5180521800159897,0.544693364384019,0.026641184368029314
23,2000,simcse,0.5627374688932629,0.5824088437220856,0.01967137482882264
23,2005,specter,0.753250686688171,0.7555370353278259,0.0022863486396549337
23,2005,specter2,0.7264820606768972,0.7270266053565346,0.0005445446796373821
23,2005,scincl,0.7655162971275445,0.7664435126934849,0.0009272155659403314
23,2005,scibert,0.531792224274203,0.5661181480723416,0.03432592379813859
23,2005,bert,0.6182874045076248,0.6434392882049911,0.025151883697366317
23,2005,mpnet,0.8353380479902726,0.8324162249514139,-0.002921823038858684
23,2005,pubmedbert,0.515721692445023,0.5423723366588561,0.02665064421383312
23,2005,biobert,0.548554464978049,0.5739035127727401,0.02534904779469105
23,2005,simcse,0.5853644346489382,0.6031147818848012,0.017750347235862995
23,2010,specter,0.7557123959030572,0.7585973588836792,0.002884962980622019
23,2010,specter2,0.7332404388524384,0.7334633425895807,0.00022290373714228817
23,2010,scincl,0.7665797630066349,0.7688037123605771,0.0022239493539422117
23,2010,scibert,0.5251755141263842,0.5577753772928515,0.03259986316646735
23,2010,bert,0.6047900374579154,0.6311423473893603,0.026352309931444884
23,2010,mpnet,0.8391548203307768,0.8368010542407498,-0.0023537660900270208
23,2010,pubmedbert,0.5081273047150769,0.5347384170608103,0.026611112345733323
23,2010,biobert,0.5337545163511948,0.5599884750992743,0.026233958748079544
23,2010,simcse,0.5751418886736566,0.5922747132674644,0.017132824593807827
23,2015,specter,0.7625171171727785,0.7656853942105696,0.0031682770377911007
23,2015,specter2,0.743432620503829,0.7424047815227501,-0.0010278389810788324
23,2015,scincl,0.7716130351856869,0.7730633024307445,0.0014502672450575904
23,2015,scibert,0.5486413426045335,0.5859221843789779,0.03728084177444446
23,2015,bert,0.6077475393737749,0.6379107796838737,0.03016324031009876
23,2015,mpnet,0.8439385310631116,0.8425744730300258,-0.0013640580330858132
23,2015,pubmedbert,0.5132167368064481,0.5422475154670989,0.029030778660650847
23,2015,biobert,0.5187134005107732,0.5458904010973135,0.027177000586540268
23,2015,simcse,0.5733041098914512,0.5940827392732674,0.020778629381816183
23,2020,specter,0.7562789427607696,0.7612326226275511,0.004953679866781524
23,2020,specter2,0.7444140834405556,0.7428386500917212,-0.0015754333488343653
23,2020,scincl,0.7709713980525542,0.7734461515296194,0.0024747534770651614
23,2020,scibert,0.5481877587243836,0.5867453952098944,0.038557636485510804
23,2020,bert,0.6037661965249556,0.6387929312243917,0.03502673469943618
23,2020,mpnet,0.8454769641956635,0.8450092399302485,-0.0004677242654150815
23,2020,pubmedbert,0.5085801949229705,0.5416887502517743,0.03310855532880386
23,2020,biobert,0.5299728871590553,0.5600214760163439,0.03004858885728856
23,2020,simcse,0.5626980200967753,0.5854228179401599,0.02272479784338466
24,2000,specter,0.7364285176174897,0.7412869768089235,0.004858459191433795
24,2000,specter2,0.6897499348483661,0.6910852359311652,0.0013353010827991119
24,2000,scincl,0.7400255234738288,0.7417087479878477,0.0016832245140189217
24,2000,scibert,0.5627827873207962,0.6103343616857421,0.04755157436494584
24,2000,bert,0.5709769686187117,0.6113489291077383,0.04037196048902658
24,2000,mpnet,0.8323957998937416,0.8316141223338388,-0.0007816775599027714
24,2000,pubmedbert,0.5150913695360861,0.5529737635009275,0.03788239396484139
24,2000,biobert,0.5728630882853607,0.6081635758358662,0.03530048755050552
24,2000,simcse,0.5088410736654273,0.5375490328585752,0.028707959193147947
24,2005,specter,0.7364936006335768,0.7402871545622508,0.003793553928673976
24,2005,specter2,0.6935731539346769,0.6940786480741319,0.0005054941394549983
24,2005,scincl,0.7406645094044757,0.7429579487676982,0.0022934393632224603
24,2005,scibert,0.5468735333975983,0.593905447026594,0.047031913628995725
24,2005,bert,0.5808655747771976,0.62472716593936,0.04386159116216237
24,2005,mpnet,0.8311325969992739,0.8284782321286186,-0.0026543648706552903
24,2005,pubmedbert,0.49432111025922265,0.531980644947036,0.037659534687813356
24,2005,biobert,0.5414417210594991,0.5773071467720058,0.03586542571250673
24,2005,simcse,0.5199928035623057,0.5519192361650849,0.031926432602779165
24,2010,specter,0.7500098190818981,0.7533280528330415,0.0033182337511433735
24,2010,specter2,0.7118445983075034,0.7127494276723741,0.0009048293648707961
24,2010,scincl,0.7509444650166576,0.7527539803743495,0.0018095153576919154
24,2010,scibert,0.5531118082205702,0.6005201205468607,0.0474083123262905
24,2010,bert,0.5988735159399498,0.6445544138898768,0.045680897949927024
24,2010,mpnet,0.8373688825251824,0.835784457674349,-0.0015844248508334324
24,2010,pubmedbert,0.5107529398885248,0.5489824477357845,0.03822950784725976
24,2010,biobert,0.5699223037167312,0.6062133783517116,0.03629107463498038
24,2010,simcse,0.5312939853401165,0.5641517707750959,0.032857785434979414
24,2015,specter,0.7547318463008206,0.757455291038273,0.0027234447374524517
24,2015,specter2,0.7301493674044623,0.72934751107684,-0.0008018563276223079
24,2015,scincl,0.7570506751037507,0.7588608633039207,0.001810188200169982
24,2015,scibert,0.5821392102625289,0.6313414493924193,0.04920223912989041
24,2015,bert,0.6273151606418865,0.6751663758418621,0.047851215199975594
24,2015,mpnet,0.8418673032911514,0.8410747455096909,-0.00079255778146059
24,2015,pubmedbert,0.5364946361570087,0.576743911826828,0.040249275669819395
24,2015,biobert,0.5936493138071491,0.6318069022478638,0.03815758844071471
24,2015,simcse,0.5572948798019857,0.5917361264608925,0.0344412466589068
24,2020,specter,0.7556180149288385,0.7581909398277504,0.0025729248989119213
24,2020,specter2,0.739846728449915,0.7391863200042798,-0.0006604084456351966
24,2020,scincl,0.7598038348011619,0.7605557694220187,0.0007519346208568756
24,2020,scibert,0.5931193833500663,0.6460085945053439,0.05288921115527756
24,2020,bert,0.6303401985037902,0.6839668689795395,0.053626670475749316
24,2020,mpnet,0.8474938888514465,0.8472805149531613,-0.00021337389828524067
24,2020,pubmedbert,0.5559367425273438,0.6022477505671204,0.04631100803977661
24,2020,biobert,0.6215793090552688,0.6652664282732411,0.0436871192179723
24,2020,simcse,0.5507623706839228,0.5904742043471978,0.03971183366327502
25,2000,specter,0.6790203162120966,0.6809822918277448,0.0019619756156482593
25,2000,specter2,0.6631961345128523,0.6638515158308103,0.0006553813179579482
25,2000,scincl,0.7020341804270819,0.7046858491258223,0.0026516686987404503
25,2000,scibert,0.5219335835633288,0.5457983722697133,0.023864788706384532
25,2000,bert,0.5001077738915172,0.5140236044789951,0.013915830587477918
25,2000,mpnet,0.817723059625689,0.8173525577109079,-0.0003705019147811628
25,2000,pubmedbert,0.48740825299050056,0.5052784359100014,0.017870182919500877
25,2000,biobert,0.5226417540301677,0.5394281181608874,0.016786364130719766
25,2000,simcse,0.49372436072714465,0.5028610574337844,0.009136696706639746
25,2005,specter,0.6882943219594543,0.6924512855334733,0.004156963574019068
25,2005,specter2,0.6745751827319992,0.6765869039051473,0.0020117211731480733
25,2005,scincl,0.7075004607141168,0.7111754447339406,0.0036749840198238015
25,2005,scibert,0.5405489698692338,0.5634503312694409,0.022901361400207043
25,2005,bert,0.5119174151379478,0.5277288359037161,0.015811420765768358
25,2005,mpnet,0.815415623798249,0.8159546246458367,0.0005390008475877339
25,2005,pubmedbert,0.5187927318425211,0.5370200147066405,0.018227282864119454
25,2005,biobert,0.5458991828322178,0.5624695024355247,0.016570319603306904
25,2005,simcse,0.5062527716316225,0.5175299009859269,0.01127712935430436
25,2010,specter,0.7013349940173544,0.7064249923332513,0.005089998315896849
25,2010,specter2,0.6922655312401641,0.6946253724280471,0.002359841187883016
25,2010,scincl,0.7170887747829723,0.7212142697256072,0.004125494942634922
25,2010,scibert,0.5512179502544083,0.5708396391001076,0.01962168884569926
25,2010,bert,0.5141284519569426,0.5282700810452265,0.01414162908828398
25,2010,mpnet,0.826432956767672,0.8283221428169005,0.0018891860492284973
25,2010,pubmedbert,0.5256825647396812,0.5405969836242354,0.014914418884554137
25,2010,biobert,0.558661692390037,0.5723242032517768,0.013662510861739752
25,2010,simcse,0.5091804529863605,0.5167895226789749,0.007609069692614434
25,2015,specter,0.7086555795265299,0.7147664102674944,0.0061108307409645235
25,2015,specter2,0.7070016539601519,0.7098202487798266,0.0028185948196747246
25,2015,scincl,0.7239692239454235,0.7289200124267229,0.004950788481299373
25,2015,scibert,0.5459102815245739,0.5676419234415294,0.021731641916955535
25,2015,bert,0.520573184971545,0.5388015400447983,0.018228355073253266
25,2015,mpnet,0.8283076219784812,0.8305099867061331,0.0022023647276518954
25,2015,pubmedbert,0.5248028582394192,0.5415618659317439,0.016759007692324746
25,2015,biobert,0.5554270322292009,0.5719560636394241,0.016529031410223216
25,2015,simcse,0.5087022446000367,0.5184258879437571,0.009723643343720445
25,2020,specter,0.7257366222382142,0.7344489672887325,0.008712345050518322
25,2020,specter2,0.7276826229114574,0.7298604156873599,0.002177792775902576
25,2020,scincl,0.738805491449333,0.7455689918084935,0.0067635003591604015
25,2020,scibert,0.5448388690608335,0.5735723951011605,0.028733526040327084
25,2020,bert,0.5426316867301011,0.5669521648254808,0.02432047809537974
25,2020,mpnet,0.8354217749640528,0.8381899984236867,0.0027682234596339006
25,2020,pubmedbert,0.5254879135838217,0.5498740213055119,0.024386107721690142
25,2020,biobert,0.5599141198578934,0.5832755938877217,0.023361474029828244
25,2020,simcse,0.5364814795944387,0.5525851126434519,0.01610363304901319
26,2000,specter,0.7089171366015772,0.7084923118655512,-0.00042482473602600823
26,2000,specter2,0.6979027602341986,0.6978471486602785,-5.5611573920089086e-05
26,2000,scincl,0.7310930795680806,0.7307435253866125,-0.0003495541814680925
26,2000,scibert,0.5910156162498166,0.6011340969682025,0.010118480718385947
26,2000,bert,0.5305908572859099,0.5346753553619885,0.00408449807607858
26,2000,mpnet,0.842385484318382,0.8413724672713939,-0.001013017046988085
26,2000,pubmedbert,0.48285665233223135,0.48865957269972565,0.005802920367494302
26,2000,biobert,0.4461474450818724,0.4531936229360563,0.007046177854183933
26,2000,simcse,0.5736961950283587,0.5774239264176412,0.003727731389282507
26,2005,specter,0.7120174976566039,0.7114728197690648,-0.0005446778875390912
26,2005,specter2,0.7042467190977517,0.7042755715953455,2.8852497593767623e-05
26,2005,scincl,0.7339742016754176,0.7334608649618459,-0.0005133367135716771
26,2005,scibert,0.6040988683822243,0.6118602006538537,0.007761332271629451
26,2005,bert,0.532444575700568,0.5362321459841566,0.0037875702835885594
26,2005,mpnet,0.8480666462246474,0.8474263379540513,-0.0006403082705961349
26,2005,pubmedbert,0.4961106790640249,0.501263151432311,0.005152472368286143
26,2005,biobert,0.4600565193894363,0.466793534215759,0.006737014826322663
26,2005,simcse,0.5756676909308751,0.5783914640866699,0.002723773155794751
26,2010,specter,0.7190570588475494,0.7187886251947836,-0.00026843365276585374
26,2010,specter2,0.7160669692591607,0.7162725072913646,0.00020553803220391131
26,2010,scincl,0.7452853940352867,0.7453181876191003,3.279358381358399e-05
26,2010,scibert,0.6161528103327134,0.6236512970520423,0.007498486719328845
26,2010,bert,0.5429422070859963,0.5469613970819546,0.004019189995958294
26,2010,mpnet,0.8519549232310766,0.851253213889802,-0.000701709341274559
26,2010,pubmedbert,0.511308031916598,0.5166175102981104,0.005309478381512411
26,2010,biobert,0.4732650014318136,0.4790366521055128,0.005771650673699169
26,2010,simcse,0.5880469579933764,0.5909898863860092,0.002942928392632882
26,2015,specter,0.7366971803205719,0.7366728829092007,-2.42974113711103e-05
26,2015,specter2,0.7305220427044297,0.7313730074197341,0.0008509647153044364
26,2015,scincl,0.758919169538809,0.7584919446391063,-0.00042722489970270505
26,2015,scibert,0.6093256040353554,0.6220461194715318,0.01272051543617636
26,2015,bert,0.5597718785232435,0.568262099503351,0.008490220980107543
26,2015,mpnet,0.8636379565870643,0.862757621726854,-0.00088033486021033
26,2015,pubmedbert,0.5216626837097454,0.531187559460308,0.0095248757505626
26,2015,biobert,0.4760574404669719,0.48671261740400185,0.010655176937029942
26,2015,simcse,0.6147227080795112,0.6192092528869435,0.004486544807432269
26,2020,specter,0.8016212915233257,0.8018584785771303,0.00023718705380459948
26,2020,specter2,0.7762414726050506,0.7763685718687402,0.00012709926368958957
26,2020,scincl,0.8154644481683804,0.8151656664676548,-0.0002987817007256144
26,2020,scibert,0.6654893131965389,0.6791545130274284,0.01366519983088943
26,2020,bert,0.6248612427720666,0.6341847944259962,0.009323551653929618
26,2020,mpnet,0.8906241755715975,0.8894608707252938,-0.00116330484630367
26,2020,pubmedbert,0.6021444098426723,0.6127029740029402,0.010558564160267903
26,2020,biobert,0.5773637203547809,0.5881511501915817,0.01078742983680081
26,2020,simcse,0.68738422230495,0.693118400817003,0.005734178512053045
27,2000,specter,0.6764479394154328,0.6750559148794218,-0.0013920245360109496
27,2000,specter2,0.6384628234681498,0.634471570061026,-0.003991253407123807
27,2000,scincl,0.684088295907189,0.6802042457804556,-0.0038840501267334293
27,2000,scibert,0.42704570417911447,0.4926517393549092,0.06560603517579472
27,2000,bert,0.524507485303403,0.5713404060194137,0.04683292071601075
27,2000,mpnet,0.7914435379369132,0.7849259501182057,-0.006517587818707593
27,2000,pubmedbert,0.37020267953737684,0.42399316254664055,0.0537904830092637
27,2000,biobert,0.4238046376189398,0.4722580622015789,0.048453424582639126
27,2000,simcse,0.48276670900582935,0.5168498180736254,0.03408310906779605
27,2005,specter,0.6764230599005087,0.6743169978109409,-0.0021060620895677618
27,2005,specter2,0.6395165110628713,0.6347263854318613,-0.0047901256310100004
27,2005,scincl,0.6795363464318923,0.6752744529250122,-0.00426189350688011
27,2005,scibert,0.396132140411149,0.4579823194548003,0.061850179043651254
27,2005,bert,0.5026095121067702,0.550553488623754,0.04794397651698379
27,2005,mpnet,0.7877514845266304,0.7801343679472652,-0.007617116579365146
27,2005,pubmedbert,0.3415801093078628,0.39105589174585575,0.04947578243799294
27,2005,biobert,0.3808526311346187,0.4260061509634813,0.04515351982886262
27,2005,simcse,0.4677128757218501,0.5038613920535182,0.0361485163316681
27,2010,specter,0.6852181188883933,0.6839995315380649,-0.0012185873503284261
27,2010,specter2,0.6544337986180082,0.6498381127111833,-0.004595685906824909
27,2010,scincl,0.6862311312178878,0.6827583003152616,-0.0034728309026261783
27,2010,scibert,0.3972947673451338,0.4584072697239127,0.06111250237877891
27,2010,bert,0.5090082600703473,0.5607743254791063,0.051766065408759054
27,2010,mpnet,0.7906619923866469,0.783525405288395,-0.007136587098251934
27,2010,pubmedbert,0.3504877679523753,0.40183777525799685,0.05135000730562156
27,2010,biobert,0.39508066516155926,0.44086102803429134,0.04578036287273207
27,2010,simcse,0.4682984597834372,0.5069748289280233,0.038676369144586054
27,2015,specter,0.6914613135347039,0.691946007176774,0.0004846936420701553
27,2015,specter2,0.6763608833197837,0.6715374949334165,-0.0048233883863672
27,2015,scincl,0.6969598425779547,0.6939647208408813,-0.002995121737073392
27,2015,scibert,0.4172233906838637,0.48683459644576954,0.06961120576190583
27,2015,bert,0.512617896745785,0.5717418763267603,0.05912397958097537
27,2015,mpnet,0.7959557461935549,0.7899160452008926,-0.006039700992662267
27,2015,pubmedbert,0.3666778225188454,0.42540998593936297,0.05873216342051757
27,2015,biobert,0.42556048195921226,0.4801879835109793,0.054627501551767044
27,2015,simcse,0.4704907096275973,0.5145021779242465,0.04401146829664915
27,2020,specter,0.6966754806868777,0.6979810663193029,0.0013055856324252213
27,2020,specter2,0.6828850289004262,0.6776587444311009,-0.005226284469325382
27,2020,scincl,0.7031628507297301,0.7002082687562512,-0.0029545819734788648
27,2020,scibert,0.4346461896178646,0.5061009924972879,0.0714548028794233
27,2020,bert,0.5140228869454597,0.5780732886409661,0.06405040169550635
27,2020,mpnet,0.8017520041004531,0.796399837180173,-0.005352166920280066
27,2020,pubmedbert,0.3839779390047814,0.44704517231320534,0.06306723330842395
27,2020,biobert,0.4531747233665669,0.5111137268823747,0.057939003515807774
27,2020,simcse,0.4702918206267431,0.5167085883900507,0.046416767763307665
28,2000,specter,0.7340750276129283,0.735396861683387,0.0013218340704587161
28,2000,specter2,0.7200810631147049,0.7182282701667233,-0.0018527929479815741
28,2000,scincl,0.7636015335759373,0.7640997884225061,0.0004982548465688463
28,2000,scibert,0.565393993138065,0.6158255118701554,0.0504315187320904
28,2000,bert,0.632656728623243,0.6664482127293935,0.033791484106150516
28,2000,mpnet,0.8462801054459331,0.8440206169252686,-0.0022594885206644877
28,2000,pubmedbert,0.5379052436184208,0.575766751635088,0.0378615080166671
28,2000,biobert,0.6176581450811067,0.6540253695139016,0.03636722443279483
28,2000,simcse,0.5654980148191835,0.5868935373830954,0.021395522563911862
28,2005,specter,0.7338141789791724,0.7337498906587446,-6.428832042781885e-05
28,2005,specter2,0.7217169860533321,0.7190412221385577,-0.0026757639147744205
28,2005,scincl,0.7629455507251245,0.7627391339079748,-0.00020641681714972382
28,2005,scibert,0.5388459255466512,0.5848798895715782,0.04603396402492699
28,2005,bert,0.6133498592246251,0.6503050389066889,0.036955179682063743
28,2005,mpnet,0.8460108110138451,0.8425274762234799,-0.0034833347903652223
28,2005,pubmedbert,0.5127473788932992,0.5504127453632852,0.03766536646998597
28,2005,biobert,0.5768238066431511,0.6119633533439107,0.03513954670075958
28,2005,simcse,0.5546482092639494,0.5774706039800401,0.02282239471609071
28,2010,specter,0.7467800045122219,0.7469977806880823,0.00021777617586038467
28,2010,specter2,0.7432688147774835,0.7400109071471014,-0.0032579076303821397
28,2010,scincl,0.7747843178836092,0.773168445540481,-0.0016158723431282107
28,2010,scibert,0.5580439976452118,0.6032179316040961,0.04517393395888425
28,2010,bert,0.6245053446973722,0.6594791514557019,0.03497380675832973
28,2010,mpnet,0.8509429901508302,0.8481132565621227,-0.002829733588707528
28,2010,pubmedbert,0.5333848549316678,0.5694767826029971,0.036091927671329294
28,2010,biobert,0.6122654743699899,0.6448368477247259,0.03257137335473603
28,2010,simcse,0.5756449367437149,0.6000201997859369,0.02437526304222204
28,2015,specter,0.744692016048097,0.7439822545587546,-0.0007097614893424309
28,2015,specter2,0.7473628136383148,0.7431638214206273,-0.004198992217687492
28,2015,scincl,0.7745991585935548,0.7715063862472634,-0.0030927723462913503
28,2015,scibert,0.5536434933897102,0.6020385043952395,0.04839501100552934
28,2015,bert,0.6070172648402274,0.6471004434853361,0.040083178645108686
28,2015,mpnet,0.851039611893872,0.8486726284770978,-0.0023669834167742154
28,2015,pubmedbert,0.5290671434906511,0.5690715927580614,0.040004449267410314
28,2015,biobert,0.6142730651365368,0.6493871000052153,0.03511403486867848
28,2015,simcse,0.5571455188575931,0.5846300136240795,0.0274844947664864
28,2020,specter,0.7478258070255749,0.7473230446543905,-0.0005027623711844065
28,2020,specter2,0.7461933986597753,0.7412967487666021,-0.004896649893173177
28,2020,scincl,0.7725200295167346,0.7709105849638034,-0.0016094445529312162
28,2020,scibert,0.5554088185438297,0.6069382997420548,0.05152948119822509
28,2020,bert,0.5984412247575885,0.6425455805468976,0.04410435578930905
28,2020,mpnet,0.8484761136114423,0.846051437650274,-0.0024246759611682434
28,2020,pubmedbert,0.5228164927955905,0.5675116665852945,0.044695173789704
28,2020,biobert,0.6172590451388773,0.6555946293452112,0.03833558420633387
28,2020,simcse,0.5509872505038953,0.5796888224291799,0.028701571925284552
29,2000,specter,0.7840541674446673,0.7821707521403103,-0.0018834153043569835
29,2000,specter2,0.7452040599942114,0.7421314568591074,-0.003072603135103935
29,2000,scincl,0.7848662403082541,0.7800749674385156,-0.004791272869738572
29,2000,scibert,0.5648543591088081,0.6135562373831019,0.04870187827429384
29,2000,bert,0.641574480973699,0.6755032862980175,0.03392880532431852
29,2000,mpnet,0.8666664390753555,0.8602075637117416,-0.006458875363613892
29,2000,pubmedbert,0.5225115642544743,0.5628181838436945,0.040306619589220216
29,2000,biobert,0.5865856967711277,0.6232723103450554,0.03668661357392766
29,2000,simcse,0.6207333900132694,0.646221908470139,0.025488518456869613
29,2005,specter,0.7772038221467108,0.7778776992507402,0.0006738771040294411
29,2005,specter2,0.7389615037472477,0.73669706525424,-0.0022644384930077255
29,2005,scincl,0.7799891134629716,0.7770748684425387,-0.002914245020432915
29,2005,scibert,0.5451707638564648,0.5869054340823108,0.04173467022584598
29,2005,bert,0.6238828374479289,0.6577816342988227,0.03389879685089381
29,2005,mpnet,0.8594725377579425,0.85435400300945,-0.005118534748492554
29,2005,pubmedbert,0.49135102497237937,0.5277024636973587,0.03635143872497937
29,2005,biobert,0.5552634420606137,0.5878720983167636,0.03260865625614984
29,2005,simcse,0.6110477788723224,0.6349761604499399,0.023928381577617452
29,2010,specter,0.7924353404518094,0.7909762501464926,-0.001459090305316768
29,2010,specter2,0.7642013112344431,0.7598170234439259,-0.0043842877905172495
29,2010,scincl,0.7967588264406921,0.7928641061780742,-0.0038947202626178345
29,2010,scibert,0.5540332855611986,0.5925308663623298,0.03849758080113119
29,2010,bert,0.6190646637353185,0.6526483144361395,0.03358365070082092
29,2010,mpnet,0.8704906678799371,0.8650899558277844,-0.005400712052152756
29,2010,pubmedbert,0.5002891180813878,0.5339416965284483,0.03365257844706049
29,2010,biobert,0.5677461205420615,0.5984828080436387,0.03073668750157721
29,2010,simcse,0.610286798566995,0.6326687502448777,0.022381951677882705
29,2015,specter,0.7963537694564489,0.7940588382310771,-0.0022949312253717213
29,2015,specter2,0.7723449964055441,0.7666943219421207,-0.005650674463423377
29,2015,scincl,0.7975063279858667,0.7920770176804499,-0.0054293103054168235
29,2015,scibert,0.5681327806581675,0.6100427954913422,0.04191001483317469
29,2015,bert,0.5939738252097501,0.6371289687206674,0.043155143510917315
29,2015,mpnet,0.8703064435249415,0.8642175986111513,-0.006088844913790137
29,2015,pubmedbert,0.5204069017768587,0.5604091283680359,0.04000222659117725
29,2015,biobert,0.5660761938372073,0.6040314778183771,0.03795528398116976
29,2015,simcse,0.6082491525119484,0.6366431248592392,0.028393972347290797
29,2020,specter,0.7976245187406074,0.8004998036957875,0.0028752849551801907
29,2020,specter2,0.7764520051200614,0.7746691465018695,-0.0017828586181919404
29,2020,scincl,0.8025253197385718,0.8033675939719882,0.000842274233416429
29,2020,scibert,0.5797317301508621,0.619112913071992,0.03938118292112991
29,2020,bert,0.6408928897011034,0.681282639522901,0.04038974982179766
29,2020,mpnet,0.8728184404550385,0.8720261606195727,-0.0007922798354658145
29,2020,pubmedbert,0.5158299442735579,0.5530490597461716,0.037219115472613695
29,2020,biobert,0.6096852226820827,0.6427344192215365,0.03304919653945382
29,2020,simcse,0.6038002087230363,0.6299988789517524,0.026198670228716137
30,2000,specter,0.7288504805895168,0.7264778664512666,-0.002372614138250295
30,2000,specter2,0.6580713329292682,0.6519529036655108,-0.006118429263757386
30,2000,scincl,0.7202897891356921,0.7168461356004476,-0.003443653535244451
30,2000,scibert,0.550077703925153,0.5946516404975397,0.04457393657238673
30,2000,bert,0.6125452489176868,0.6429938718091228,0.030448622891436017
30,2000,mpnet,0.8202702690532842,0.8145643442443691,-0.005705924808915075
30,2000,pubmedbert,0.5118260180158839,0.5463523836478197,0.034526365631935785
30,2000,biobert,0.5522969531600632,0.5813895104651198,0.029092557305056554
30,2000,simcse,0.588673328759382,0.6138350418868678,0.02516171312748572
30,2005,specter,0.7258996292174682,0.7244881602598974,-0.0014114689575708272
30,2005,specter2,0.6539459581399472,0.6473778554015058,-0.006568102738441328
30,2005,scincl,0.7081505467585606,0.7044468374002797,-0.0037037093582809044
30,2005,scibert,0.5200653860264738,0.5534070271264375,0.03334164109996374
30,2005,bert,0.5796445037944064,0.6102721467860769,0.030627642991670534
30,2005,mpnet,0.8087344312461348,0.8033720869834512,-0.0053623442626835605
30,2005,pubmedbert,0.47977743600017264,0.5053771663267417,0.025599730326569037
30,2005,biobert,0.5182667350407246,0.5393528412762497,0.021086106235525093
30,2005,simcse,0.5730369350016835,0.5939125705701513,0.020875635568467832
30,2010,specter,0.7504334615479857,0.7511292966274021,0.0006958350794163959
30,2010,specter2,0.6884741215494623,0.6842445811670473,-0.004229540382414965
30,2010,scincl,0.7313827173037244,0.7306454690944043,-0.000737248209320085
30,2010,scibert,0.5266959683187002,0.55768646462817,0.030990496309469706
30,2010,bert,0.5670099297360649,0.5984859133942066,0.03147598365814175
30,2010,mpnet,0.8230149555292959,0.8199265172377864,-0.00308843829150951
30,2010,pubmedbert,0.49193103872952587,0.5158810225063153,0.02394998377678942
30,2010,biobert,0.5427081128742002,0.563023427356358,0.020315314482157842
30,2010,simcse,0.5625399504390083,0.581370213976743,0.01883026353773476
30,2015,specter,0.7752460162040725,0.7799404162985628,0.004694400094490292
30,2015,specter2,0.7335280939750553,0.7295394491150374,-0.00398864486001782
30,2015,scincl,0.7639630622301619,0.7620343254403052,-0.001928736789856611
30,2015,scibert,0.5783234701612697,0.6258826729806475,0.047559202819377755
30,2015,bert,0.5876522224716492,0.6265707370866256,0.03891851461497642
30,2015,mpnet,0.8455951504929554,0.841599554150272,-0.003995596342683427
30,2015,pubmedbert,0.544750100950031,0.5845234880036931,0.03977338705366218
30,2015,biobert,0.5769906070228624,0.6105352432677076,0.03354463624484516
30,2015,simcse,0.5776227789116306,0.6081445287414392,0.030521749829808598
30,2020,specter,0.7633195291202988,0.7717718658843109,0.008452336764012136
30,2020,specter2,0.735890239828838,0.7342064548243769,-0.0016837850044612024
30,2020,scincl,0.7587926622882988,0.7595957623897454,0.0008031001014465744
30,2020,scibert,0.575042318789778,0.6248802086424649,0.04983788985268689
30,2020,bert,0.5684548370179906,0.6101183474602564,0.041663510442265794
30,2020,mpnet,0.8437378792963478,0.841913362319049,-0.0018245169772987957
30,2020,pubmedbert,0.5498644350439967,0.5916174133637354,0.041752978319738676
30,2020,biobert,0.5883146513445274,0.6226884731952201,0.03437382185069271
30,2020,simcse,0.5482685808501166,0.5777956604702933,0.029527079620176644
31,2000,specter,0.7193782597274588,0.7242828405281257,0.004904580800666913
31,2000,specter2,0.6586670505811536,0.6625020928320066,0.0038350422508529602
31,2000,scincl,0.7357694558031805,0.7380894286959855,0.0023199728928049446
31,2000,scibert,0.6364650718316406,0.6546241395318847,0.018159067700244114
31,2000,bert,0.5999942842213862,0.6107572340644696,0.010762949843083347
31,2000,mpnet,0.834807958007723,0.8369256867621411,0.002117728754418069
31,2000,pubmedbert,0.5817613974748592,0.5925366215534259,0.01077522407856668
31,2000,biobert,0.5847579051817393,0.5946730306735875,0.009915125491848142
31,2000,simcse,0.5542138965922696,0.5592484442979918,0.005034547705722203
31,2005,specter,0.7279808726189327,0.73218434244049,0.004203469821557282
31,2005,specter2,0.6660802014069285,0.6694022502237713,0.0033220488168428375
31,2005,scincl,0.735928968625612,0.7370149489920101,0.001085980366398176
31,2005,scibert,0.6257051896913953,0.6474495740810738,0.021744384389678517
31,2005,bert,0.5970070276361346,0.6094246124413607,0.012417584805226145
31,2005,mpnet,0.834229655587596,0.8356648929859282,0.0014352373983321787
31,2005,pubmedbert,0.56972433605952,0.5825320669352221,0.012807730875702084
31,2005,biobert,0.5736727783998515,0.5859340427089995,0.012261264309147979
31,2005,simcse,0.5572464826735545,0.5639959619417307,0.006749479268176262
31,2010,specter,0.732103607146895,0.7364950707185371,0.004391463571642107
31,2010,specter2,0.6681146771891059,0.6717734716750025,0.003658794485896566
31,2010,scincl,0.7409953613862075,0.7432535853437244,0.0022582239575169583
31,2010,scibert,0.6301753607840113,0.6506233105659519,0.020447949781940644
31,2010,bert,0.5949612047421382,0.6074535306128194,0.012492325870681165
31,2010,mpnet,0.8365701032154171,0.8381712206200772,0.0016011174046600685
31,2010,pubmedbert,0.5655072649441119,0.5788994491014289,0.013392184157317022
31,2010,biobert,0.5726553357410308,0.5850064193953841,0.012351083654353334
31,2010,simcse,0.5596836089686045,0.5657124034844191,0.006028794515814617
31,2015,specter,0.7392121808984266,0.7458094390438552,0.006597258145428664
31,2015,specter2,0.6798717555692292,0.6857369244239914,0.005865168854762182
31,2015,scincl,0.7499000020687782,0.7527899147845478,0.0028899127157696602
31,2015,scibert,0.6458101423147942,0.6690923626226332,0.023282220307838997
31,2015,bert,0.6025699828292488,0.6177962222159685,0.015226239386719742
31,2015,mpnet,0.8444661784675953,0.8475549719003594,0.0030887934327641364
31,2015,pubmedbert,0.584551624223066,0.5983419018511899,0.013790277628123904
31,2015,biobert,0.5858778534450771,0.5987031623330522,0.012825308887975062
31,2015,simcse,0.5673679650736444,0.5747340203598744,0.007366055286230022
31,2020,specter,0.7366741206255162,0.742197648738598,0.005523528113081766
31,2020,specter2,0.6879091970140494,0.6920514623667241,0.004142265352674701
31,2020,scincl,0.7478875840490997,0.7510167990585,0.0031292150094003324
31,2020,scibert,0.627502212662703,0.6516971733222818,0.024194960659578824
31,2020,bert,0.6032923639789822,0.6191351266136934,0.015842762634711183
31,2020,mpnet,0.841883203352647,0.8437611234041489,0.0018779200515018912
31,2020,pubmedbert,0.5708493372411914,0.586539846579746,0.015690509338554648
31,2020,biobert,0.5830237340492728,0.5971026854620581,0.014078951412785368
31,2020,simcse,0.56561107889244,0.5736581036304372,0.008047024737997233
32,2000,specter,0.7298828347964308,0.7268682439813883,-0.003014590815042517
32,2000,specter2,0.7242925453580579,0.7211533310631134,-0.003139214294944459
32,2000,scincl,0.7475942712738003,0.7441850738278525,-0.003409197445947809
32,2000,scibert,0.5025694147225777,0.5235177268474813,0.020948312124903667
32,2000,bert,0.5277076181272055,0.5423158871622639,0.014608269035058408
32,2000,mpnet,0.8315412768180475,0.8272118454915698,-0.004329431326477673
32,2000,pubmedbert,0.4295334660977019,0.44373165377650103,0.014198187678799157
32,2000,biobert,0.4869770557221976,0.5042097607928975,0.01723270507069985
32,2000,simcse,0.5623499853741024,0.5717007330293205,0.009350747655218039
32,2005,specter,0.7265319592831169,0.7237275732499345,-0.002804386033182338
32,2005,specter2,0.7249298978117356,0.7217488375378448,-0.0031810602738907567
32,2005,scincl,0.745058186142996,0.7402984648721681,-0.00475972127082791
32,2005,scibert,0.49989004130351583,0.5212412433979194,0.02135120209440361
32,2005,bert,0.5376665194522168,0.5527785692684131,0.015112049816196294
32,2005,mpnet,0.8282274633787436,0.8228492018212551,-0.005378261557488551
32,2005,pubmedbert,0.4374451768021815,0.4514218878308894,0.0139767110287079
32,2005,biobert,0.49726057471838586,0.5151805779001511,0.017920003181765287
32,2005,simcse,0.5777801027057914,0.5877113047619981,0.009931202056206678
32,2010,specter,0.7246227364681537,0.7217570497320899,-0.0028656867360637994
32,2010,specter2,0.7296925292017867,0.7251728630082267,-0.004519666193560035
32,2010,scincl,0.74479113205039,0.7394979429796215,-0.005293189070768589
32,2010,scibert,0.4917051129284976,0.5202655271880506,0.028560414259553024
32,2010,bert,0.5207448759238066,0.5416481482230797,0.020903272299273135
32,2010,mpnet,0.8305597964796955,0.824608549777043,-0.005951246702652457
32,2010,pubmedbert,0.43234174203425163,0.4530746922905214,0.020732950256269755
32,2010,biobert,0.484788474357202,0.5091356989492943,0.02434722459209232
32,2010,simcse,0.563490743772611,0.5758198532175126,0.01232910944490162
32,2015,specter,0.7228914553545712,0.7189467275265882,-0.003944727827983052
32,2015,specter2,0.7326818925159643,0.7271476226795771,-0.005534269836387162
32,2015,scincl,0.7372522891273229,0.7315845623017934,-0.005667726825529518
32,2015,scibert,0.5117655434207086,0.5456055529863165,0.033840009565607954
32,2015,bert,0.5298036634033051,0.5568506090643445,0.02704694566103938
32,2015,mpnet,0.8264222969618646,0.8207068272504627,-0.00571546971140191
32,2015,pubmedbert,0.4505989802063269,0.4771711684173485,0.02657218821102164
32,2015,biobert,0.5015030364391833,0.5291325344452735,0.02762949800609027
32,2015,simcse,0.5642500621935653,0.5812949660742145,0.017044903880649165
32,2020,specter,0.7227563994537549,0.7212593814350836,-0.0014970180186713034
32,2020,specter2,0.7334795499798319,0.726482748259706,-0.006996801720125845
32,2020,scincl,0.7394051957826441,0.7325509038319384,-0.006854291950705638
32,2020,scibert,0.508824712117942,0.5500582527749353,0.04123354065699325
32,2020,bert,0.5380399766242477,0.573084336018012,0.03504435939376427
32,2020,mpnet,0.8343296331282848,0.8276119777725892,-0.006717655355695573
32,2020,pubmedbert,0.4560054167097948,0.4924581581538297,0.03645274144403493
32,2020,biobert,0.5314958748993046,0.5663201249580978,0.034824250058793194
32,2020,simcse,0.5608602827451888,0.5833215999969367,0.022461317251747825
33,2000,specter,0.6508788334098843,0.6496423476115226,-0.001236485798361664
33,2000,specter2,0.6581992009880877,0.6562263226208083,-0.0019728783672794403
33,2000,scincl,0.6747537418177633,0.6742579792364408,-0.0004957625813224453
33,2000,scibert,0.4945672063697031,0.5116861756840969,0.017118969314393828
33,2000,bert,0.537573938036998,0.5474684082871385,0.009894470250140452
33,2000,mpnet,0.7971629707029375,0.793483744914196,-0.003679225788741469
33,2000,pubmedbert,0.4336509189443798,0.444277561930657,0.01062664298627719
33,2000,biobert,0.4732939819505894,0.4884718307078643,0.015177848757274903
33,2000,simcse,0.5666222581843259,0.5743344286636664,0.007712170479340474
33,2005,specter,0.6485182186356698,0.6474298340048477,-0.00108838463082217
33,2005,specter2,0.6534031630119563,0.6527849247141673,-0.0006182382977890644
33,2005,scincl,0.6682799761229359,0.6683591191667424,7.914304380651771e-05
33,2005,scibert,0.4713073585014254,0.49178131511461914,0.020473956613193733
33,2005,bert,0.5181036297127362,0.5313912873841267,0.013287657671390507
33,2005,mpnet,0.7928041591959144,0.7894826337263945,-0.003321525469519915
33,2005,pubmedbert,0.42581665106862104,0.4392708991245746,0.013454248055953577
33,2005,biobert,0.47213465925280707,0.49073843788402244,0.018603778631215373
33,2005,simcse,0.5641738400018309,0.5736864551233579,0.009512615121527013
33,2010,specter,0.66443025684972,0.6614939225720141,-0.0029363342777058987
33,2010,specter2,0.6713070900284989,0.6685098430262215,-0.0027972470022773477
33,2010,scincl,0.6880328930685145,0.6858830220105503,-0.002149871057964159
33,2010,scibert,0.48796142006074417,0.509749081389085,0.021787661328340868
33,2010,bert,0.525831861852992,0.5411481639371104,0.015316302084118383
33,2010,mpnet,0.8021123835488911,0.7975287714474223,-0.004583612101468848
33,2010,pubmedbert,0.43788290436067046,0.45338793514485914,0.01550503078418869
33,2010,biobert,0.471277020790045,0.4919898522478972,0.020712831457852188
33,2010,simcse,0.5696008990847166,0.5779547744385686,0.008353875353852014
33,2015,specter,0.6748394126099356,0.6691828756095202,-0.0056565370004154625
33,2015,specter2,0.68554125262909,0.6804669905180867,-0.005074262111003369
33,2015,scincl,0.7000188548986008,0.6948454653576277,-0.005173389540973128
33,2015,scibert,0.5284401043052034,0.5564050874880309,0.027964983182827474
33,2015,bert,0.5501814903844001,0.5726522776172385,0.022470787232838352
33,2015,mpnet,0.8155027474548872,0.8107324823229627,-0.004770265131924467
33,2015,pubmedbert,0.4471248528519457,0.4673244931756278,0.0201996403236821
33,2015,biobert,0.4802457306519909,0.50736462717922,0.027118896527229153
33,2015,simcse,0.5893568315478205,0.5996409664693402,0.010284134921519694
33,2020,specter,0.689954939583263,0.6855077573655858,-0.004447182217677259
33,2020,specter2,0.693679496226816,0.6881978821868187,-0.005481614039997362
33,2020,scincl,0.7150878784067011,0.7102917241267547,-0.004796154279946396
33,2020,scibert,0.5569953351301872,0.587178098011683,0.030182762881495795
33,2020,bert,0.5812924274085267,0.6060705050510342,0.0247780776425075
33,2020,mpnet,0.8324544645885292,0.8295294327758033,-0.0029250318127259645
33,2020,pubmedbert,0.4740419940856637,0.49708239138399685,0.023040397298333126
33,2020,biobert,0.5180974565042453,0.5462071976909861,0.02810974118674081
33,2020,simcse,0.6105826349634962,0.6223142252810617,0.011731590317565543
34,2000,specter,0.7358410648213247,0.7364142178930491,0.0005731530717243416
34,2000,specter2,0.7307846588041716,0.7245489573058405,-0.006235701498331192
34,2000,scincl,0.7577885729021953,0.7531693872121086,-0.00461918569008668
34,2000,scibert,0.49340258921641206,0.5504083197224546,0.05700573050604257
34,2000,bert,0.5845730182295822,0.627243656169319,0.0426706379397368
34,2000,mpnet,0.8485054201397623,0.8418267410173816,-0.006678679122380626
34,2000,pubmedbert,0.4450047698236325,0.4907806728840116,0.0457759030603791
34,2000,biobert,0.5323403450709376,0.575592051816723,0.04325170674578538
34,2000,simcse,0.5376259925050431,0.564857921011208,0.02723192850616496
34,2005,specter,0.7378550466874527,0.7410513961697248,0.0031963494822720984
34,2005,specter2,0.7292122043816712,0.7265504752808455,-0.002661729100825738
34,2005,scincl,0.7553510793499775,0.7537092498559477,-0.0016418294940298006
34,2005,scibert,0.4809050365865996,0.5394668431009788,0.0585618065143792
34,2005,bert,0.5696088675714029,0.6136399838551413,0.04403111628373835
34,2005,mpnet,0.849358911696675,0.8430315610355036,-0.006327350661171405
34,2005,pubmedbert,0.41972476186816765,0.4646798718041247,0.04495510993595703
34,2005,biobert,0.5049846536865547,0.5490967362198388,0.044112082533284136
34,2005,simcse,0.5259429517214761,0.5565812533004024,0.03063830157892633
34,2010,specter,0.7471756948251862,0.7475216790146313,0.00034598418944509213
34,2010,specter2,0.741921055045914,0.7359727655744188,-0.005948289471495172
34,2010,scincl,0.7642186500351413,0.7593127571228135,-0.004905892912327792
34,2010,scibert,0.4968456976752633,0.5483744007894992,0.05152870311423585
34,2010,bert,0.559856494365655,0.6049777322414666,0.04512123787581157
34,2010,mpnet,0.853156634592722,0.8459989093121073,-0.007157725280614646
34,2010,pubmedbert,0.4348155846537292,0.47608730159683355,0.04127171694310433
34,2010,biobert,0.5157312884016942,0.5580913005418371,0.042360012140142844
34,2010,simcse,0.5122522503004012,0.5430172055840712,0.03076495528366996
34,2015,specter,0.7519439961428463,0.7565042902281969,0.004560294085350525
34,2015,specter2,0.7461365756725122,0.742953287105368,-0.003183288567144227
34,2015,scincl,0.7660238912832368,0.7662930270267492,0.0002691357435123942
34,2015,scibert,0.4876222250227775,0.5448476939417826,0.05722546891900504
34,2015,bert,0.562085354224366,0.6157678682638938,0.05368251403952784
34,2015,mpnet,0.8561502277792489,0.8500296464317453,-0.006120581347503595
34,2015,pubmedbert,0.4458369520026711,0.4954098560584589,0.04957290405578779
34,2015,biobert,0.5248008407879546,0.5709985808764165,0.04619774008846189
34,2015,simcse,0.5201880724898071,0.5580133132302548,0.037825240740447685
34,2020,specter,0.7523443142777374,0.7568845397904047,0.004540225512667306
34,2020,specter2,0.7471196328744731,0.7429120658926823,-0.004207566981790811
34,2020,scincl,0.764093145726399,0.7620170492837307,-0.0020760964426682627
34,2020,scibert,0.48988912205839164,0.5434401539175284,0.05355103185913679
34,2020,bert,0.5653296754325888,0.6220354108797453,0.05670573544715651
34,2020,mpnet,0.8540895339681182,0.8484640188725967,-0.0056255150955214495
34,2020,pubmedbert,0.43990177291427646,0.48996992576615533,0.05006815285187888
34,2020,biobert,0.5293477420573964,0.5753482487437662,0.04600050668636979
34,2020,simcse,0.5303699120976392,0.5668195388405659,0.03644962674292673
35,2000,specter,0.7500225516185811,0.7497903305514984,-0.0002322210670827607
35,2000,specter2,0.7080457384444785,0.7065809560253546,-0.0014647824191238445
35,2000,scincl,0.7620592484987786,0.7589189106133151,-0.003140337885463529
35,2000,scibert,0.5075132257168735,0.5537622422030531,0.04624901648617963
35,2000,bert,0.5837525355529423,0.6204378342772022,0.03668529872425996
35,2000,mpnet,0.8498084196317127,0.8454833284461105,-0.004325091185602203
35,2000,pubmedbert,0.47512699249192175,0.5128245224292469,0.03769752993732517
35,2000,biobert,0.5399028155111436,0.5727108365286075,0.03280802101746394
35,2000,simcse,0.5579423190961567,0.5813968695066634,0.023454550410506703
35,2005,specter,0.753308867905844,0.753862778785336,0.0005539108794920811
35,2005,specter2,0.7245567972120439,0.7223667281033872,-0.0021900691086567114
35,2005,scincl,0.7660662662367811,0.7623812562154915,-0.0036850100212896253
35,2005,scibert,0.5040942840576165,0.5467716916683583,0.04267740761074179
35,2005,bert,0.5794240293499324,0.6152380209179213,0.03581399156798892
35,2005,mpnet,0.850154039993051,0.8457818877887111,-0.004372152204339841
35,2005,pubmedbert,0.45919772529315345,0.4942981897506111,0.03510046445745768
35,2005,biobert,0.5213504297476471,0.5542955163858976,0.032945086638250465
35,2005,simcse,0.5592400200980676,0.5833195565283817,0.02407953643031413
35,2010,specter,0.7657726354432751,0.7658260863942922,5.345095101705333e-05
35,2010,specter2,0.7333753708739957,0.7315404758341736,-0.0018348950398221486
35,2010,scincl,0.7716112020342176,0.7674616375334378,-0.0041495645007798565
35,2010,scibert,0.4924615204489584,0.53904705290929,0.04658553246033159
35,2010,bert,0.5521697331171795,0.5924232908800323,0.040253557762852776
35,2010,mpnet,0.8511595932649884,0.8460607201336432,-0.005098873131345161
35,2010,pubmedbert,0.4519444319219449,0.48992919295605336,0.03798476103410847
35,2010,biobert,0.5100593465635567,0.546659331845625,0.036599985282068315
35,2010,simcse,0.535175214272511,0.5622213868839784,0.027046172611467356
35,2015,specter,0.7672124902071559,0.7659664324606779,-0.0012460577464780132
35,2015,specter2,0.7399212247422037,0.7365269822716847,-0.0033942424705190044
35,2015,scincl,0.7680540171415562,0.764210639734861,-0.0038433774066951587
35,2015,scibert,0.5007598667176069,0.5476815706415644,0.04692170392395756
35,2015,bert,0.5612189678527275,0.6034076857401626,0.04218871788743506
35,2015,mpnet,0.8523843720596312,0.8471804116443988,-0.0052039604152324115
35,2015,pubmedbert,0.4547581052536262,0.4939395238373146,0.0391814185836884
35,2015,biobert,0.5044580822641745,0.5418344932295494,0.03737641096537481
35,2015,simcse,0.5459422880521689,0.574856328097622,0.02891404004545306
35,2020,specter,0.7672734185214052,0.7663425992130267,-0.000930819308378461
35,2020,specter2,0.7474107376487206,0.742626676470117,-0.004784061178603527
35,2020,scincl,0.7666744622750372,0.7621281404305157,-0.004546321844521528
35,2020,scibert,0.5136695027374479,0.56403629861819,0.05036679588074211
35,2020,bert,0.5731737787844841,0.6230047460669997,0.04983096728251568
35,2020,mpnet,0.8543936972291623,0.8504554987333129,-0.00393819849584931
35,2020,pubmedbert,0.47249675210650954,0.5175073289432985,0.045010576836788996
35,2020,biobert,0.5456501602984428,0.5855347711988768,0.03988461090043394
35,2020,simcse,0.5407259944134094,0.574039807375991,0.033313812962581624
36,2000,specter,0.6835336358457074,0.6796293181642219,-0.0039043176814854696
36,2000,specter2,0.6695362421723849,0.6641555891145158,-0.005380653057869167
36,2000,scincl,0.688751243400825,0.6806511211576497,-0.008100122243175356
36,2000,scibert,0.45285743019849517,0.4943568829996037,0.041499452801108505
36,2000,bert,0.5068234983133002,0.5344395407361691,0.02761604242286886
36,2000,mpnet,0.7928180286553795,0.7839376048298065,-0.00888042382557308
36,2000,pubmedbert,0.3967647017169091,0.42385319566261564,0.02708849394570656
36,2000,biobert,0.4382910822596911,0.4688373651791128,0.030546282919421686
36,2000,simcse,0.5364997828347856,0.5552386676701622,0.018738884835376557
36,2005,specter,0.6922509452784231,0.6891640665139935,-0.0030868787644295903
36,2005,specter2,0.6794912293759392,0.6740028170186314,-0.0054884123573077925
36,2005,scincl,0.7011366107266057,0.6933752009179287,-0.007761409808677011
36,2005,scibert,0.4520904101790205,0.49196318496620445,0.03987277478718393
36,2005,bert,0.5071113873711236,0.5364145417017667,0.029303154330643122
36,2005,mpnet,0.7969163174129105,0.7889244999548755,-0.007991817458035011
36,2005,pubmedbert,0.41458824120989146,0.4456035127063824,0.031015271496490915
36,2005,biobert,0.4535263772095713,0.4840156630475341,0.030489285837962787
36,2005,simcse,0.5414233940009229,0.5625912103850702,0.02116781638414733
36,2010,specter,0.702367299318818,0.6950678185740434,-0.0072994807447746
36,2010,specter2,0.6893302452461526,0.679308907915701,-0.01002133733045163
36,2010,scincl,0.7036571010570044,0.6911241816761255,-0.01253291938087886
36,2010,scibert,0.44403435602523594,0.4908764536372962,0.04684209761206026
36,2010,bert,0.4936956640256981,0.53335103738837,0.039655373362671886
36,2010,mpnet,0.8027018284131034,0.7893037386118252,-0.013398089801278212
36,2010,pubmedbert,0.40010269580979546,0.4362113920104515,0.03610869620065604
36,2010,biobert,0.45392985962901833,0.4929025568118565,0.03897269718283819
36,2010,simcse,0.5366867370796546,0.5642456917771435,0.027558954697488813
36,2015,specter,0.7043912522220308,0.6981270991592039,-0.006264153062826905
36,2015,specter2,0.7040308347795843,0.6937796962215309,-0.010251138558053374
36,2015,scincl,0.7101453137201059,0.6981475578623234,-0.01199775585778251
36,2015,scibert,0.47039365917538417,0.5196987078001919,0.049305048624807724
36,2015,bert,0.5051932203620838,0.5470210127561594,0.041827792394075636
36,2015,mpnet,0.8099710412959593,0.7983325517329503,-0.011638489563009058
36,2015,pubmedbert,0.42050765378995475,0.4594837571877011,0.038976103397746376
36,2015,biobert,0.47525221166430653,0.5157072923193188,0.04045508065501224
36,2015,simcse,0.5428128773795051,0.5724757813734126,0.029662903993907475
36,2020,specter,0.7114840310461414,0.7082902083129028,-0.0031938227332386493
36,2020,specter2,0.7056042675273236,0.696090971063988,-0.009513296463335652
36,2020,scincl,0.7207733303308086,0.7105792198482664,-0.010194110482542151
36,2020,scibert,0.4842671495689327,0.5355457410518218,0.05127859148288916
36,2020,bert,0.5204003057088458,0.5656576877025563,0.045257381993710544
36,2020,mpnet,0.8175576409442268,0.8091277356745415,-0.008429905269685234
36,2020,pubmedbert,0.425903051283507,0.4687971152577064,0.042894063974199426
36,2020,biobert,0.49133591541082833,0.5339534766732517,0.04261756126242333
36,2020,simcse,0.5367867306321618,0.5680278642118589,0.031241133579697156
