outcome,omitted_model,feature,rank,columns,identified,coefficient,r_squared
cka_primary,specter,intercept,7,7,True,0.6691365288330826,0.7395029004588761
cka_primary,specter,same_architecture,7,7,True,-0.0937586848684379,0.7395029004588761
cka_primary,specter,same_lineage,7,7,True,0.05813214194277783,0.7395029004588761
cka_primary,specter,same_final_corpus_group,7,7,True,-0.035958678568378796,0.7395029004588761
cka_primary,specter,same_objective,7,7,True,0.3344598824659215,0.7395029004588761
cka_primary,specter,same_domain,7,7,True,-0.012964710404950612,0.7395029004588761
cka_primary,specter,same_pooling,7,7,True,-0.11665629282928734,0.7395029004588761
cka_primary,specter2,intercept,7,7,True,0.6718403862987707,0.7226179439697136
cka_primary,specter2,same_architecture,7,7,True,-0.08791719485368864,0.7226179439697136
cka_primary,specter2,same_lineage,7,7,True,0.05050750269788819,0.7226179439697136
cka_primary,specter2,same_final_corpus_group,7,7,True,-0.02727744440412135,0.7226179439697136
cka_primary,specter2,same_objective,7,7,True,0.32701232472401087,0.7226179439697136
cka_primary,specter2,same_domain,7,7,True,-0.016960318617131306,0.7226179439697136
cka_primary,specter2,same_pooling,7,7,True,-0.11581737465830225,0.7226179439697136
cka_primary,scincl,intercept,7,7,True,0.6670822954781508,0.7330225557183061
cka_primary,scincl,same_architecture,7,7,True,-0.08581290415731897,0.7330225557183061
cka_primary,scincl,same_lineage,7,7,True,0.0471891412281259,0.7330225557183061
cka_primary,scincl,same_final_corpus_group,7,7,True,-0.06095052802290155,0.7330225557183061
cka_primary,scincl,same_objective,7,7,True,0.3282197787253296,0.7330225557183061
cka_primary,scincl,same_domain,7,7,True,-0.009511711062020315,0.7330225557183061
cka_primary,scincl,same_pooling,7,7,True,-0.11505940288292903,0.7330225557183061
cka_primary,scibert,intercept,7,7,True,0.6793237939420333,0.7208708650159402
cka_primary,scibert,same_architecture,7,7,True,-0.1094364305710714,0.7208708650159402
cka_primary,scibert,same_lineage,7,7,True,0.09229915982947383,0.7208708650159402
cka_primary,scibert,same_final_corpus_group,7,7,True,-0.05730310989496556,0.7208708650159402
cka_primary,scibert,same_objective,7,7,True,0.3068478858520157,0.7208708650159402
cka_primary,scibert,same_domain,7,7,True,-0.00518065981539763,0.7208708650159402
cka_primary,scibert,same_pooling,7,7,True,-0.11193650814990183,0.7208708650159402
cka_primary,bert,intercept,7,7,True,0.6948905081995741,0.82912062220482
cka_primary,bert,same_architecture,7,7,True,-0.1155290851006761,0.82912062220482
cka_primary,bert,same_lineage,7,7,True,0.07587085472883251,0.82912062220482
cka_primary,bert,same_final_corpus_group,7,7,True,-0.07266869371941057,0.82912062220482
cka_primary,bert,same_objective,7,7,True,0.4290774570763248,0.82912062220482
cka_primary,bert,same_domain,7,7,True,-0.09110509989606615,0.82912062220482
cka_primary,bert,same_pooling,7,7,True,-0.13155205000395342,0.82912062220482
cka_primary,mpnet,intercept,7,7,True,0.651107359712676,0.7675334801365403
cka_primary,mpnet,same_architecture,7,7,True,-0.08386164042861277,0.7675334801365403
cka_primary,mpnet,same_lineage,7,7,True,0.042371950814819495,0.7675334801365403
cka_primary,mpnet,same_final_corpus_group,7,7,True,-0.05417639013377162,0.7675334801365403
cka_primary,mpnet,same_objective,7,7,True,0.3118101287351569,0.7675334801365403
cka_primary,mpnet,same_domain,7,7,True,0.006838893594842661,0.7675334801365403
cka_primary,mpnet,same_pooling,7,7,True,-0.08654831656324795,0.7675334801365403
cka_primary,minilm,intercept,7,7,True,0.6776562152331597,0.733197224827163
cka_primary,minilm,same_architecture,7,7,True,-0.107271626099157,0.733197224827163
cka_primary,minilm,same_lineage,7,7,True,0.051013026513920985,0.733197224827163
cka_primary,minilm,same_final_corpus_group,7,7,True,-0.047007585645097695,0.733197224827163
cka_primary,minilm,same_objective,7,7,True,0.3213948002170566,0.733197224827163
cka_primary,minilm,same_domain,7,7,True,-0.010404747490667087,0.733197224827163
cka_primary,minilm,same_pooling,7,7,True,-0.09783809699735219,0.733197224827163
cka_primary,pubmedbert,intercept,7,7,True,0.6990440951657881,0.7376539622502694
cka_primary,pubmedbert,same_architecture,7,7,True,-0.11364631537110619,0.7376539622502694
cka_primary,pubmedbert,same_lineage,7,7,True,0.07699047269715077,0.7376539622502694
cka_primary,pubmedbert,same_final_corpus_group,7,7,True,0.014498172868301991,0.7376539622502694
cka_primary,pubmedbert,same_objective,7,7,True,0.28128058912537257,0.7376539622502694
cka_primary,pubmedbert,same_domain,7,7,True,-0.06114389269569361,0.7376539622502694
cka_primary,pubmedbert,same_pooling,7,7,True,-0.10728863358071741,0.7376539622502694
cka_primary,biobert,intercept,7,7,True,0.7014921498125435,0.7246843232667977
cka_primary,biobert,same_architecture,7,7,True,-0.1258106142820496,0.7246843232667977
cka_primary,biobert,same_lineage,7,7,True,0.11911795295345415,0.7246843232667977
cka_primary,biobert,same_final_corpus_group,7,7,True,-0.021360735016481072,0.7246843232667977
cka_primary,biobert,same_objective,7,7,True,0.311491238819805,0.7246843232667977
cka_primary,biobert,same_domain,7,7,True,-0.07795935896646551,0.7246843232667977
cka_primary,biobert,same_pooling,7,7,True,-0.10974534977536993,0.7246843232667977
cka_primary,simcse,intercept,7,7,True,0.7329661461867878,0.9294033274430783
cka_primary,simcse,same_architecture,7,7,True,-0.19617310310672562,0.9294033274430783
cka_primary,simcse,same_lineage,7,7,True,0.022762997048225306,0.9294033274430783
cka_primary,simcse,same_final_corpus_group,7,7,True,-0.08920563969015102,0.9294033274430783
cka_primary,simcse,same_objective,7,7,True,0.460737422631166,0.9294033274430783
cka_primary,simcse,same_domain,7,7,True,0.030087670786409053,0.9294033274430783
cka_primary,simcse,same_pooling,7,7,True,-0.20562957149275127,0.9294033274430783
cka_equal2048,specter,intercept,7,7,True,0.669148929361854,0.7394811397881162
cka_equal2048,specter,same_architecture,7,7,True,-0.09373225290754006,0.7394811397881162
cka_equal2048,specter,same_lineage,7,7,True,0.0581162972919076,0.7394811397881162
cka_equal2048,specter,same_final_corpus_group,7,7,True,-0.03589197328351684,0.7394811397881162
cka_equal2048,specter,same_objective,7,7,True,0.33437988427761656,0.7394811397881162
cka_equal2048,specter,same_domain,7,7,True,-0.012981144851185232,0.7394811397881162
cka_equal2048,specter,same_pooling,7,7,True,-0.11663114984198794,0.7394811397881162
cka_equal2048,specter2,intercept,7,7,True,0.6718649554292662,0.7225427526194175
cka_equal2048,specter2,same_architecture,7,7,True,-0.08789287451281425,0.7225427526194175
cka_equal2048,specter2,same_lineage,7,7,True,0.05048781301435649,0.7225427526194175
cka_equal2048,specter2,same_final_corpus_group,7,7,True,-0.02721115428104287,0.7225427526194175
cka_equal2048,specter2,same_objective,7,7,True,0.32692232498026164,0.7225427526194175
cka_equal2048,specter2,same_domain,7,7,True,-0.016985810447470707,0.7225427526194175
cka_equal2048,specter2,same_pooling,7,7,True,-0.11579013669446502,0.7225427526194175
cka_equal2048,scincl,intercept,7,7,True,0.6670954592468701,0.732966560458669
cka_equal2048,scincl,same_architecture,7,7,True,-0.08582098869955421,0.732966560458669
cka_equal2048,scincl,same_lineage,7,7,True,0.04718287181079949,0.732966560458669
cka_equal2048,scincl,same_final_corpus_group,7,7,True,-0.060937100468205836,0.732966560458669
cka_equal2048,scincl,same_objective,7,7,True,0.32817045486765106,0.732966560458669
cka_equal2048,scincl,same_domain,7,7,True,-0.009528193649564245,0.732966560458669
cka_equal2048,scincl,same_pooling,7,7,True,-0.11503276881177671,0.732966560458669
cka_equal2048,scibert,intercept,7,7,True,0.6793362267203729,0.7208174258971647
cka_equal2048,scibert,same_architecture,7,7,True,-0.1094214880322662,0.7208174258971647
cka_equal2048,scibert,same_lineage,7,7,True,0.09228580175025625,0.7208174258971647
cka_equal2048,scibert,same_final_corpus_group,7,7,True,-0.0572592136827032,0.7208174258971647
cka_equal2048,scibert,same_objective,7,7,True,0.30677120558325555,0.7208174258971647
cka_equal2048,scibert,same_domain,7,7,True,-0.005197907894721522,0.7208174258971647
cka_equal2048,scibert,same_pooling,7,7,True,-0.11190545593775916,0.7208174258971647
cka_equal2048,bert,intercept,7,7,True,0.6949061270389538,0.8291128920421015
cka_equal2048,bert,same_architecture,7,7,True,-0.11550100718356257,0.8291128920421015
cka_equal2048,bert,same_lineage,7,7,True,0.07584362963390227,0.8291128920421015
cka_equal2048,bert,same_final_corpus_group,7,7,True,-0.07261575665964284,0.8291128920421015
cka_equal2048,bert,same_objective,7,7,True,0.4289841561137658,0.8291128920421015
cka_equal2048,bert,same_domain,7,7,True,-0.0911147970470717,0.8291128920421015
cka_equal2048,bert,same_pooling,7,7,True,-0.13152360620682288,0.8291128920421015
cka_equal2048,mpnet,intercept,7,7,True,0.6511282686131733,0.767468764207724
cka_equal2048,mpnet,same_architecture,7,7,True,-0.08385741349823754,0.767468764207724
cka_equal2048,mpnet,same_lineage,7,7,True,0.04236324079600684,0.767468764207724
cka_equal2048,mpnet,same_final_corpus_group,7,7,True,-0.05414340746698147,0.767468764207724
cka_equal2048,mpnet,same_objective,7,7,True,0.3117290048777358,0.767468764207724
cka_equal2048,mpnet,same_domain,7,7,True,0.00682153725978958,0.767468764207724
cka_equal2048,mpnet,same_pooling,7,7,True,-0.0865093867052421,0.767468764207724
cka_equal2048,minilm,intercept,7,7,True,0.6776608085405815,0.7331139132410354
cka_equal2048,minilm,same_architecture,7,7,True,-0.10724589822061954,0.7331139132410354
cka_equal2048,minilm,same_lineage,7,7,True,0.05100257196429332,0.7331139132410354
cka_equal2048,minilm,same_final_corpus_group,7,7,True,-0.046969725214436764,0.7331139132410354
cka_equal2048,minilm,same_objective,7,7,True,0.32133392120707577,0.7331139132410354
cka_equal2048,minilm,same_domain,7,7,True,-0.01042621261155035,0.7331139132410354
cka_equal2048,minilm,same_pooling,7,7,True,-0.09782362178909962,0.7331139132410354
cka_equal2048,pubmedbert,intercept,7,7,True,0.6990547220467906,0.737620690144156
cka_equal2048,pubmedbert,same_architecture,7,7,True,-0.11363642183199472,0.737620690144156
cka_equal2048,pubmedbert,same_lineage,7,7,True,0.07698174417200236,0.737620690144156
cka_equal2048,pubmedbert,same_final_corpus_group,7,7,True,0.014538923329385727,0.737620690144156
cka_equal2048,pubmedbert,same_objective,7,7,True,0.28120130029117923,0.737620690144156
cka_equal2048,pubmedbert,same_domain,7,7,True,-0.06115770231543934,0.737620690144156
cka_equal2048,pubmedbert,same_pooling,7,7,True,-0.10725314502998486,0.737620690144156
cka_equal2048,biobert,intercept,7,7,True,0.7014883647811949,0.7246304395826657
cka_equal2048,biobert,same_architecture,7,7,True,-0.1257994524207303,0.7246304395826657
cka_equal2048,biobert,same_lineage,7,7,True,0.11910229558577996,0.7246304395826657
cka_equal2048,biobert,same_final_corpus_group,7,7,True,-0.021351072077268534,0.7246304395826657
cka_equal2048,biobert,same_objective,7,7,True,0.31145241009323094,0.7246304395826657
cka_equal2048,biobert,same_domain,7,7,True,-0.07795327392847873,0.7246304395826657
cka_equal2048,biobert,same_pooling,7,7,True,-0.10972047116552928,0.7246304395826657
cka_equal2048,simcse,intercept,7,7,True,0.7329612416919558,0.9293947224086433
cka_equal2048,simcse,same_architecture,7,7,True,-0.1961445074650383,0.9293947224086433
cka_equal2048,simcse,same_lineage,7,7,True,0.02274434966850268,0.9293947224086433
cka_equal2048,simcse,same_final_corpus_group,7,7,True,-0.08914727564412178,0.9293947224086433
cka_equal2048,simcse,same_objective,7,7,True,0.46064706492630086,0.9293947224086433
cka_equal2048,simcse,same_domain,7,7,True,0.03005851830173269,0.9293947224086433
cka_equal2048,simcse,same_pooling,7,7,True,-0.20557634085152918,0.9293947224086433
cka_quality,specter,intercept,7,7,True,0.6841842252235463,0.7481721688517615
cka_quality,specter,same_architecture,7,7,True,-0.0892086190701991,0.7481721688517615
cka_quality,specter,same_lineage,7,7,True,0.058390242935806434,0.7481721688517615
cka_quality,specter,same_final_corpus_group,7,7,True,-0.03987054827225536,0.7481721688517615
cka_quality,specter,same_objective,7,7,True,0.32099571280783895,0.7481721688517615
cka_quality,specter,same_domain,7,7,True,-0.015790094320449328,0.7481721688517615
cka_quality,specter,same_pooling,7,7,True,-0.10949617807293106,0.7481721688517615
cka_quality,specter2,intercept,7,7,True,0.6870462935067484,0.7329371499058709
cka_quality,specter2,same_architecture,7,7,True,-0.0828953422413902,0.7329371499058709
cka_quality,specter2,same_lineage,7,7,True,0.05053335555244311,0.7329371499058709
cka_quality,specter2,same_final_corpus_group,7,7,True,-0.030873667297565726,0.7329371499058709
cka_quality,specter2,same_objective,7,7,True,0.3131227576852923,0.7329371499058709
cka_quality,specter2,same_domain,7,7,True,-0.01978899807429607,0.7329371499058709
cka_quality,specter2,same_pooling,7,7,True,-0.10882260287286011,0.7329371499058709
cka_quality,scincl,intercept,7,7,True,0.6819940748762421,0.7413284377303686
cka_quality,scincl,same_architecture,7,7,True,-0.08176657789538028,0.7413284377303686
cka_quality,scincl,same_lineage,7,7,True,0.047880633718528014,0.7413284377303686
cka_quality,scincl,same_final_corpus_group,7,7,True,-0.06488131969669421,0.7413284377303686
cka_quality,scincl,same_objective,7,7,True,0.3152555800780886,0.7413284377303686
cka_quality,scincl,same_domain,7,7,True,-0.012296494689845363,0.7413284377303686
cka_quality,scincl,same_pooling,7,7,True,-0.1078386012395828,0.7413284377303686
cka_quality,scibert,intercept,7,7,True,0.6944123935705182,0.7313553310024652
cka_quality,scibert,same_architecture,7,7,True,-0.10312242062691829,0.7313553310024652
cka_quality,scibert,same_lineage,7,7,True,0.08737966006304242,0.7313553310024652
cka_quality,scibert,same_final_corpus_group,7,7,True,-0.05992105090236512,0.7313553310024652
cka_quality,scibert,same_objective,7,7,True,0.29671764586127714,0.7313553310024652
cka_quality,scibert,same_domain,7,7,True,-0.009322685567260857,0.7313553310024652
cka_quality,scibert,same_pooling,7,7,True,-0.1066040192837864,0.7313553310024652
cka_quality,bert,intercept,7,7,True,0.7097841403684175,0.854006383258811
cka_quality,bert,same_architecture,7,7,True,-0.10825220429511606,0.854006383258811
cka_quality,bert,same_lineage,7,7,True,0.07499039450240308,0.854006383258811
cka_quality,bert,same_final_corpus_group,7,7,True,-0.08172092097198798,0.854006383258811
cka_quality,bert,same_objective,7,7,True,0.41777334907266783,0.854006383258811
cka_quality,bert,same_domain,7,7,True,-0.09129313576122451,0.854006383258811
cka_quality,bert,same_pooling,7,7,True,-0.12612186210786255,0.854006383258811
cka_quality,mpnet,intercept,7,7,True,0.6678417033175506,0.7804845229496509
cka_quality,mpnet,same_architecture,7,7,True,-0.0790561008669718,0.7804845229496509
cka_quality,mpnet,same_lineage,7,7,True,0.04145284947903183,0.7804845229496509
cka_quality,mpnet,same_final_corpus_group,7,7,True,-0.06055956891398605,0.7804845229496509
cka_quality,mpnet,same_objective,7,7,True,0.3031348727053586,0.7804845229496509
cka_quality,mpnet,same_domain,7,7,True,0.005506151785440874,0.7804845229496509
cka_quality,mpnet,same_pooling,7,7,True,-0.08617180970920187,0.7804845229496509
cka_quality,minilm,intercept,7,7,True,0.6943751576692913,0.7457846446123819
cka_quality,minilm,same_architecture,7,7,True,-0.10259224111640446,0.7457846446123819
cka_quality,minilm,same_lineage,7,7,True,0.05040857244084202,0.7457846446123819
cka_quality,minilm,same_final_corpus_group,7,7,True,-0.05340782621069019,0.7457846446123819
cka_quality,minilm,same_objective,7,7,True,0.3120933491203248,0.7457846446123819
cka_quality,minilm,same_domain,7,7,True,-0.01203166242032468,0.7457846446123819
cka_quality,minilm,same_pooling,7,7,True,-0.09669725168581726,0.7457846446123819
cka_quality,pubmedbert,intercept,7,7,True,0.7128321638388109,0.7525772086752469
cka_quality,pubmedbert,same_architecture,7,7,True,-0.10892393300238089,0.7525772086752469
cka_quality,pubmedbert,same_lineage,7,7,True,0.07847015734059935,0.7525772086752469
cka_quality,pubmedbert,same_final_corpus_group,7,7,True,0.009931275369558014,0.7525772086752469
cka_quality,pubmedbert,same_objective,7,7,True,0.2685093779733278,0.7525772086752469
cka_quality,pubmedbert,same_domain,7,7,True,-0.06284835592281963,0.7525772086752469
cka_quality,pubmedbert,same_pooling,7,7,True,-0.1021089162570655,0.7525772086752469
cka_quality,biobert,intercept,7,7,True,0.713399521004906,0.7394989767116295
cka_quality,biobert,same_architecture,7,7,True,-0.12197031827583203,0.7394989767116295
cka_quality,biobert,same_lineage,7,7,True,0.12066515637711493,0.7394989767116295
cka_quality,biobert,same_final_corpus_group,7,7,True,-0.027912841983144403,0.7394989767116295
cka_quality,biobert,same_objective,7,7,True,0.3012453804781332,0.7394989767116295
cka_quality,biobert,same_domain,7,7,True,-0.0772636737728238,0.7394989767116295
cka_quality,biobert,same_pooling,7,7,True,-0.1050143010475583,0.7394989767116295
cka_quality,simcse,intercept,7,7,True,0.7416382003623303,0.9225112418284094
cka_quality,simcse,same_architecture,7,7,True,-0.17767132085582582,0.9225112418284094
cka_quality,simcse,same_lineage,7,7,True,0.019242464969529537,0.9225112418284094
cka_quality,simcse,same_final_corpus_group,7,7,True,-0.08790093673905212,0.9225112418284094
cka_quality,simcse,same_objective,7,7,True,0.43005425974055017,0.9225112418284094
cka_quality,simcse,same_domain,7,7,True,0.0265900594690377,0.9225112418284094
cka_quality,simcse,same_pooling,7,7,True,-0.18808472766266854,0.9225112418284094
cka_cls,specter,intercept,7,7,True,0.5264257522926199,0.405923407947006
cka_cls,specter,same_architecture,7,7,True,-0.06288239783665944,0.405923407947006
cka_cls,specter,same_lineage,7,7,True,0.03735363727427269,0.405923407947006
cka_cls,specter,same_final_corpus_group,7,7,True,0.16172771643582326,0.405923407947006
cka_cls,specter,same_objective,7,7,True,0.1865717404913619,0.405923407947006
cka_cls,specter,same_domain,7,7,True,-0.030599738547166785,0.405923407947006
cka_cls,specter,same_pooling,7,7,True,-0.01115763235788529,0.405923407947006
cka_cls,specter2,intercept,7,7,True,0.5294587149432066,0.3908754918224512
cka_cls,specter2,same_architecture,7,7,True,-0.057811043488761364,0.3908754918224512
cka_cls,specter2,same_lineage,7,7,True,0.03206082138991263,0.3908754918224512
cka_cls,specter2,same_final_corpus_group,7,7,True,0.16864562568270006,0.3908754918224512
cka_cls,specter2,same_objective,7,7,True,0.18165427755519523,0.3908754918224512
cka_cls,specter2,same_domain,7,7,True,-0.033874167602813504,0.3908754918224512
cka_cls,specter2,same_pooling,7,7,True,-0.012916612263535972,0.3908754918224512
cka_cls,scincl,intercept,7,7,True,0.5236318219522614,0.3829350019055777
cka_cls,scincl,same_architecture,7,7,True,-0.11894196351083472,0.3829350019055777
cka_cls,scincl,same_lineage,7,7,True,0.03394338842339884,0.3829350019055777
cka_cls,scincl,same_final_corpus_group,7,7,True,0.10328590564529348,0.3829350019055777
cka_cls,scincl,same_objective,7,7,True,0.18024934305069878,0.3829350019055777
cka_cls,scincl,same_domain,7,7,True,-0.028423094177716286,0.3829350019055777
cka_cls,scincl,same_pooling,7,7,True,0.05422386184421527,0.3829350019055777
cka_cls,scibert,intercept,7,7,True,0.5877855911692318,0.4809361898590431
cka_cls,scibert,same_architecture,7,7,True,-0.1517671721782619,0.4809361898590431
cka_cls,scibert,same_lineage,7,7,True,0.1063413195953723,0.4809361898590431
cka_cls,scibert,same_final_corpus_group,7,7,True,0.12815513262342304,0.4809361898590431
cka_cls,scibert,same_objective,7,7,True,0.1530840431668494,0.4809361898590431
cka_cls,scibert,same_domain,7,7,True,-0.052147819225322974,0.4809361898590431
cka_cls,scibert,same_pooling,7,7,True,0.016090890580571775,0.4809361898590431
cka_cls,bert,intercept,7,7,True,0.5780748180227849,0.5178769467947038
cka_cls,bert,same_architecture,7,7,True,-0.05245550034571892,0.5178769467947038
cka_cls,bert,same_lineage,7,7,True,0.007029647762829476,0.5178769467947038
cka_cls,bert,same_final_corpus_group,7,7,True,0.10058684995062621,0.5178769467947038
cka_cls,bert,same_objective,7,7,True,0.26854053943507084,0.5178769467947038
cka_cls,bert,same_domain,7,7,True,-0.054454430703422055,0.5178769467947038
cka_cls,bert,same_pooling,7,7,True,-0.05977993839030652,0.5178769467947038
cka_cls,mpnet,intercept,6,7,False,,0.529614931090965
cka_cls,mpnet,same_architecture,6,7,False,,0.529614931090965
cka_cls,mpnet,same_lineage,6,7,False,,0.529614931090965
cka_cls,mpnet,same_final_corpus_group,6,7,False,,0.529614931090965
cka_cls,mpnet,same_objective,6,7,False,,0.529614931090965
cka_cls,mpnet,same_domain,6,7,False,,0.529614931090965
cka_cls,mpnet,same_pooling,6,7,False,,0.529614931090965
cka_cls,minilm,intercept,6,7,False,,0.507774726227108
cka_cls,minilm,same_architecture,6,7,False,,0.507774726227108
cka_cls,minilm,same_lineage,6,7,False,,0.507774726227108
cka_cls,minilm,same_final_corpus_group,6,7,False,,0.507774726227108
cka_cls,minilm,same_objective,6,7,False,,0.507774726227108
cka_cls,minilm,same_domain,6,7,False,,0.507774726227108
cka_cls,minilm,same_pooling,6,7,False,,0.507774726227108
cka_cls,pubmedbert,intercept,7,7,True,0.6077260879339081,0.5107151801894338
cka_cls,pubmedbert,same_architecture,7,7,True,-0.13091057768094094,0.5107151801894338
cka_cls,pubmedbert,same_lineage,7,7,True,0.08548472509805126,0.5107151801894338
cka_cls,pubmedbert,same_final_corpus_group,7,7,True,0.24191142671166307,0.5107151801894338
cka_cls,pubmedbert,same_objective,7,7,True,0.11860185173305013,0.5107151801894338
cka_cls,pubmedbert,same_domain,7,7,True,-0.12472245026776453,0.5107151801894338
cka_cls,pubmedbert,same_pooling,7,7,True,-0.010549077796104433,0.5107151801894338
cka_cls,biobert,intercept,7,7,True,0.5954386047455756,0.4925458739323727
cka_cls,biobert,same_architecture,7,7,True,-0.1761159217314434,0.4925458739323727
cka_cls,biobert,same_lineage,7,7,True,0.130690069148554,0.4925458739323727
cka_cls,biobert,same_final_corpus_group,7,7,True,0.17636222277861216,0.4925458739323727
cka_cls,biobert,same_objective,7,7,True,0.16959275427943712,0.4925458739323727
cka_cls,biobert,same_domain,7,7,True,-0.1269932684660961,0.4925458739323727
cka_cls,biobert,same_pooling,7,7,True,0.018567524977223932,0.4925458739323727
cka_cls,simcse,intercept,7,7,True,0.5551587360574198,0.5400250198127436
cka_cls,simcse,same_architecture,7,7,True,-0.05894005784990852,0.5400250198127436
cka_cls,simcse,same_lineage,7,7,True,0.01351420526701879,0.5400250198127436
cka_cls,simcse,same_final_corpus_group,7,7,True,0.19447154860456226,0.5400250198127436
cka_cls,simcse,same_objective,7,7,True,0.23286374992321845,0.5400250198127436
cka_cls,simcse,same_domain,7,7,True,-0.06992941556700344,0.5400250198127436
cka_cls,simcse,same_pooling,7,7,True,-0.07959678070344402,0.5400250198127436
cka_sep,specter,intercept,7,7,True,0.5897319838692816,0.21333330502978975
cka_sep,specter,same_architecture,7,7,True,-0.0594562216196918,0.21333330502978975
cka_sep,specter,same_lineage,7,7,True,-0.02793809280409611,0.21333330502978975
cka_sep,specter,same_final_corpus_group,7,7,True,0.4186526986934354,0.21333330502978975
cka_sep,specter,same_objective,7,7,True,-0.013488862157422746,0.21333330502978975
cka_sep,specter,same_domain,7,7,True,-0.11696325809327994,0.21333330502978975
cka_sep,specter,same_pooling,7,7,True,-0.014031947066560656,0.21333330502978975
cka_sep,specter2,intercept,7,7,True,0.5927054872068868,0.2140283773161128
cka_sep,specter2,same_architecture,7,7,True,-0.05655808632815102,0.2140283773161128
cka_sep,specter2,same_lineage,7,7,True,-0.0326950437247771,0.2140283773161128
cka_sep,specter2,same_final_corpus_group,7,7,True,0.4243025114793642,0.2140283773161128
cka_sep,specter2,same_objective,7,7,True,-0.03171063186961101,0.2140283773161128
cka_sep,specter2,same_domain,7,7,True,-0.12023424881507493,0.2140283773161128
cka_sep,specter2,same_pooling,7,7,True,-0.00034382570977227337,0.2140283773161128
cka_sep,scincl,intercept,7,7,True,0.5884868864760632,0.19593813354586476
cka_sep,scincl,same_architecture,7,7,True,-0.05415868124733557,0.19593813354586476
cka_sep,scincl,same_lineage,7,7,True,-0.03708916902677943,0.19593813354586476
cka_sep,scincl,same_final_corpus_group,7,7,True,0.3915271171173153,0.19593813354586476
cka_sep,scincl,same_objective,7,7,True,-0.021693706446291112,0.19593813354586476
cka_sep,scincl,same_domain,7,7,True,-0.11325549420447856,0.19593813354586476
cka_sep,scincl,same_pooling,7,7,True,-0.008972327034516218,0.19593813354586476
cka_sep,scibert,intercept,7,7,True,0.6502596277109508,0.30399419354398893
cka_sep,scibert,same_architecture,7,7,True,-0.12735599516600896,0.30399419354398893
cka_sep,scibert,same_lineage,7,7,True,-0.033522292035425665,0.30399419354398893
cka_sep,scibert,same_final_corpus_group,7,7,True,0.4505975831088007,0.30399419354398893
cka_sep,scibert,same_objective,7,7,True,-0.003972714904830933,0.30399419354398893
cka_sep,scibert,same_domain,7,7,True,-0.18022478860671798,0.30399419354398893
cka_sep,scibert,same_pooling,7,7,True,0.0028974569704594087,0.30399419354398893
cka_sep,bert,intercept,7,7,True,0.6492986487921137,0.4853899217771668
cka_sep,bert,same_architecture,7,7,True,-0.021065565859279527,0.4853899217771668
cka_sep,bert,same_lineage,7,7,True,-0.06185262434881323,0.4853899217771668
cka_sep,bert,same_final_corpus_group,7,7,True,0.18799419249376828,0.4853899217771668
cka_sep,bert,same_objective,7,7,True,0.19893082976056362,0.4853899217771668
cka_sep,bert,same_domain,7,7,True,-0.07270458609535765,0.4853899217771668
cka_sep,bert,same_pooling,7,7,True,-0.10243199341743245,0.4853899217771668
cka_sep,mpnet,intercept,7,7,True,0.5838319219930104,0.20978751301992904
cka_sep,mpnet,same_architecture,7,7,True,-0.06647580237982913,0.20978751301992904
cka_sep,mpnet,same_lineage,7,7,True,-0.055430449454212764,0.20978751301992904
cka_sep,mpnet,same_final_corpus_group,7,7,True,0.39606414494357467,0.20978751301992904
cka_sep,mpnet,same_objective,7,7,True,-0.029770984221806508,0.20978751301992904
cka_sep,mpnet,same_domain,7,7,True,-0.049121815051093545,0.20978751301992904
cka_sep,mpnet,same_pooling,7,7,True,0.008444969902220508,0.20978751301992904
cka_sep,minilm,intercept,7,7,True,0.6097270290359311,0.21728916638643903
cka_sep,minilm,same_architecture,7,7,True,-0.09130149776550367,0.21728916638643903
cka_sep,minilm,same_lineage,7,7,True,-0.04482188581432837,0.21728916638643903
cka_sep,minilm,same_final_corpus_group,7,7,True,0.40183896789270535,0.21728916638643903
cka_sep,minilm,same_objective,7,7,True,-0.028616019631980325,0.21728916638643903
cka_sep,minilm,same_domain,7,7,True,-0.06666016622993452,0.21728916638643903
cka_sep,minilm,same_pooling,7,7,True,0.007375558244974229,0.21728916638643903
cka_sep,pubmedbert,intercept,7,7,True,0.6405636585527884,0.46054068045937935
cka_sep,pubmedbert,same_architecture,7,7,True,-0.19986995357477202,0.46054068045937935
cka_sep,pubmedbert,same_lineage,7,7,True,0.15955402481720612,0.46054068045937935
cka_sep,pubmedbert,same_final_corpus_group,7,7,True,0.5280852961849968,0.46054068045937935
cka_sep,pubmedbert,same_objective,7,7,True,-0.18726610518992523,0.46054068045937935
cka_sep,pubmedbert,same_domain,7,7,True,-0.2373548386394849,0.46054068045937935
cka_sep,pubmedbert,same_pooling,7,7,True,0.08510738453738509,0.46054068045937935
cka_sep,biobert,intercept,7,7,True,0.6643635976763936,0.4647362626171804
cka_sep,biobert,same_architecture,7,7,True,-0.2046239680342547,0.4647362626171804
cka_sep,biobert,same_lineage,7,7,True,0.21965644802302633,0.4647362626171804
cka_sep,biobert,same_final_corpus_group,7,7,True,0.5002062557224153,0.4647362626171804
cka_sep,biobert,same_objective,7,7,True,-0.15417824224980461,0.4647362626171804
cka_sep,biobert,same_domain,7,7,True,-0.288828982136259,0.4647362626171804
cka_sep,biobert,same_pooling,7,7,True,0.06606145987326155,0.4647362626171804
cka_sep,simcse,intercept,6,7,False,,0.24979954446958486
cka_sep,simcse,same_architecture,6,7,False,,0.24979954446958486
cka_sep,simcse,same_lineage,6,7,False,,0.24979954446958486
cka_sep,simcse,same_final_corpus_group,6,7,False,,0.24979954446958486
cka_sep,simcse,same_objective,6,7,False,,0.24979954446958486
cka_sep,simcse,same_domain,6,7,False,,0.24979954446958486
cka_sep,simcse,same_pooling,6,7,False,,0.24979954446958486
neighbors_2048_mean_k25,specter,intercept,7,7,True,0.368980296145683,0.750320433934035
neighbors_2048_mean_k25,specter,same_architecture,7,7,True,-0.11442090545816205,0.750320433934035
neighbors_2048_mean_k25,specter,same_lineage,7,7,True,0.03250209779466512,0.750320433934035
neighbors_2048_mean_k25,specter,same_final_corpus_group,7,7,True,-0.008900414525200538,0.750320433934035
neighbors_2048_mean_k25,specter,same_objective,7,7,True,0.3227503905478344,0.750320433934035
neighbors_2048_mean_k25,specter,same_domain,7,7,True,-0.025219850106755922,0.750320433934035
neighbors_2048_mean_k25,specter,same_pooling,7,7,True,-0.10904074178750646,0.750320433934035
neighbors_2048_mean_k25,specter2,intercept,7,7,True,0.3726031212159491,0.7512035360550994
neighbors_2048_mean_k25,specter2,same_architecture,7,7,True,-0.10902029726255327,0.7512035360550994
neighbors_2048_mean_k25,specter2,same_lineage,7,7,True,0.032912375420178795,0.7512035360550994
neighbors_2048_mean_k25,specter2,same_final_corpus_group,7,7,True,0.01901739807543198,0.7512035360550994
neighbors_2048_mean_k25,specter2,same_objective,7,7,True,0.3159677533180649,0.7512035360550994
neighbors_2048_mean_k25,specter2,same_domain,7,7,True,-0.02930672015843187,0.7512035360550994
neighbors_2048_mean_k25,specter2,same_pooling,7,7,True,-0.11066877241925145,0.7512035360550994
neighbors_2048_mean_k25,scincl,intercept,7,7,True,0.35853739279477015,0.7558872695065131
neighbors_2048_mean_k25,scincl,same_architecture,7,7,True,-0.10190877713142922,0.7558872695065131
neighbors_2048_mean_k25,scincl,same_lineage,7,7,True,0.022343046577334217,0.7558872695065131
neighbors_2048_mean_k25,scincl,same_final_corpus_group,7,7,True,-0.030569579247011435,0.7558872695065131
neighbors_2048_mean_k25,scincl,same_objective,7,7,True,0.31394623912155156,0.7558872695065131
neighbors_2048_mean_k25,scincl,same_domain,7,7,True,-0.018100822746071728,0.7558872695065131
neighbors_2048_mean_k25,scincl,same_pooling,7,7,True,-0.10179914469426939,0.7558872695065131
neighbors_2048_mean_k25,scibert,intercept,7,7,True,0.37919461185056164,0.7272465652642894
neighbors_2048_mean_k25,scibert,same_architecture,7,7,True,-0.1275462131087868,0.7272465652642894
neighbors_2048_mean_k25,scibert,same_lineage,7,7,True,0.045050168203743655,0.7272465652642894
neighbors_2048_mean_k25,scibert,same_final_corpus_group,7,7,True,-0.013587492744770288,0.7272465652642894
neighbors_2048_mean_k25,scibert,same_objective,7,7,True,0.3008079085387207,0.7272465652642894
neighbors_2048_mean_k25,scibert,same_domain,7,7,True,-0.028023008576220906,0.7272465652642894
neighbors_2048_mean_k25,scibert,same_pooling,7,7,True,-0.10418671465633575,0.7272465652642894
neighbors_2048_mean_k25,bert,intercept,7,7,True,0.39191731427225884,0.852256810866466
neighbors_2048_mean_k25,bert,same_architecture,7,7,True,-0.12922675506364067,0.852256810866466
neighbors_2048_mean_k25,bert,same_lineage,7,7,True,0.050137445030904136,0.852256810866466
neighbors_2048_mean_k25,bert,same_final_corpus_group,7,7,True,-0.07176189179023568,0.852256810866466
neighbors_2048_mean_k25,bert,same_objective,7,7,True,0.41689615700806476,0.852256810866466
neighbors_2048_mean_k25,bert,same_domain,7,7,True,-0.08515798773986397,0.852256810866466
neighbors_2048_mean_k25,bert,same_pooling,7,7,True,-0.1202433384924981,0.852256810866466
neighbors_2048_mean_k25,mpnet,intercept,7,7,True,0.3467818872580374,0.7796819279914996
neighbors_2048_mean_k25,mpnet,same_architecture,7,7,True,-0.09875085758183674,0.7796819279914996
neighbors_2048_mean_k25,mpnet,same_lineage,7,7,True,0.02496376586197517,0.7796819279914996
neighbors_2048_mean_k25,mpnet,same_final_corpus_group,7,7,True,-0.05232285399752942,0.7796819279914996
neighbors_2048_mean_k25,mpnet,same_objective,7,7,True,0.2967874504229625,0.7796819279914996
neighbors_2048_mean_k25,mpnet,same_domain,7,7,True,0.000284085617752565,0.7796819279914996
neighbors_2048_mean_k25,mpnet,same_pooling,7,7,True,-0.0795437079499512,0.7796819279914996
neighbors_2048_mean_k25,minilm,intercept,7,7,True,0.3708056992230823,0.7462125641261772
neighbors_2048_mean_k25,minilm,same_architecture,7,7,True,-0.11960301328568099,0.7462125641261772
neighbors_2048_mean_k25,minilm,same_lineage,7,7,True,0.030143615903720517,0.7462125641261772
neighbors_2048_mean_k25,minilm,same_final_corpus_group,7,7,True,-0.04662329282590017,0.7462125641261772
neighbors_2048_mean_k25,minilm,same_objective,7,7,True,0.30745018152300024,0.7462125641261772
neighbors_2048_mean_k25,minilm,same_domain,7,7,True,-0.01173523782994779,0.7462125641261772
neighbors_2048_mean_k25,minilm,same_pooling,7,7,True,-0.09223818307686396,0.7462125641261772
neighbors_2048_mean_k25,pubmedbert,intercept,7,7,True,0.393434146258725,0.7605348195887535
neighbors_2048_mean_k25,pubmedbert,same_architecture,7,7,True,-0.1333404078268101,0.7605348195887535
neighbors_2048_mean_k25,pubmedbert,same_lineage,7,7,True,0.05854703489814372,0.7605348195887535
neighbors_2048_mean_k25,pubmedbert,same_final_corpus_group,7,7,True,0.03430436260468583,0.7605348195887535
neighbors_2048_mean_k25,pubmedbert,same_objective,7,7,True,0.27108844253554204,0.7605348195887535
neighbors_2048_mean_k25,pubmedbert,same_domain,7,7,True,-0.06749701566077514,0.7605348195887535
neighbors_2048_mean_k25,pubmedbert,same_pooling,7,7,True,-0.10290163530850482,0.7605348195887535
neighbors_2048_mean_k25,biobert,intercept,7,7,True,0.4005313952244099,0.7704285298773607
neighbors_2048_mean_k25,biobert,same_architecture,7,7,True,-0.1476936855762108,0.7704285298773607
neighbors_2048_mean_k25,biobert,same_lineage,7,7,True,0.10908238932762161,0.7704285298773607
neighbors_2048_mean_k25,biobert,same_final_corpus_group,7,7,True,0.0011250708497373176,0.7704285298773607
neighbors_2048_mean_k25,biobert,same_objective,7,7,True,0.29500086955865906,0.7704285298773607
neighbors_2048_mean_k25,biobert,same_domain,7,7,True,-0.0927590848204358,0.7704285298773607
neighbors_2048_mean_k25,biobert,same_pooling,7,7,True,-0.10260650789275555,0.7704285298773607
neighbors_2048_mean_k25,simcse,intercept,7,7,True,0.4315132932170336,0.9243655700160904
neighbors_2048_mean_k25,simcse,same_architecture,7,7,True,-0.20446019792382086,0.9243655700160904
neighbors_2048_mean_k25,simcse,same_lineage,7,7,True,0.0014928757914993336,0.9243655700160904
neighbors_2048_mean_k25,simcse,same_final_corpus_group,7,7,True,-0.07121021306283885,0.9243655700160904
neighbors_2048_mean_k25,simcse,same_objective,7,7,True,0.4361491379921428,0.9243655700160904
neighbors_2048_mean_k25,simcse,same_domain,7,7,True,0.026489811249018808,0.9243655700160904
neighbors_2048_mean_k25,simcse,same_pooling,7,7,True,-0.19838326706294226,0.9243655700160904
neighbors_2048_cls_k25,specter,intercept,7,7,True,0.24674544701697282,0.4497665728212118
neighbors_2048_cls_k25,specter,same_architecture,7,7,True,-0.14514335767652256,0.4497665728212118
neighbors_2048_cls_k25,specter,same_lineage,7,7,True,0.010896362484214234,0.4497665728212118
neighbors_2048_cls_k25,specter,same_final_corpus_group,7,7,True,0.18183959272491806,0.4497665728212118
neighbors_2048_cls_k25,specter,same_objective,7,7,True,0.11217235282187155,0.4497665728212118
neighbors_2048_cls_k25,specter,same_domain,7,7,True,-0.026682269186808515,0.4497665728212118
neighbors_2048_cls_k25,specter,same_pooling,7,7,True,0.06065865066150783,0.4497665728212118
neighbors_2048_cls_k25,specter2,intercept,7,7,True,0.2503893531187723,0.4528005559430619
neighbors_2048_cls_k25,specter2,same_architecture,7,7,True,-0.0995158450112038,0.4528005559430619
neighbors_2048_cls_k25,specter2,same_lineage,7,7,True,0.009165935155434065,0.4528005559430619
neighbors_2048_cls_k25,specter2,same_final_corpus_group,7,7,True,0.22939198415719525,0.4528005559430619
neighbors_2048_cls_k25,specter2,same_objective,7,7,True,0.10814663490679008,0.4528005559430619
neighbors_2048_cls_k25,specter2,same_domain,7,7,True,-0.02933820917291429,0.4528005559430619
neighbors_2048_cls_k25,specter2,same_pooling,7,7,True,0.01614401102861865,0.4528005559430619
neighbors_2048_cls_k25,scincl,intercept,7,7,True,0.23913671280393883,0.4546554943540865
neighbors_2048_cls_k25,scincl,same_architecture,7,7,True,-0.1922212956080246,0.4546554943540865
neighbors_2048_cls_k25,scincl,same_lineage,7,7,True,0.007216187434947278,0.4546554943540865
neighbors_2048_cls_k25,scincl,same_final_corpus_group,7,7,True,0.12994518328244553,0.4546554943540865
neighbors_2048_cls_k25,scincl,same_objective,7,7,True,0.10980102626657627,0.4546554943540865
neighbors_2048_cls_k25,scincl,same_domain,7,7,True,-0.02163853838349718,0.4546554943540865
neighbors_2048_cls_k25,scincl,same_pooling,7,7,True,0.11748939006899842,0.4546554943540865
neighbors_2048_cls_k25,scibert,intercept,7,7,True,0.3002985012605536,0.5382395267777518
neighbors_2048_cls_k25,scibert,same_architecture,7,7,True,-0.17631651092968256,0.5382395267777518
neighbors_2048_cls_k25,scibert,same_lineage,7,7,True,0.039782506522631426,0.5382395267777518
neighbors_2048_cls_k25,scibert,same_final_corpus_group,7,7,True,0.19392768649351141,0.5382395267777518
neighbors_2048_cls_k25,scibert,same_objective,7,7,True,0.09783629258032356,0.5382395267777518
neighbors_2048_cls_k25,scibert,same_domain,7,7,True,-0.05757645513309095,0.5382395267777518
neighbors_2048_cls_k25,scibert,same_pooling,7,7,True,0.040247748837163914,0.5382395267777518
neighbors_2048_cls_k25,bert,intercept,7,7,True,0.2884250748916901,0.5574994781925572
neighbors_2048_cls_k25,bert,same_architecture,7,7,True,-0.14608039607236098,0.5574994781925572
neighbors_2048_cls_k25,bert,same_lineage,7,7,True,0.009546391665309403,0.5574994781925572
neighbors_2048_cls_k25,bert,same_final_corpus_group,7,7,True,0.11742647385488428,0.5574994781925572
neighbors_2048_cls_k25,bert,same_objective,7,7,True,0.18739813011222375,0.5574994781925572
neighbors_2048_cls_k25,bert,same_domain,7,7,True,-0.04375023878509783,0.5574994781925572
neighbors_2048_cls_k25,bert,same_pooling,7,7,True,0.025234333964761827,0.5574994781925572
neighbors_2048_cls_k25,mpnet,intercept,6,7,False,,0.5494662923516858
neighbors_2048_cls_k25,mpnet,same_architecture,6,7,False,,0.5494662923516858
neighbors_2048_cls_k25,mpnet,same_lineage,6,7,False,,0.5494662923516858
neighbors_2048_cls_k25,mpnet,same_final_corpus_group,6,7,False,,0.5494662923516858
neighbors_2048_cls_k25,mpnet,same_objective,6,7,False,,0.5494662923516858
neighbors_2048_cls_k25,mpnet,same_domain,6,7,False,,0.5494662923516858
neighbors_2048_cls_k25,mpnet,same_pooling,6,7,False,,0.5494662923516858
neighbors_2048_cls_k25,minilm,intercept,6,7,False,,0.5161082910164562
neighbors_2048_cls_k25,minilm,same_architecture,6,7,False,,0.5161082910164562
neighbors_2048_cls_k25,minilm,same_lineage,6,7,False,,0.5161082910164562
neighbors_2048_cls_k25,minilm,same_final_corpus_group,6,7,False,,0.5161082910164562
neighbors_2048_cls_k25,minilm,same_objective,6,7,False,,0.5161082910164562
neighbors_2048_cls_k25,minilm,same_domain,6,7,False,,0.5161082910164562
neighbors_2048_cls_k25,minilm,same_pooling,6,7,False,,0.5161082910164562
neighbors_2048_cls_k25,pubmedbert,intercept,7,7,True,0.31168989505043526,0.5802704721579328
neighbors_2048_cls_k25,pubmedbert,same_architecture,7,7,True,-0.1975807712434834,0.5802704721579328
neighbors_2048_cls_k25,pubmedbert,same_lineage,7,7,True,0.06104676683643185,0.5802704721579328
neighbors_2048_cls_k25,pubmedbert,same_final_corpus_group,7,7,True,0.2576384127182603,0.5802704721579328
neighbors_2048_cls_k25,pubmedbert,same_objective,7,7,True,0.053297744587542516,0.5802704721579328
neighbors_2048_cls_k25,pubmedbert,same_domain,7,7,True,-0.10397382738806135,0.5802704721579328
neighbors_2048_cls_k25,pubmedbert,same_pooling,7,7,True,0.05608154907028469,0.5802704721579328
neighbors_2048_cls_k25,biobert,intercept,7,7,True,0.3141314903846153,0.5789549661504381
neighbors_2048_cls_k25,biobert,same_architecture,7,7,True,-0.26295851475997983,0.5789549661504381
neighbors_2048_cls_k25,biobert,same_lineage,7,7,True,0.1264245103529285,0.5789549661504381
neighbors_2048_cls_k25,biobert,same_final_corpus_group,7,7,True,0.19523436134178304,0.5789549661504381
neighbors_2048_cls_k25,biobert,same_objective,7,7,True,0.09181546838578084,0.5789549661504381
neighbors_2048_cls_k25,biobert,same_domain,7,7,True,-0.13030175030048075,0.5789549661504381
neighbors_2048_cls_k25,biobert,same_pooling,7,7,True,0.10385420422676321,0.5789549661504381
neighbors_2048_cls_k25,simcse,intercept,7,7,True,0.2739098840034717,0.5234496325434592
neighbors_2048_cls_k25,simcse,same_architecture,7,7,True,-0.1391706374276294,0.5234496325434592
neighbors_2048_cls_k25,simcse,same_lineage,7,7,True,0.002636633020577789,0.5234496325434592
neighbors_2048_cls_k25,simcse,same_final_corpus_group,7,7,True,0.20439268906560282,0.5234496325434592
neighbors_2048_cls_k25,simcse,same_objective,7,7,True,0.13180719293238208,0.5234496325434592
neighbors_2048_cls_k25,simcse,same_domain,7,7,True,-0.048230666389685845,0.5234496325434592
neighbors_2048_cls_k25,simcse,same_pooling,7,7,True,0.012854674426691241,0.5234496325434592
neighbors_2048_sep_k25,specter,intercept,7,7,True,0.30310904782394765,0.38038366301081705
neighbors_2048_sep_k25,specter,same_architecture,7,7,True,-0.0710040314336011,0.38038366301081705
neighbors_2048_sep_k25,specter,same_lineage,7,7,True,-0.006302299240027471,0.38038366301081705
neighbors_2048_sep_k25,specter,same_final_corpus_group,7,7,True,0.25939086748679924,0.38038366301081705
neighbors_2048_sep_k25,specter,same_objective,7,7,True,0.07049887567529962,0.38038366301081705
neighbors_2048_sep_k25,specter,same_domain,7,7,True,-0.055677433177155095,0.38038366301081705
neighbors_2048_sep_k25,specter,same_pooling,7,7,True,-0.03105791602976959,0.38038366301081705
neighbors_2048_sep_k25,specter2,intercept,7,7,True,0.30580829917674646,0.3883996340935464
neighbors_2048_sep_k25,specter2,same_architecture,7,7,True,-0.06545385602719969,0.3883996340935464
neighbors_2048_sep_k25,specter2,same_lineage,7,7,True,-0.005765780259915338,0.3883996340935464
neighbors_2048_sep_k25,specter2,same_final_corpus_group,7,7,True,0.2873322808926954,0.3883996340935464
neighbors_2048_sep_k25,specter2,same_objective,7,7,True,0.059801070047635276,0.3883996340935464
neighbors_2048_sep_k25,specter2,same_domain,7,7,True,-0.05975338041051157,0.3883996340935464
neighbors_2048_sep_k25,specter2,same_pooling,7,7,True,-0.02801963245243136,0.3883996340935464
neighbors_2048_sep_k25,scincl,intercept,7,7,True,0.29686397473660947,0.35813717020746105
neighbors_2048_sep_k25,scincl,same_architecture,7,7,True,-0.06224599604191996,0.35813717020746105
neighbors_2048_sep_k25,scincl,same_lineage,7,7,True,-0.016275180194832973,0.35813717020746105
neighbors_2048_sep_k25,scincl,same_final_corpus_group,7,7,True,0.23632860126837263,0.35813717020746105
neighbors_2048_sep_k25,scincl,same_objective,7,7,True,0.06745909388696526,0.35813717020746105
neighbors_2048_sep_k25,scincl,same_domain,7,7,True,-0.04921360788657362,0.35813717020746105
neighbors_2048_sep_k25,scincl,same_pooling,7,7,True,-0.029946253935074222,0.35813717020746105
neighbors_2048_sep_k25,scibert,intercept,7,7,True,0.3557117967570179,0.5043571808005121
neighbors_2048_sep_k25,scibert,same_architecture,7,7,True,-0.1074300339630657,0.5043571808005121
neighbors_2048_sep_k25,scibert,same_lineage,7,7,True,-0.004161171041199437,0.5043571808005121
neighbors_2048_sep_k25,scibert,same_final_corpus_group,7,7,True,0.2092809881166252,0.5043571808005121
neighbors_2048_sep_k25,scibert,same_objective,7,7,True,0.12891825210572072,0.5043571808005121
neighbors_2048_sep_k25,scibert,same_domain,7,7,True,-0.09562047830480873,0.5043571808005121
neighbors_2048_sep_k25,scibert,same_pooling,7,7,True,-0.042263884188183144,0.5043571808005121
neighbors_2048_sep_k25,bert,intercept,7,7,True,0.3345370048459373,0.5017893847416663
neighbors_2048_sep_k25,bert,same_architecture,7,7,True,-0.061373956468533226,0.5017893847416663
neighbors_2048_sep_k25,bert,same_lineage,7,7,True,-0.05937800503598085,0.5017893847416663
neighbors_2048_sep_k25,bert,same_final_corpus_group,7,7,True,0.20927510337150773,0.5017893847416663
neighbors_2048_sep_k25,bert,same_objective,7,7,True,0.1322021559844339,0.5017893847416663
neighbors_2048_sep_k25,bert,same_domain,7,7,True,-0.04597185256868575,0.5017893847416663
neighbors_2048_sep_k25,bert,same_pooling,7,7,True,-0.06714516977163452,0.5017893847416663
neighbors_2048_sep_k25,mpnet,intercept,7,7,True,0.30302492920189106,0.3877587605309709
neighbors_2048_sep_k25,mpnet,same_architecture,7,7,True,-0.06939014878122568,0.3877587605309709
neighbors_2048_sep_k25,mpnet,same_lineage,7,7,True,-0.02120567053469265,0.3877587605309709
neighbors_2048_sep_k25,mpnet,same_final_corpus_group,7,7,True,0.22223479544146446,0.3877587605309709
neighbors_2048_sep_k25,mpnet,same_objective,7,7,True,0.06424835131585693,0.3877587605309709
neighbors_2048_sep_k25,mpnet,same_domain,7,7,True,-0.033095585196987715,0.3877587605309709
neighbors_2048_sep_k25,mpnet,same_pooling,7,7,True,-0.02761690181489601,0.3877587605309709
neighbors_2048_sep_k25,minilm,intercept,7,7,True,0.32357299406249224,0.3828214248634685
neighbors_2048_sep_k25,minilm,same_architecture,7,7,True,-0.0892144839165043,0.3828214248634685
neighbors_2048_sep_k25,minilm,same_lineage,7,7,True,-0.014026271659493463,0.3828214248634685
neighbors_2048_sep_k25,minilm,same_final_corpus_group,7,7,True,0.2261429359582058,0.3828214248634685
neighbors_2048_sep_k25,minilm,same_objective,7,7,True,0.06502997941920523,0.3828214248634685
neighbors_2048_sep_k25,minilm,same_domain,7,7,True,-0.04496475269227644,0.3828214248634685
neighbors_2048_sep_k25,minilm,same_pooling,7,7,True,-0.028340631540218375,0.3828214248634685
neighbors_2048_sep_k25,pubmedbert,intercept,7,7,True,0.34318598327620775,0.6240210371145267
neighbors_2048_sep_k25,pubmedbert,same_architecture,7,7,True,-0.14821625506402258,0.6240210371145267
neighbors_2048_sep_k25,pubmedbert,same_lineage,7,7,True,0.08406578505005795,0.6240210371145267
neighbors_2048_sep_k25,pubmedbert,same_final_corpus_group,7,7,True,0.31956156948837194,0.6240210371145267
neighbors_2048_sep_k25,pubmedbert,same_objective,7,7,True,-0.017557735641685987,0.6240210371145267
neighbors_2048_sep_k25,pubmedbert,same_domain,7,7,True,-0.1357918442728312,0.6240210371145267
neighbors_2048_sep_k25,pubmedbert,same_pooling,7,7,True,0.011048150393584352,0.6240210371145267
neighbors_2048_sep_k25,biobert,intercept,7,7,True,0.3566305288461541,0.6059915196275338
neighbors_2048_sep_k25,biobert,same_architecture,7,7,True,-0.1356604830228368,0.6059915196275338
neighbors_2048_sep_k25,biobert,same_lineage,7,7,True,0.08046193352545883,0.6059915196275338
neighbors_2048_sep_k25,biobert,same_final_corpus_group,7,7,True,0.32797370337995335,0.6059915196275338
neighbors_2048_sep_k25,biobert,same_objective,7,7,True,-0.002207532051281654,0.6059915196275338
neighbors_2048_sep_k25,biobert,same_domain,7,7,True,-0.15371235010107093,0.6059915196275338
neighbors_2048_sep_k25,biobert,same_pooling,7,7,True,-0.01495216721754815,0.6059915196275338
neighbors_2048_sep_k25,simcse,intercept,6,7,False,,0.4368481557341667
neighbors_2048_sep_k25,simcse,same_architecture,6,7,False,,0.4368481557341667
neighbors_2048_sep_k25,simcse,same_lineage,6,7,False,,0.4368481557341667
neighbors_2048_sep_k25,simcse,same_final_corpus_group,6,7,False,,0.4368481557341667
neighbors_2048_sep_k25,simcse,same_objective,6,7,False,,0.4368481557341667
neighbors_2048_sep_k25,simcse,same_domain,6,7,False,,0.4368481557341667
neighbors_2048_sep_k25,simcse,same_pooling,6,7,False,,0.4368481557341667
