metric,input_condition,model,measure,n,mean,median,min,max,p025,p975,positive_count,negative_count
cka,title,specter,model_change_at_full,26,0.3624479175282843,0.3595300255326302,0.20093445712397465,0.4574100706252435,0.240447894511766,0.4477986735324573,26,0
cka,title,specter,input_change_from_full,26,0.20775347228574706,0.19801112802014775,0.11930563397312344,0.3717343794089413,0.12732769231009733,0.3280068353305179,26,0
cka,title,specter,model_minus_input,26,0.15469444524253728,0.15804085869624337,0.08162882315085121,0.2628289679942601,0.08415811569175811,0.22602540721632758,26,0
cka,abstract,specter,model_change_at_full,26,0.3624479175282843,0.3595300255326302,0.20093445712397465,0.4574100706252435,0.240447894511766,0.4477986735324573,26,0
cka,abstract,specter,input_change_from_full,26,0.04445980547085593,0.044231170120630825,0.028860893264289755,0.06819588663926801,0.02971738535771623,0.061442925512319696,26,0
cka,abstract,specter,model_minus_input,26,0.31798811205742844,0.31837611671757937,0.17070317651020253,0.39620339720442804,0.20312850096884547,0.39183513894289523,26,0
cka,title,specter2,model_change_at_full,26,0.37463352676993544,0.37488949922138964,0.2278371899870112,0.45033639062759623,0.27766650881905847,0.44750168944214663,26,0
cka,title,specter2,input_change_from_full,26,0.20305727630888024,0.1946289275135517,0.11698142139332146,0.3139268585152676,0.133405592044107,0.2903969680450711,26,0
cka,title,specter2,model_minus_input,26,0.17157625046105524,0.16446426989926846,0.11085576859368973,0.27608937620286267,0.11585120889684859,0.24688817120975246,26,0
cka,abstract,specter2,model_change_at_full,26,0.37463352676993544,0.37488949922138964,0.2278371899870112,0.45033639062759623,0.27766650881905847,0.44750168944214663,26,0
cka,abstract,specter2,input_change_from_full,26,0.048103139423527716,0.04309789778023476,0.029951932353154076,0.10021750499552085,0.029984886967421867,0.09188106498864008,26,0
cka,abstract,specter2,model_minus_input,26,0.3265303873464077,0.3315469467473987,0.19788525763385711,0.40932578116255514,0.24267452705217923,0.39281948713105874,26,0
cka,title,scincl,model_change_at_full,26,0.36020252987273454,0.3631565972131485,0.22525646790483714,0.4404996176439133,0.26221693730930085,0.4349319924927196,26,0
cka,title,scincl,input_change_from_full,26,0.20520277627729294,0.18782003694647004,0.114509665291051,0.4082837491469222,0.12818497319094915,0.3665581859619177,26,0
cka,title,scincl,model_minus_input,26,0.15499975359544166,0.16080256205806992,0.010677774532674766,0.26969773916848566,0.04049646319054924,0.2302392841296229,26,0
cka,abstract,scincl,model_change_at_full,26,0.36020252987273454,0.3631565972131485,0.22525646790483714,0.4404996176439133,0.26221693730930085,0.4349319924927196,26,0
cka,abstract,scincl,input_change_from_full,26,0.028375060060207645,0.025068612230198406,0.01918140458210771,0.047179654180087294,0.01949495018749224,0.043200974907336986,26,0
cka,abstract,scincl,model_minus_input,26,0.3318274698125269,0.3336174717400697,0.2047547904127718,0.4096689811400272,0.2391982203236082,0.4068019353540925,26,0
cka,title,scibert,model_change_at_full,26,0.35683023689591664,0.36759010497645306,0.22168728511181313,0.4358898274199656,0.2655514320398045,0.4262399341074489,26,0
cka,title,scibert,input_change_from_full,26,0.5320233883221733,0.5260966947358989,0.30559909787720274,0.666764728091241,0.3838111471025212,0.6418834838073529,26,0
cka,title,scibert,model_minus_input,26,-0.17519315142625655,-0.17564222408314314,-0.2736535083403984,-0.08391181276538962,-0.2608567274589453,-0.09496669318980733,0,26
cka,abstract,scibert,model_change_at_full,26,0.35683023689591664,0.36759010497645306,0.22168728511181313,0.4358898274199656,0.2655514320398045,0.4262399341074489,26,0
cka,abstract,scibert,input_change_from_full,26,0.01373286487651009,0.01307362379869359,0.008994503470288517,0.02229873068409749,0.009627161643432136,0.020934034050439768,26,0
cka,abstract,scibert,model_minus_input,26,0.34309737201940654,0.35381652173088296,0.2126927816415246,0.425033368972908,0.24824178656088539,0.41232824915202515,26,0
cka,title,bert,model_change_at_full,26,0.35887142025925356,0.37250162060716224,0.21344457967024724,0.4353211505974715,0.2601954385964311,0.4220165202090096,26,0
cka,title,bert,input_change_from_full,26,0.4178367006383167,0.4123569772423257,0.20560383895636625,0.5887346411649046,0.2612741265185601,0.5842497219610371,26,0
cka,title,bert,model_minus_input,26,-0.05896528037906314,-0.05715287662059826,-0.20390892354594414,0.045154137377360015,-0.19096966488321127,0.040009374996477096,9,17
cka,abstract,bert,model_change_at_full,26,0.35887142025925356,0.37250162060716224,0.21344457967024724,0.4353211505974715,0.2601954385964311,0.4220165202090096,26,0
cka,abstract,bert,input_change_from_full,26,0.012551255563139293,0.011732622104610624,0.007393204830709266,0.020521890343842886,0.0074962427292683265,0.019561825576530134,26,0
cka,abstract,bert,model_minus_input,26,0.3463201646961143,0.3583700940331498,0.20584729133532978,0.42414126724284845,0.25078384727831327,0.40520258336438536,26,0
cka,title,mpnet,model_change_at_full,26,0.3572841543113592,0.3619500561077405,0.21146359864919143,0.4451283759054642,0.25323289959269524,0.4366164399445997,26,0
cka,title,mpnet,input_change_from_full,26,0.18864858646401794,0.1886430399753648,0.10451727767167973,0.28344697864288093,0.11064239192353217,0.2631861062740551,26,0
cka,title,mpnet,model_minus_input,26,0.1686355678473412,0.16908910177856287,0.10184410992078652,0.26598159173551417,0.10503299183123975,0.24526009432803234,26,0
cka,abstract,mpnet,model_change_at_full,26,0.3572841543113592,0.3619500561077405,0.21146359864919143,0.4451283759054642,0.25323289959269524,0.4366164399445997,26,0
cka,abstract,mpnet,input_change_from_full,26,0.022197122282277208,0.020987102536154323,0.014019943453607242,0.038565697477226046,0.01439803398931365,0.03558058715029741,26,0
cka,abstract,mpnet,model_minus_input,26,0.3350870320290821,0.3379248910992084,0.19683871033845393,0.4122645810915684,0.23709024628732164,0.408700891926987,26,0
cka,title,minilm,model_change_at_full,26,0.37149109317224427,0.3781711084428793,0.23025644070328807,0.44612883050512053,0.2728215657881103,0.4443709356421037,26,0
cka,title,minilm,input_change_from_full,26,0.2463958664561749,0.24433480118768292,0.14553339326016634,0.3477594737427707,0.160128431172099,0.32779969381211227,26,0
cka,title,minilm,model_minus_input,26,0.12509522671606946,0.1224411615796473,0.06375082950853589,0.2188204901428185,0.07685846571765204,0.19446360328138929,26,0
cka,abstract,minilm,model_change_at_full,26,0.37149109317224427,0.3781711084428793,0.23025644070328807,0.44612883050512053,0.2728215657881103,0.4443709356421037,26,0
cka,abstract,minilm,input_change_from_full,26,0.030749780951628995,0.030312568498302328,0.019623439227411388,0.04497124198064484,0.02221480655869884,0.044072585795323124,26,0
cka,abstract,minilm,model_minus_input,26,0.3407413122206154,0.3462322111398507,0.21063300147587669,0.4129059430523137,0.24923884134880317,0.40556322147241497,26,0
cka,title,pubmedbert,model_change_at_full,26,0.3856043891557974,0.3864820625301438,0.2294990643519619,0.47121673858092006,0.2790124645660284,0.4648592890295875,26,0
cka,title,pubmedbert,input_change_from_full,26,0.5255892240349846,0.5179991545285632,0.30135201286895075,0.6846864594536485,0.3519172744623909,0.6810669850479738,26,0
cka,title,pubmedbert,model_minus_input,26,-0.13998483487918706,-0.12131513812596939,-0.234133062892127,-0.06663325684194144,-0.22596498823715683,-0.06989556413884607,0,26
cka,abstract,pubmedbert,model_change_at_full,26,0.3856043891557974,0.3864820625301438,0.2294990643519619,0.47121673858092006,0.2790124645660284,0.4648592890295875,26,0
cka,abstract,pubmedbert,input_change_from_full,26,0.017097405628804775,0.015886382711173153,0.008875411444500214,0.031044813546410754,0.009391132345000788,0.030347533240479937,26,0
cka,abstract,pubmedbert,model_minus_input,26,0.3685069835269928,0.3731445574233647,0.2184158102626599,0.4599021469037312,0.261033148719817,0.44342841634203867,26,0
cka,title,biobert,model_change_at_full,26,0.3621997981082466,0.363163958011398,0.21530577133899276,0.43964595369080567,0.25909341359429505,0.43717852001591107,26,0
cka,title,biobert,input_change_from_full,26,0.6357623809028421,0.6448474622467149,0.45361212213007496,0.7376145326740982,0.4779398284166003,0.7343179041513657,26,0
cka,title,biobert,model_minus_input,26,-0.27356258279459544,-0.28403106819640933,-0.30979251213023784,-0.15237305286058273,-0.3087268446715034,-0.1985062558944865,0,26
cka,abstract,biobert,model_change_at_full,26,0.3621997981082466,0.363163958011398,0.21530577133899276,0.43964595369080567,0.25909341359429505,0.43717852001591107,26,0
cka,abstract,biobert,input_change_from_full,26,0.02363962561418067,0.022697834565412967,0.012506154558395766,0.04390642972363368,0.013577172631372827,0.0437436830315852,26,0
cka,abstract,biobert,model_minus_input,26,0.338560172494066,0.3465314775808187,0.1930889001127054,0.4119965566316194,0.23317017532713702,0.4107413830196083,26,0
cka,title,simcse,model_change_at_full,26,0.41054523841456325,0.4155089616694091,0.2775021947123015,0.4925742829222634,0.3151121413565237,0.471690306637034,26,0
cka,title,simcse,input_change_from_full,26,0.4958478800151344,0.4901457751249555,0.33203390523754495,0.6033924420884849,0.37371061971742875,0.5846773468488596,26,0
cka,title,simcse,model_minus_input,26,-0.08530264160057133,-0.07720749373648975,-0.1810926082410747,-0.0188321675813658,-0.16667667425893018,-0.024125194545744202,0,26
cka,abstract,simcse,model_change_at_full,26,0.41054523841456325,0.4155089616694091,0.2775021947123015,0.4925742829222634,0.3151121413565237,0.471690306637034,26,0
cka,abstract,simcse,input_change_from_full,26,0.02814405096996617,0.026781138745568145,0.018994136192687527,0.03894634035533795,0.02144688448108767,0.037717587167723665,26,0
cka,abstract,simcse,model_minus_input,26,0.3824011874445969,0.388896585140433,0.25850805851961395,0.46046955152718244,0.29072968657698217,0.43982587736128154,26,0
rsa,title,specter,model_change_at_full,26,0.46509373871476645,0.47821129006027785,0.3212930031722331,0.5632109241628611,0.3562520329106721,0.5626947704534453,26,0
rsa,title,specter,input_change_from_full,26,0.23957666210755277,0.23149524505623653,0.15642614318356263,0.3071379064198483,0.16467720367700484,0.3060382321920976,26,0
rsa,title,specter,model_minus_input,26,0.22551707660721362,0.22619184958874908,0.1516651631991629,0.2949033333245926,0.15646634289324712,0.2927241624498754,26,0
rsa,abstract,specter,model_change_at_full,26,0.46509373871476645,0.47821129006027785,0.3212930031722331,0.5632109241628611,0.3562520329106721,0.5626947704534453,26,0
rsa,abstract,specter,input_change_from_full,26,0.05166908297053951,0.05101298234178292,0.04097744634944234,0.06684189162809617,0.041149604720185126,0.06460540416719927,26,0
rsa,abstract,specter,model_minus_input,26,0.4134246557442269,0.4202808460236171,0.28031555682279075,0.5028351003274238,0.3047986453922251,0.49827765424759624,26,0
rsa,title,specter2,model_change_at_full,26,0.5348488105249845,0.5441260461348151,0.38345718044347493,0.6072806641373683,0.42081637031083236,0.6003828254669987,26,0
rsa,title,specter2,input_change_from_full,26,0.25393928526198867,0.2521091805512735,0.1675186655462968,0.3121195538538015,0.18979893571137135,0.30798005977938925,26,0
rsa,title,specter2,model_minus_input,26,0.2809095252629958,0.2801163149225407,0.21336036000706665,0.36234158057152577,0.21497170681338634,0.3583934632819654,26,0
rsa,abstract,specter2,model_change_at_full,26,0.5348488105249845,0.5441260461348151,0.38345718044347493,0.6072806641373683,0.42081637031083236,0.6003828254669987,26,0
rsa,abstract,specter2,input_change_from_full,26,0.061890075201515564,0.05644536803111172,0.04286356700316463,0.1086129015765348,0.044322711285559174,0.09925441276000817,26,0
rsa,abstract,specter2,model_minus_input,26,0.4729587353234689,0.4755357511506734,0.33825898258847903,0.5502078345186845,0.37212061460115753,0.5451758670593352,26,0
rsa,title,scincl,model_change_at_full,26,0.4934902243342326,0.4787724437327636,0.3837098780327756,0.6260152982202057,0.4027375965974274,0.5998460640268656,26,0
rsa,title,scincl,input_change_from_full,26,0.214175206665971,0.19785874734039732,0.13312397503930973,0.29921686702904327,0.1460407167562892,0.2966846130295898,26,0
rsa,title,scincl,model_minus_input,26,0.27931501766826156,0.2754254748469823,0.18694476242602437,0.38506281840865375,0.20321669131628986,0.3694226215866405,26,0
rsa,abstract,scincl,model_change_at_full,26,0.4934902243342326,0.4787724437327636,0.3837098780327756,0.6260152982202057,0.4027375965974274,0.5998460640268656,26,0
rsa,abstract,scincl,input_change_from_full,26,0.030250894533051145,0.029702102056506807,0.020242810928599142,0.04052457810831522,0.02193082764344792,0.03868515971902825,26,0
rsa,abstract,scincl,model_minus_input,26,0.46323932980118154,0.447742805040608,0.3585133458122807,0.592303388033426,0.380388713063325,0.5709971305816185,26,0
rsa,title,scibert,model_change_at_full,26,0.43624638536635907,0.433057211099226,0.33613355378616744,0.5029670154512512,0.3701630690191578,0.495761287063341,26,0
rsa,title,scibert,input_change_from_full,26,0.6230601345773649,0.6360099261945261,0.4343134784427847,0.7519130329592811,0.4857220234041179,0.721073536934685,26,0
rsa,title,scibert,model_minus_input,26,-0.18681374921100571,-0.19890525348259724,-0.273208186176686,-0.09236209937357182,-0.2703277744496937,-0.0959982401754752,0,26
rsa,abstract,scibert,model_change_at_full,26,0.43624638536635907,0.433057211099226,0.33613355378616744,0.5029670154512512,0.3701630690191578,0.495761287063341,26,0
rsa,abstract,scibert,input_change_from_full,26,0.013631687720074927,0.012904702426513148,0.010156691441894017,0.023032685261077268,0.010529610080323104,0.0203040095808225,26,0
rsa,abstract,scibert,model_minus_input,26,0.4226146976462842,0.4193745566014327,0.32330088205808644,0.49071642527362347,0.3536840645132089,0.48406234335209347,26,0
rsa,title,bert,model_change_at_full,26,0.4173188111650076,0.41816274664632325,0.31860540186934627,0.4961903723609758,0.33428025066436673,0.4811903549521214,26,0
rsa,title,bert,input_change_from_full,26,0.43423081715374295,0.4202815547699525,0.2738962342147412,0.6088986658647468,0.3080713260098664,0.6056479496400576,26,0
rsa,title,bert,model_minus_input,26,-0.016912005988735386,-0.012222000742720396,-0.157607833227687,0.09685925043848115,-0.12954562090023952,0.07076717287569621,12,14
rsa,abstract,bert,model_change_at_full,26,0.4173188111650076,0.41816274664632325,0.31860540186934627,0.4961903723609758,0.33428025066436673,0.4811903549521214,26,0
rsa,abstract,bert,input_change_from_full,26,0.011298626048112045,0.009997829632745092,0.007468598568667439,0.020693471111235873,0.0075321694969579245,0.018412979954908676,26,0
rsa,abstract,bert,model_minus_input,26,0.4060201851168955,0.40610827056119303,0.30822474311239745,0.4801695259804201,0.32502259049210064,0.46937178592395257,26,0
rsa,title,mpnet,model_change_at_full,26,0.4311717787869807,0.4323836469371226,0.31433150908299645,0.5176117523995286,0.34750923804823225,0.5042542146721769,26,0
rsa,title,mpnet,input_change_from_full,26,0.20896274443527268,0.20490077796599776,0.13125085896112243,0.28278759747197546,0.1335050040920729,0.28012832350219974,26,0
rsa,title,mpnet,model_minus_input,26,0.222209034351708,0.2236988126290824,0.15877663049877633,0.31055172966538613,0.1593639586971151,0.30087386459622373,26,0
rsa,abstract,mpnet,model_change_at_full,26,0.4311717787869807,0.4323836469371226,0.31433150908299645,0.5176117523995286,0.34750923804823225,0.5042542146721769,26,0
rsa,abstract,mpnet,input_change_from_full,26,0.02494042341540797,0.02311493168553752,0.01606481906665802,0.043646941106611714,0.0163099542460311,0.04177358802693329,26,0
rsa,abstract,mpnet,model_minus_input,26,0.4062313553715727,0.39956502946208217,0.29425340377080256,0.494815416898038,0.3261795716147793,0.47897014346696787,26,0
rsa,title,minilm,model_change_at_full,26,0.43259898342695213,0.42668810828871334,0.3283715870820955,0.5114585205479798,0.3579540765287602,0.5074202051884049,26,0
rsa,title,minilm,input_change_from_full,26,0.2595744743315177,0.25959300690984427,0.17240363565800532,0.3359419694668505,0.1826961485399909,0.32256464963716003,26,0
rsa,title,minilm,model_minus_input,26,0.17302450909543438,0.16955214165843663,0.11191597895412214,0.23751237849994689,0.11858698918496703,0.22735985048203175,26,0
rsa,abstract,minilm,model_change_at_full,26,0.43259898342695213,0.42668810828871334,0.3283715870820955,0.5114585205479798,0.3579540765287602,0.5074202051884049,26,0
rsa,abstract,minilm,input_change_from_full,26,0.03127487563057198,0.031034583609341027,0.023535282439838157,0.04115210969188199,0.02377291548168399,0.03928899949066564,26,0
rsa,abstract,minilm,model_minus_input,26,0.4013241077963801,0.39555759118946465,0.30483630464225736,0.4770207423023888,0.33041719238048417,0.47326103287756727,26,0
rsa,title,pubmedbert,model_change_at_full,26,0.4402134698100146,0.43713544875358845,0.3329075947452691,0.5143072114964348,0.3640268880601508,0.5023437053618387,26,0
rsa,title,pubmedbert,input_change_from_full,26,0.5720044220890395,0.579803769219509,0.41915869786739846,0.7138508288966267,0.4413048359681039,0.7058257005656262,26,0
rsa,title,pubmedbert,model_minus_input,26,-0.1317909522790248,-0.12286244614386618,-0.27768364043287574,-0.028935421617051094,-0.248896110669867,-0.030936972455150723,0,26
rsa,abstract,pubmedbert,model_change_at_full,26,0.4402134698100146,0.43713544875358845,0.3329075947452691,0.5143072114964348,0.3640268880601508,0.5023437053618387,26,0
rsa,abstract,pubmedbert,input_change_from_full,26,0.01477061992824777,0.013740509759100239,0.009456495046139768,0.02400867720452482,0.009489368660910241,0.023375286737002524,26,0
rsa,abstract,pubmedbert,model_minus_input,26,0.42544284988176684,0.42313652963209497,0.3193938078814873,0.5028250280742255,0.35022969757722094,0.49012563111123136,26,0
rsa,title,biobert,model_change_at_full,26,0.43921102351690533,0.4368363098169238,0.3391236503071424,0.5063182513196285,0.3739190002739223,0.5007384078521377,26,0
rsa,title,biobert,input_change_from_full,26,0.6218140622571278,0.6107205910475518,0.514093866404735,0.7344563159176409,0.5264888077019723,0.7289836369420843,26,0
rsa,title,biobert,model_minus_input,26,-0.18260303874022246,-0.17992473019466404,-0.2817671161255845,-0.06216728971975177,-0.2759604864339838,-0.10143808619011627,0,26
rsa,abstract,biobert,model_change_at_full,26,0.43921102351690533,0.4368363098169238,0.3391236503071424,0.5063182513196285,0.3739190002739223,0.5007384078521377,26,0
rsa,abstract,biobert,input_change_from_full,26,0.020214334615325,0.01937720713844332,0.012108702414273309,0.030364411653913903,0.012281351903766974,0.030288256410908612,26,0
rsa,abstract,biobert,model_minus_input,26,0.41899668890158026,0.4168403464212678,0.3174337492094157,0.4915514128457097,0.34859647911617736,0.48550245384673407,26,0
rsa,title,simcse,model_change_at_full,26,0.5020712407479243,0.505932741470332,0.42427829637702963,0.5775772210049427,0.4256177318987108,0.5740331652494157,26,0
rsa,title,simcse,input_change_from_full,26,0.4835552594064549,0.4760596144236488,0.33461249295252427,0.6038001934325017,0.3811433639247951,0.5950007531108145,26,0
rsa,title,simcse,model_minus_input,26,0.018515981341469468,0.02129565788882326,-0.1016619900758235,0.10367438367885917,-0.08319607758163747,0.1017487243744568,18,8
rsa,abstract,simcse,model_change_at_full,26,0.5020712407479243,0.505932741470332,0.42427829637702963,0.5775772210049427,0.4256177318987108,0.5740331652494157,26,0
rsa,abstract,simcse,input_change_from_full,26,0.02265004005458781,0.022662541355658095,0.016964955180409302,0.03444775005212253,0.016987721841091055,0.030236240940024417,26,0
rsa,abstract,simcse,model_minus_input,26,0.47942120069333655,0.48474469310285845,0.39878202520911704,0.5579252139693086,0.3989654796293689,0.5540837566292891,26,0
neighbors25,title,specter,model_change_at_full,26,0.6828206837606837,0.6716888888888889,0.6363288888888888,0.78792,0.6382580555555555,0.767845,26,0
neighbors25,title,specter,input_change_from_full,26,0.6114138461538462,0.6067400000000001,0.50718,0.78906,0.5184425,0.7510600000000001,26,0
neighbors25,title,specter,model_minus_input,26,0.07140683760683761,0.06820222222222228,-0.0011400000000000299,0.17253333333333343,0.015121111111111099,0.13664861111111115,25,1
neighbors25,abstract,specter,model_change_at_full,26,0.6828206837606837,0.6716888888888889,0.6363288888888888,0.78792,0.6382580555555555,0.767845,26,0
neighbors25,abstract,specter,input_change_from_full,26,0.3132469230769231,0.30337000000000003,0.23703999999999992,0.40908,0.25233999999999995,0.40773,26,0
neighbors25,abstract,specter,model_minus_input,26,0.36957376068376074,0.37436444444444444,0.2936000000000001,0.4426733333333335,0.2939319444444445,0.43009277777777777,26,0
neighbors25,title,specter2,model_change_at_full,26,0.704171452991453,0.7002266666666666,0.6571555555555556,0.7911688888888888,0.6613069444444445,0.7644480555555555,26,0
neighbors25,title,specter2,input_change_from_full,26,0.6059284615384616,0.60352,0.52198,0.74832,0.5303675,0.7121075,26,0
neighbors25,title,specter2,model_minus_input,26,0.09824299145299148,0.09430555555555559,0.02960000000000018,0.18764222222222227,0.037880555555555584,0.16747416666666676,26,0
neighbors25,abstract,specter2,model_change_at_full,26,0.704171452991453,0.7002266666666666,0.6571555555555556,0.7911688888888888,0.6613069444444445,0.7644480555555555,26,0
neighbors25,abstract,specter2,input_change_from_full,26,0.3125423076923077,0.30228,0.24293999999999993,0.46843999999999997,0.2564024999999999,0.4402775,26,0
neighbors25,abstract,specter2,model_minus_input,26,0.3916291452991453,0.3937133333333333,0.32272888888888884,0.4440333333333335,0.3241705555555555,0.440326388888889,26,0
neighbors25,title,scincl,model_change_at_full,26,0.6742836752136753,0.6614377777777778,0.6264111111111111,0.7720911111111112,0.6300180555555556,0.7504133333333333,26,0
neighbors25,title,scincl,input_change_from_full,26,0.5728915384615385,0.56475,0.47068,0.79404,0.48452999999999996,0.738265,26,0
neighbors25,title,scincl,model_minus_input,26,0.10139213675213678,0.10662444444444447,-0.021948888888888796,0.20558888888888893,0.012148333333333303,0.1843277777777778,25,1
neighbors25,abstract,scincl,model_change_at_full,26,0.6742836752136753,0.6614377777777778,0.6264111111111111,0.7720911111111112,0.6300180555555556,0.7504133333333333,26,0
neighbors25,abstract,scincl,input_change_from_full,26,0.23931923076923076,0.23198000000000002,0.17488000000000004,0.3422799999999999,0.17655500000000005,0.32101749999999996,26,0
neighbors25,abstract,scincl,model_minus_input,26,0.4349644444444445,0.4379500000000002,0.36322888888888905,0.5013888888888889,0.3699677777777779,0.48491944444444446,26,0
neighbors25,title,scibert,model_change_at_full,26,0.6736515384615386,0.6700622222222223,0.6398488888888889,0.7267822222222223,0.6401502777777777,0.7240725,26,0
neighbors25,title,scibert,input_change_from_full,26,0.8420069230769229,0.83433,0.8006,0.90004,0.8055625,0.8860399999999999,26,0
neighbors25,title,scibert,model_minus_input,26,-0.1683553846153846,-0.17229666666666654,-0.18937333333333328,-0.1359311111111111,-0.1886927777777777,-0.1423075000000001,0,26
neighbors25,abstract,scibert,model_change_at_full,26,0.6736515384615386,0.6700622222222223,0.6398488888888889,0.7267822222222223,0.6401502777777777,0.7240725,26,0
neighbors25,abstract,scibert,input_change_from_full,26,0.15793000000000001,0.15389999999999998,0.12890000000000001,0.19782,0.1297125,0.19180749999999996,26,0
neighbors25,abstract,scibert,model_minus_input,26,0.5157215384615386,0.5164044444444444,0.4684844444444445,0.5615066666666666,0.4809427777777778,0.55584,26,0
neighbors25,title,bert,model_change_at_full,26,0.7014682051282051,0.7013288888888889,0.6477422222222222,0.7477333333333332,0.6569616666666667,0.7412194444444443,26,0
neighbors25,title,bert,input_change_from_full,26,0.8359507692307692,0.84418,0.7975,0.86338,0.7987875,0.8618425000000001,26,0
neighbors25,title,bert,model_minus_input,26,-0.13448256410256415,-0.13513666666666668,-0.16244666666666663,-0.0984666666666667,-0.1561272222222222,-0.10446111111111114,0,26
neighbors25,abstract,bert,model_change_at_full,26,0.7014682051282051,0.7013288888888889,0.6477422222222222,0.7477333333333332,0.6569616666666667,0.7412194444444443,26,0
neighbors25,abstract,bert,input_change_from_full,26,0.18025999999999998,0.17607,0.15382000000000007,0.24224,0.15420750000000005,0.22415249999999998,26,0
neighbors25,abstract,bert,model_minus_input,26,0.5212082051282051,0.5229755555555555,0.4801066666666667,0.5719133333333333,0.48425666666666667,0.5610966666666667,26,0
neighbors25,title,mpnet,model_change_at_full,26,0.6566010256410256,0.6492055555555556,0.6169066666666666,0.7441844444444444,0.6212219444444445,0.7135983333333333,26,0
neighbors25,title,mpnet,input_change_from_full,26,0.5168492307692307,0.50707,0.44084,0.63478,0.44745250000000003,0.5974425,26,0
neighbors25,title,mpnet,model_minus_input,26,0.13975179487179487,0.13284333333333337,0.07978444444444444,0.21465333333333325,0.09205111111111111,0.19980888888888892,26,0
neighbors25,abstract,mpnet,model_change_at_full,26,0.6566010256410256,0.6492055555555556,0.6169066666666666,0.7441844444444444,0.6212219444444445,0.7135983333333333,26,0
neighbors25,abstract,mpnet,input_change_from_full,26,0.17657846153846152,0.17671000000000003,0.14158000000000004,0.23703999999999992,0.14446750000000003,0.23377749999999997,26,0
neighbors25,abstract,mpnet,model_minus_input,26,0.4800225641025641,0.4742422222222221,0.4383311111111111,0.5198733333333333,0.44089500000000004,0.5153441666666667,26,0
neighbors25,title,minilm,model_change_at_full,26,0.6698492307692306,0.6643122222222222,0.6351666666666667,0.74612,0.6362888888888889,0.7227088888888888,26,0
neighbors25,title,minilm,input_change_from_full,26,0.5809830769230769,0.57617,0.49661999999999995,0.6942,0.5141825,0.664,26,0
neighbors25,title,minilm,model_minus_input,26,0.08886615384615383,0.08727333333333337,0.03803111111111113,0.15846222222222206,0.04671166666666665,0.1471372222222222,26,0
neighbors25,abstract,minilm,model_change_at_full,26,0.6698492307692306,0.6643122222222222,0.6351666666666667,0.74612,0.6362888888888889,0.7227088888888888,26,0
neighbors25,abstract,minilm,input_change_from_full,26,0.21491615384615384,0.20958000000000004,0.17912000000000006,0.28825999999999996,0.1839075,0.2733725,26,0
neighbors25,abstract,minilm,model_minus_input,26,0.45493307692307694,0.45463777777777786,0.42040222222222223,0.48694222222222217,0.4221230555555555,0.4836880555555555,26,0
neighbors25,title,pubmedbert,model_change_at_full,26,0.6864541880341881,0.6811100000000001,0.6501044444444444,0.73838,0.6509766666666666,0.7362994444444444,26,0
neighbors25,title,pubmedbert,input_change_from_full,26,0.8285976923076923,0.8202,0.76806,0.90288,0.770385,0.8955425,26,0
neighbors25,title,pubmedbert,model_minus_input,26,-0.14214350427350425,-0.14664333333333335,-0.17227555555555563,-0.09966666666666668,-0.17140194444444448,-0.10073750000000002,0,26
neighbors25,abstract,pubmedbert,model_change_at_full,26,0.6864541880341881,0.6811100000000001,0.6501044444444444,0.73838,0.6509766666666666,0.7362994444444444,26,0
neighbors25,abstract,pubmedbert,input_change_from_full,26,0.1623430769230769,0.16327000000000003,0.12012,0.21689999999999998,0.12330750000000007,0.20779999999999998,26,0
neighbors25,abstract,pubmedbert,model_minus_input,26,0.5241111111111111,0.5296866666666666,0.47724222222222223,0.587811111111111,0.4834630555555556,0.5706,26,0
neighbors25,title,biobert,model_change_at_full,26,0.6783339316239316,0.6694388888888889,0.6333977777777778,0.7360933333333333,0.6357227777777777,0.7298683333333333,26,0
neighbors25,title,biobert,input_change_from_full,26,0.83411,0.8255399999999999,0.77518,0.89776,0.7762049999999999,0.8898975,26,0
neighbors25,title,biobert,model_minus_input,26,-0.15577606837606833,-0.1592733333333332,-0.18320666666666674,-0.12262444444444454,-0.17809,-0.1232133333333334,0,26
neighbors25,abstract,biobert,model_change_at_full,26,0.6783339316239316,0.6694388888888889,0.6333977777777778,0.7360933333333333,0.6357227777777777,0.7298683333333333,26,0
neighbors25,abstract,biobert,input_change_from_full,26,0.1917023076923077,0.19512999999999997,0.13958000000000004,0.26105999999999996,0.14383000000000007,0.2516725,26,0
neighbors25,abstract,biobert,model_minus_input,26,0.48663162393162396,0.4899166666666666,0.4429755555555557,0.5356555555555554,0.44308527777777784,0.5302499999999999,26,0
neighbors25,title,simcse,model_change_at_full,26,0.7482511965811967,0.7416744444444444,0.7205888888888888,0.7975377777777778,0.7213055555555555,0.7960558333333334,26,0
neighbors25,title,simcse,input_change_from_full,26,0.838493076923077,0.83698,0.8094399999999999,0.87168,0.815465,0.8654925,26,0
neighbors25,title,simcse,model_minus_input,26,-0.09024188034188035,-0.09174999999999994,-0.10760444444444439,-0.06229333333333331,-0.10676972222222218,-0.06835166666666664,0,26
neighbors25,abstract,simcse,model_change_at_full,26,0.7482511965811967,0.7416744444444444,0.7205888888888888,0.7975377777777778,0.7213055555555555,0.7960558333333334,26,0
neighbors25,abstract,simcse,input_change_from_full,26,0.2629130769230769,0.26149000000000006,0.22043999999999997,0.33087999999999995,0.22930250000000002,0.3257675,26,0
neighbors25,abstract,simcse,model_minus_input,26,0.4853381196581197,0.4860222222222222,0.44403111111111115,0.5299355555555556,0.4518727777777778,0.5193300000000001,26,0
