field_id,metric,model_group,n,mean,median,min,max,p025,p975
11,cka_debiased,all,10,0.013629864847099016,0.01352503935072269,0.002366301503895274,0.02112879853138927,0.003969066684327918,0.020480471791033825
11,cka_debiased,without_biomedical,10,0.01541860833088915,0.01595021643160005,0.007980043749181598,0.020850520336356038,0.008979404569472068,0.02032523255474393
11,cka_debiased,one_biomedical,10,0.01086150619875027,0.012215654299592482,-0.0071891547092155506,0.022302763141204718,-0.004607057051629254,0.021531738824227306
11,cka_debiased,both_biomedical,10,0.00783878567455506,0.010342937841360589,-0.0019311819543416098,0.011353105036885136,-0.0003489010312610647,0.01130360573379619
11,neighbors_k10,all,10,0.004041775173611123,0.004032118055555561,0.000643446180555618,0.006144748263888888,0.001106825086805617,0.006059299045138896
11,neighbors_k10,without_biomedical,10,0.005623604910714297,0.005329241071428598,0.0036499023437499556,0.0076886858258928825,0.0037593732561383665,0.007621590750558064
11,neighbors_k10,one_biomedical,10,0.0015020751953125078,0.00220489501953125,-0.00396728515625,0.0043792724609375555,-0.0031577301025390524,0.004188385009765661
11,neighbors_k10,both_biomedical,10,0.0003857421875000155,0.0025146484375000444,-0.009765625,0.005859375,-0.008798828125000005,0.0056616210937500055
11,neighbors_k25,all,10,0.006411935763888893,0.0068565538194445,0.0010781249999999298,0.009431857638888819,0.0020969726562499336,0.009063693576388834
11,neighbors_k25,without_biomedical,10,0.008019461495535712,0.008223005022321483,0.0038748604910714413,0.009530552455357166,0.004566685267857152,0.009528355189732156
11,neighbors_k25,one_biomedical,10,0.003838134765625001,0.004094848632812509,-0.0034802246093750266,0.009570312500000011,-0.002174774169921896,0.008573028564453139
11,neighbors_k25,both_biomedical,10,0.002582031249999994,0.002832031249999978,-0.004296874999999978,0.008867187499999929,-0.003171874999999977,0.007874023437499959
11,neighbors_k50,all,10,0.0076416015625,0.007638454861111171,0.0030503472222222494,0.01026757812500001,0.0038398980034722433,0.010168652343750006
11,neighbors_k50,without_biomedical,10,0.009559361049107151,0.009844447544642893,0.0055747767857143304,0.011989746093750031,0.00626267787388394,0.011683855329241091
11,neighbors_k50,one_biomedical,10,0.0045148925781250075,0.004233398437500008,-0.0010241699218749845,0.009954223632812509,-0.00022724914550781294,0.00913890075683595
11,neighbors_k50,both_biomedical,10,0.003971679687499996,0.005190429687499998,-0.00244140625,0.00740234375000004,-0.001795410156249988,0.007395751953125021
11,rsa_spearman,all,10,-0.0005245414716981034,-0.0006440585834265877,-0.009679286522198627,0.011546879820400258,-0.008909166492303255,0.01006523065498113
11,rsa_spearman,without_biomedical,10,-0.00015202966557302798,-0.00037987328602112624,-0.008195634462560886,0.01157313882096811,-0.0078449512186087,0.00983725493941821
11,rsa_spearman,one_biomedical,10,-0.0013489384361131452,-0.0026684983301404896,-0.012942610136169042,0.012597696018088134,-0.011476281597563509,0.011361405180248021
11,rsa_spearman,both_biomedical,10,0.002235479387440653,0.00315147294488205,-0.006001431358503617,0.007102806506762982,-0.005110559730813907,0.006865419234442941
12,cka_debiased,all,10,-0.01966197214836165,-0.01960161507163155,-0.02569006662529183,-0.010716086127582014,-0.025414044087319006,-0.01157198256310758
12,cka_debiased,without_biomedical,10,-0.01929510801158809,-0.01870111334466279,-0.02608973484227939,-0.012027665529499076,-0.025900595421890715,-0.012535650929055977
12,cka_debiased,one_biomedical,10,-0.0215340230430634,-0.022315403353479313,-0.02838551766609121,-0.009684790416298328,-0.028290653914844765,-0.011084200511857135
12,cka_debiased,both_biomedical,10,1.8646337207006703e-05,-0.00079741957103735,-0.0029787222769469546,0.00950740574555664,-0.0029295476436529077,0.007606218863441947
12,neighbors_k10,all,10,-0.0066800130208333475,-0.006149631076388884,-0.009712456597222252,-0.0043370225694444875,-0.009639702690972252,-0.00438682725694448
12,neighbors_k10,without_biomedical,10,-0.006523611886160704,-0.006279645647321405,-0.009797014508928559,-0.004239327566964268,-0.00968832833426337,-0.004257768903459798
12,neighbors_k10,one_biomedical,10,-0.007178344726562505,-0.0068069458007812556,-0.009552001953125,-0.004403686523437478,-0.009549255371093746,-0.00457946777343748
12,neighbors_k10,both_biomedical,10,-0.0030859374999999854,-0.0024169921874999944,-0.010107421874999967,0.005615234375,-0.010074462890624972,0.005527343750000005
12,neighbors_k25,all,10,-0.00728146701388889,-0.006902126736111125,-0.010796875000000095,-0.00454383680555559,-0.010586621093750068,-0.0046146375868055586
12,neighbors_k25,without_biomedical,10,-0.006369280133928554,-0.006357421875000005,-0.011160714285714302,-0.002516043526785694,-0.010793613978794638,-0.0028062395368303275
12,neighbors_k25,one_biomedical,10,-0.009020263671874995,-0.00840270996093749,-0.012739257812500016,-0.006807861328124998,-0.012322601318359395,-0.006911956787109372
12,neighbors_k25,both_biomedical,10,-0.005001953124999981,-0.003935546874999973,-0.01123046875,0.0011523437500000622,-0.010725097656249998,0.0005678710937500451
12,neighbors_k50,all,10,-0.00836273871527779,-0.00872363281250002,-0.011108723958333344,-0.0048068576388889395,-0.011078938802083325,-0.005006369357638955
12,neighbors_k50,without_biomedical,10,-0.007211879185267838,-0.007534005301339242,-0.010526646205357149,-0.0023957170758929225,-0.010506007603236596,-0.0027398245675223625
12,neighbors_k50,one_biomedical,10,-0.010600036621093756,-0.010122680664062494,-0.014594726562499993,-0.007744140625000007,-0.014061752319335926,-0.00800575256347657
12,neighbors_k50,both_biomedical,10,-0.004790039062499973,-0.004448242187499951,-0.011201171875000027,0.0011523437500000622,-0.010695800781250011,0.0008293457031250567
12,rsa_spearman,all,10,-0.015707287823824655,-0.015158442608529499,-0.028414582152837098,-0.006632467718081125,-0.0268329329637104,-0.0072557730681468416
12,rsa_spearman,without_biomedical,10,-0.018333283901354292,-0.017921737296152707,-0.0323105375841336,-0.011113963679017513,-0.029774987882879567,-0.011515332709317136
12,rsa_spearman,one_biomedical,10,-0.012245269112403312,-0.011270996920927256,-0.02351974882773744,0.00042005655995647206,-0.023452680617433896,-0.000588987232831088
12,rsa_spearman,both_biomedical,10,0.0024283029642651168,0.0019748111029362914,-0.0016196943415425213,0.007266132295590588,-0.001569105730329473,0.007136630055196944
13,cka_debiased,all,10,0.011299053375768309,0.010442515886674386,0.0022597798364359933,0.0190315097624979,0.0038279718693659563,0.018322148387177585
13,cka_debiased,without_biomedical,10,0.014099679028853285,0.013050198436290072,0.007822824796822503,0.01957072201991794,0.008796778822243695,0.01943164098785552
13,cka_debiased,one_biomedical,10,0.0066732218418184,0.006190153074592253,-0.007078604241875341,0.018297535326611825,-0.004627448174257942,0.016618982806658012
13,cka_debiased,both_biomedical,10,0.006894839632589722,0.006730264310575329,-0.004091333801402586,0.015677157528907748,-0.0022289942030210615,0.014840380543290198
13,neighbors_k10,all,10,0.006358723958333312,0.005434027777777739,0.0030295138888890016,0.010317925347222145,0.0032751193576389696,0.010129692925347168
13,neighbors_k10,without_biomedical,10,0.007712053571428568,0.0073285784040178215,0.003534807477678592,0.011499023437500033,0.003902849469866082,0.011417018345424135
13,neighbors_k10,one_biomedical,10,0.003820800781250011,0.004084777832031261,-0.0008056640624999334,0.008459472656250022,-0.00036758422851556336,0.00808868408203126
13,neighbors_k10,both_biomedical,10,0.009072265624999987,0.007519531249999989,0.004101562500000044,0.014990234375000022,0.004266357421875019,0.014935302734375022
13,neighbors_k25,all,10,0.008749088541666662,0.008440104166666629,0.0054552951388888715,0.01164887152777766,0.005875802951388875,0.011514203559027707
13,neighbors_k25,without_biomedical,10,0.0105943080357143,0.010372140066964297,0.006502511160714375,0.01350516183035716,0.006846697126116121,0.01348617117745538
13,neighbors_k25,one_biomedical,10,0.005412109374999996,0.005618286132812483,0.0023461914062499756,0.008364257812499998,0.0025530090332031184,0.008054168701171874
13,neighbors_k25,both_biomedical,10,0.010474609374999989,0.010859374999999949,0.004570312499999951,0.014589843749999942,0.005334960937499955,0.014396484374999968
13,neighbors_k50,all,10,0.009535742187500007,0.00920355902777778,0.007250651041666667,0.011918185763888922,0.007397965494791682,0.011906418185763927
13,neighbors_k50,without_biomedical,10,0.011634207589285728,0.011029052734375017,0.009661342075892865,0.014429059709821557,0.009703482491629466,0.014293064662388484
13,neighbors_k50,one_biomedical,10,0.0057952880859375,0.005614624023437459,0.00244812011718748,0.008848876953124973,0.002817810058593756,0.008519699096679658
13,neighbors_k50,both_biomedical,10,0.010625976562500018,0.010239257812500013,0.006044921875000053,0.015312499999999951,0.0067062988281250515,0.015046630859374969
13,rsa_spearman,all,10,-0.006955947485000058,-0.0067803137061842045,-0.01260798124915341,0.0024882525433539415,-0.012501757943027875,0.0008223124504139589
13,rsa_spearman,without_biomedical,10,-0.003777213325193174,-0.004084293580719878,-0.008787314358432274,0.005636449604305094,-0.008744492268694915,0.004042558622450756
13,rsa_spearman,one_biomedical,10,-0.012368526805371571,-0.012190007712663153,-0.019402457989443844,-0.0023177128049811646,-0.01929430223895633,-0.003242660937027396
13,rsa_spearman,both_biomedical,10,-0.009359234833648745,-0.00908144196320343,-0.018566101934921142,0.0021322338008318287,-0.01815731307722295,0.0005906623338533643
14,cka_debiased,all,10,0.004561840568906061,0.004426297753526598,0.00241932830114322,0.007070656122787677,0.00249376766420861,0.006978658009918401
14,cka_debiased,without_biomedical,10,0.004171499027178826,0.0040677540137394885,0.002202479700109783,0.006047660570270952,0.002369142674862118,0.0059890446045735984
14,cka_debiased,one_biomedical,10,0.005555917872426064,0.005356089218220561,0.002510440529688407,0.009966937669854015,0.002576161671569319,0.009524393703379978
14,cka_debiased,both_biomedical,10,-0.00041383311905144324,-0.0011610453177061664,-0.003492618638722189,0.003626382641227166,-0.003456376366439917,0.003404934861597867
14,neighbors_k10,all,10,0.004637695312499979,0.004610460069444475,0.0008192274305554859,0.007210286458333298,0.0013228895399305107,0.007149007161458302
14,neighbors_k10,without_biomedical,10,0.004929024832589268,0.005026681082589246,0.002244349888392838,0.007786342075892849,0.002304382324218744,0.007646658761160704
14,neighbors_k10,one_biomedical,10,0.0041986083984375065,0.004354858398437522,-0.0016235351562499667,0.007241821289062478,-0.0005654144287109079,0.0070571136474609185
14,neighbors_k10,both_biomedical,10,0.0035058593749999977,0.0038085937500000056,-0.002392578124999989,0.009472656249999989,-0.0021289062499999915,0.009011230468749997
14,neighbors_k25,all,10,0.004734895833333347,0.004215277777777776,0.0015568576388889088,0.007800781249999944,0.0018549045138889068,0.007760644531249973
14,neighbors_k25,without_biomedical,10,0.005162527901785707,0.004637276785714267,0.0025327845982142105,0.008457031249999969,0.002660226004464232,0.008367885044642852
14,neighbors_k25,one_biomedical,10,0.0040584716796875035,0.004310302734375007,-0.00017700195312500555,0.007266845703124997,0.00042724609375000076,0.006975982666015618
14,neighbors_k25,both_biomedical,10,0.0035839843750000043,0.002363281249999988,0.00031249999999999334,0.010624999999999996,0.00035205078124999484,0.010273437500000003
14,neighbors_k50,all,10,0.004318923611111125,0.003659505208333358,0.0021838107638888493,0.007328342013888878,0.0022055392795138503,0.0072376193576388975
14,neighbors_k50,without_biomedical,10,0.004817766462053558,0.003947405133928522,0.0026171875000001177,0.007381068638392774,0.0027613438197545527,0.007375261579240995
14,neighbors_k50,one_biomedical,10,0.0035637207031250064,0.0030364990234374722,-2.1972656249924505e-05,0.0073651123046875044,0.0003897399902344445,0.007054473876953144
14,neighbors_k50,both_biomedical,10,0.0024345703125000064,0.0010107421875000244,-0.0012890625000000488,0.009931640625000071,-0.0010473632812500438,0.008881347656250054
14,rsa_spearman,all,10,0.00480300154046186,0.0044954644813552935,-0.009091802727329679,0.014751507443112155,-0.007123943024797619,0.01411930161560415
14,rsa_spearman,without_biomedical,10,0.0052675422819672526,0.005102978522579182,-0.007477429164157834,0.01445824116325245,-0.005709125374221411,0.013869505125800284
14,rsa_spearman,one_biomedical,10,0.0044152432592189815,0.0034160664305242783,-0.012066513270541757,0.01600079451484626,-0.009883601401086668,0.015819719147220086
14,rsa_spearman,both_biomedical,10,-0.0020000067218011175,-0.0023809203104555032,-0.0067195238478008346,0.0029743701314375315,-0.006714882088114141,0.0027852309631760776
15,cka_debiased,all,10,-0.020517567189548735,-0.020027120858027103,-0.025639014572139907,-0.016877200290719485,-0.02489293202596677,-0.017172402945997728
15,cka_debiased,without_biomedical,10,-0.023051951433115236,-0.021756792178909745,-0.028482225158925845,-0.02120102047521577,-0.02772479215193192,-0.021213999044290173
15,cka_debiased,one_biomedical,10,-0.017093701140803497,-0.017365571244967126,-0.021968223751973937,-0.010507990722895544,-0.02171562078434041,-0.01119847265304373
15,cka_debiased,both_biomedical,10,-0.004336665149613617,-0.004698442248551593,-0.007360303598358708,0.0038975226081441328,-0.0073461243685623125,0.0022679045302519876
15,neighbors_k10,all,10,0.0007712673611111276,0.0007373046874999956,-0.0020182291666666075,0.005061848958333448,-0.0018448893229166194,0.004333333333333404
15,neighbors_k10,without_biomedical,10,-0.0005093819754464102,-0.0004917689732142627,-0.004370117187499967,0.003165108816964246,-0.003768615722656227,0.0027158464704240986
15,neighbors_k10,one_biomedical,10,0.0024261474609375,0.0024276733398437556,-0.0012603759765625333,0.007565307617187489,-0.0007117462158203357,0.006627349853515626
15,neighbors_k10,both_biomedical,10,0.0101513671875,0.010205078124999961,0.003173828125,0.01811523437500001,0.0035913085937500076,0.017027587890625015
15,neighbors_k25,all,10,0.0010306857638888722,0.0012003038194444149,-0.0024995659722222285,0.0037434895833332593,-0.0022204644097222268,0.003692805989583263
15,neighbors_k25,without_biomedical,10,-0.0007493722098214528,2.197265625000777e-05,-0.0039460100446429,0.001912667410714275,-0.003777605329241082,0.0016987479073660664
15,neighbors_k25,one_biomedical,10,0.003648193359374996,0.0035552978515625,-0.00034423828124996447,0.007999267578124913,-0.00011709594726558997,0.007513671874999944
15,neighbors_k25,both_biomedical,10,0.008992187499999993,0.008886718749999967,0.003515625000000022,0.013535156250000013,0.004337402343750024,0.013227539062499993
15,neighbors_k50,all,10,0.00244431423611115,0.002528103298611112,-0.0012565104166665786,0.005444010416666756,-0.0009046549479165888,0.0054102213541667495
15,neighbors_k50,without_biomedical,10,0.0009208286830357348,0.0011812918526786509,-0.002756696428571459,0.003593052455357182,-0.0024202793666294993,0.003473615373883937
15,neighbors_k50,one_biomedical,10,0.00484893798828126,0.004593200683593757,0.0013024902343750644,0.009381103515624989,0.0015034027099610034,0.009078018188476556
15,neighbors_k50,both_biomedical,10,0.006627929687500001,0.007568359375,-0.0001953125000000444,0.010244140625000009,0.0005473632812499546,0.009995849609374986
15,rsa_spearman,all,10,-0.014810729557591284,-0.014220000995672222,-0.021507251312801845,-0.009216571915408256,-0.02113638539162963,-0.009531627141778272
15,rsa_spearman,without_biomedical,10,-0.014264093166676196,-0.013800982776368154,-0.021397436441708106,-0.006856888852392773,-0.02099727699275232,-0.007372784078640831
15,rsa_spearman,one_biomedical,10,-0.016612570116943493,-0.015800584668295925,-0.023119072897923143,-0.009723248282370811,-0.022762474950476154,-0.01060710097728153
15,rsa_spearman,both_biomedical,10,-0.0012870995535781305,-0.0016297133831199573,-0.00462196822605887,0.0025022788412565333,-0.0045131290867088305,0.0022108585751397687
16,cka_debiased,all,10,-0.009142480867135584,-0.00824092090845946,-0.015259481673621456,-0.003023889057510276,-0.014833455100652187,-0.0036874835040461426
16,cka_debiased,without_biomedical,10,-0.005815764526835942,-0.00495993138406009,-0.012457097793230787,-0.0007944946416454934,-0.011762665550037873,-0.0012469658378964237
16,cka_debiased,one_biomedical,10,-0.014940614769042359,-0.014761913881743971,-0.02051216128939759,-0.006735052629002869,-0.02049362693312382,-0.007789307462986867
16,cka_debiased,both_biomedical,10,-0.009520395965015504,-0.009689713575906034,-0.016016512404642747,-0.0060683155578438175,-0.014888102020213786,-0.006107122740308835
16,neighbors_k10,all,10,0.014665147569444443,0.01491482204861111,0.00971462673611112,0.020158420138888855,0.009997829861111158,0.01975558810763886
16,neighbors_k10,without_biomedical,10,0.015776367187500022,0.016050502232142855,0.010974121093750039,0.021599469866071447,0.011035330636160743,0.021109793526785735
16,neighbors_k10,one_biomedical,10,0.012936706542968756,0.013203430175781239,0.007922363281250067,0.017663574218749978,0.008187408447265669,0.017435607910156234
16,neighbors_k10,both_biomedical,10,0.01120605468749999,0.011035156250000067,0.0031250000000000444,0.019726562499999933,0.0035754394531250346,0.019155273437499953
16,neighbors_k25,all,10,0.016662586805555567,0.016727430555555534,0.013823784722222232,0.019703125000000044,0.013914800347222235,0.019659863281250026
16,neighbors_k25,without_biomedical,10,0.01758517020089288,0.017808314732142866,0.014833984375000053,0.020698242187499993,0.014854701450892911,0.020642682756696413
16,neighbors_k25,one_biomedical,10,0.015181762695312507,0.015034790039062496,0.012569580078125031,0.01843627929687497,0.012630828857421906,0.018208038330078082
16,neighbors_k25,both_biomedical,10,0.014523437500000003,0.015087890624999989,0.005605468750000009,0.01968749999999997,0.006998535156250016,0.01953808593749998
16,neighbors_k50,all,10,0.015131879340277803,0.015125759548611117,0.01214084201388893,0.019111111111111134,0.01215348849826393,0.01881203884548614
16,neighbors_k50,without_biomedical,10,0.016495500837053572,0.01653808593750003,0.01316301618303567,0.020730329241071432,0.013245413643973195,0.02037021309988839
16,neighbors_k50,one_biomedical,10,0.012945739746093749,0.013135681152343759,0.009676513671874942,0.016430664062500044,0.009704528808593692,0.016354171752929737
16,neighbors_k50,both_biomedical,10,0.011928710937499986,0.011850585937499991,0.004990234375000013,0.016660156250000058,0.0059372558593750015,0.016165771484375032
16,rsa_spearman,all,10,-0.03749261750871811,-0.03792901068437249,-0.04435139123554499,-0.030497713011843786,-0.04349910495209186,-0.031052930277409463
16,rsa_spearman,without_biomedical,10,-0.0507340622911869,-0.050280594342719365,-0.06014784504186976,-0.04488045363741511,-0.0587604875509839,-0.044915373653115855
16,rsa_spearman,one_biomedical,10,-0.01726901823771606,-0.01778481604418075,-0.021736103231590587,-0.008316014887477019,-0.02152531514132204,-0.009694125196924978
16,rsa_spearman,both_biomedical,10,0.009690248064374362,0.008297917711990732,0.004267356739668826,0.02165745646815631,0.004442143873954868,0.01974289955094182
17,cka_debiased,all,10,0.011577575554326624,0.011081309866890432,0.004617600264607558,0.022449272356541816,0.004705384915593488,0.020730957587138762
17,cka_debiased,without_biomedical,10,0.015770984641665164,0.016428174388571193,0.009158789669604928,0.022603533282084975,0.009344024341449222,0.021439193690683797
17,cka_debiased,one_biomedical,10,0.004832042588381935,0.0018965150761960925,-0.0043037421851161994,0.023126177897684008,-0.0038289424947918565,0.020696947743536597
17,cka_debiased,both_biomedical,10,0.0020906485639623383,0.0027923000931033837,-0.0033149790946354063,0.007299477783052177,-0.0032093799829256255,0.006670058102377692
17,neighbors_k10,all,10,0.0023500434027777907,0.0014946831597222598,-0.0007432725694443976,0.006856553819444389,-0.00046519639756940483,0.006491319444444401
17,neighbors_k10,without_biomedical,10,0.0022427804129464325,0.0014997209821429047,-0.0012677873883928936,0.008124651227678581,-0.0008864048549107426,0.0073410906110491165
17,neighbors_k10,one_biomedical,10,0.002421264648437496,0.0010208129882812444,-0.0002288818359375,0.007586669921875011,-0.00014099121093749873,0.007192535400390633
17,neighbors_k10,both_biomedical,10,0.004213867187499998,0.004223632812499989,-0.002001953125000011,0.012158203124999989,-0.0016064453125000087,0.01121337890625
17,neighbors_k25,all,10,0.007431684027777807,0.007679687500000032,0.0023684895833334108,0.010879774305555645,0.0027793294270833935,0.010814344618055638
17,neighbors_k25,without_biomedical,10,0.008672572544642859,0.009110281808035747,0.003068498883928572,0.012384905133928537,0.0038632812499999935,0.012363089425223205
17,neighbors_k25,one_biomedical,10,0.0053383789062499964,0.005403442382812457,0.00015624999999996891,0.01045898437499998,0.0003768005371093619,0.010085723876953114
17,neighbors_k25,both_biomedical,10,0.006179687499999986,0.005107421875000018,0.0014257812499999245,0.011132812500000033,0.0016630859374999335,0.010921875000000025
17,neighbors_k50,all,10,0.009732660590277803,0.00892578125000007,0.004559678819444524,0.014232204861111042,0.0052233995225695,0.014193972439236072
17,neighbors_k50,without_biomedical,10,0.011661272321428579,0.011037597656249926,0.00573451450892859,0.016218959263392896,0.006706569126674127,0.015957249232700917
17,neighbors_k50,one_biomedical,10,0.0066272583007812354,0.006173095703124992,0.0025830078124999822,0.013107910156249958,0.002607727050781247,0.012584823608398394
17,neighbors_k50,both_biomedical,10,0.005417968750000002,0.005351562499999962,0.0013574218749999867,0.009375000000000022,0.0013815917968749898,0.009326660156250017
17,rsa_spearman,all,10,0.007965214431932882,0.008993334010599902,0.0006835557529085712,0.013707241433501494,0.0009195604541934923,0.01328014390041124
17,rsa_spearman,without_biomedical,10,0.008879893588146077,0.010185953479277254,0.0031688194691719684,0.013673616457558657,0.0031956146628483576,0.013450794467600752
17,rsa_spearman,one_biomedical,10,0.006740509207841782,0.007690796854086218,-0.003492172173199193,0.016010621348901966,-0.002892867140277719,0.015093306159547727
17,rsa_spearman,both_biomedical,10,0.0019494816434227457,0.0018889524549697279,-0.0039392547143464185,0.006798851334494316,-0.0035236632376847987,0.0067855629550637704
18,cka_debiased,all,10,0.010010569292852312,0.009275041878169354,0.004517667748377474,0.014736086571684237,0.0050864687905339545,0.014610282702651403
18,cka_debiased,without_biomedical,10,0.01344647433549312,0.013497175935129002,0.008872932842653558,0.01767078610706474,0.009256931734255004,0.017545889415400907
18,cka_debiased,one_biomedical,10,0.004649983506253485,0.0032324931617684904,-0.0028134803598405256,0.01051046186285065,-0.00189640549707073,0.01041296648420471
18,cka_debiased,both_biomedical,10,-0.0004253993155105995,-0.0007692326709586861,-0.0051333061549556636,0.006633794238305346,-0.004733203275348982,0.005837594853042853
18,neighbors_k10,all,10,-0.0031184895833333117,-0.0029687499999999367,-0.005818142361111112,-0.0006542968750000155,-0.005638454861111096,-0.0007001953125000445
18,neighbors_k10,without_biomedical,10,-0.005794154575892857,-0.005636160714285715,-0.00832693917410715,-0.0028512137276785476,-0.00823708670479911,-0.0030403355189732107
18,neighbors_k10,one_biomedical,10,0.0009698486328125061,0.0016342163085937694,-0.0026672363281250167,0.004129028320312533,-0.0025154876708984456,0.003947753906250024
18,neighbors_k10,both_biomedical,10,0.0063867187500000035,0.006518554687500011,0.002685546875,0.009863281249999967,0.0028063964843750024,0.009687499999999977
18,neighbors_k25,all,10,-0.0015378906249999991,-0.0016786024305554814,-0.004576388888888949,0.002789496527777713,-0.004337521701388942,0.002110394965277727
18,neighbors_k25,without_biomedical,10,-0.0036752929687499823,-0.003988560267857072,-0.00744698660714288,0.0011007254464285854,-0.007056030273437522,0.00042961774553573306
18,neighbors_k25,one_biomedical,10,0.001715942382812502,0.001969604492187471,-0.0011608886718749711,0.005504150390625018,-0.0009293518066406006,0.004816680908203151
18,neighbors_k25,both_biomedical,10,0.006248046875000024,0.006171874999999993,0.00259765625000008,0.009648437499999996,0.0030195312500000708,0.009375976562500018
18,neighbors_k50,all,10,0.0013897786458333505,0.0012139756944444247,-0.0021171875000000062,0.0039796006944445295,-0.001649658203125015,0.0038802842881945176
18,neighbors_k50,without_biomedical,10,-0.0006625976562499913,-0.0011321149553571719,-0.004086914062500002,0.002611607142857242,-0.003763209751674111,0.002416756766183143
18,neighbors_k50,one_biomedical,10,0.004613830566406241,0.004914550781249971,0.0009741210937500022,0.0075634765625000044,0.0015467834472656246,0.007040390014648453
18,neighbors_k50,both_biomedical,10,0.007271484375000003,0.00752929687499998,0.003574218749999969,0.010283203125000084,0.003690673828124963,0.01026562500000005
18,rsa_spearman,all,10,-0.005015169965711335,-0.0047058081197478285,-0.012234795436720514,0.0033941370997851994,-0.011639600759347528,0.0028693924304609105
18,rsa_spearman,without_biomedical,10,-0.003539967217216067,-0.0028437860644665303,-0.011071793666983298,0.0048130527853716965,-0.010578869654656344,0.00411634692698402
18,rsa_spearman,one_biomedical,10,-0.007748862526878608,-0.008120978312208954,-0.014830415766701521,0.0014413235259781443,-0.014349067301366942,0.0011589800669817773
18,rsa_spearman,both_biomedical,10,-0.0025817659449039465,-0.0029369888480916817,-0.008177566757446852,0.0055199380262989095,-0.007482973343059948,0.004011058945100864
19,cka_debiased,all,10,0.0030540064453273954,0.0033755241716279527,-0.0014118387289578926,0.0099822527716098,-0.0011896490719088965,0.008948351483463214
19,cka_debiased,without_biomedical,10,0.0036064597520296003,0.0031977332820494753,0.00023295556017366437,0.00731183775777422,0.0004360896423066668,0.007116502259434532
19,cka_debiased,one_biomedical,10,0.002570813080183276,0.0024393871483156526,-0.0038782934945899017,0.01526302973849536,-0.0037606573053219432,0.013045214687859494
19,cka_debiased,both_biomedical,10,-0.004683592300025541,-0.005675645900889703,-0.008482025173662144,0.002760950178282706,-0.008374200088857739,0.0021985607681577765
19,neighbors_k10,all,10,-0.004317599826388891,-0.0045751953124999745,-0.006752387152777761,-0.000590277777777759,-0.006437934027777781,-0.0012746039496527642
19,neighbors_k10,without_biomedical,10,-0.005177350725446422,-0.005270821707589274,-0.0073242187499999445,-0.003151157924107195,-0.00712175641741067,-0.003162536621093774
19,neighbors_k10,one_biomedical,10,-0.0029260253906250033,-0.0037063598632812167,-0.005999755859375067,0.003713989257812522,-0.005897445678710982,0.0025775909423828365
19,neighbors_k10,both_biomedical,10,-0.002509765624999999,-0.002905273437500022,-0.006152343750000011,0.003662109375,-0.0060754394531250065,0.0028381347656250013
19,neighbors_k25,all,10,-0.0033031250000000235,-0.0031553819444443687,-0.005066840277777873,-0.0013793402777778074,-0.0049756293402778845,-0.0014888129340277984
19,neighbors_k25,without_biomedical,10,-0.0036716657366071435,-0.0033883231026785587,-0.005113002232142783,-0.002232142857142849,-0.005088361467633873,-0.0023335309709821284
19,neighbors_k25,one_biomedical,10,-0.0027407226562500054,-0.0032501220703125278,-0.005914306640625089,0.0019104003906249556,-0.0055306091308594445,0.0011855773925780978
19,neighbors_k25,both_biomedical,10,-0.0019824218749999955,-0.0020605468750000133,-0.0063085937500000355,0.003593750000000062,-0.0059658203125000225,0.0027324218750000477
19,neighbors_k50,all,10,-0.00250542534722224,-0.0025373263888888165,-0.004161892361111197,-0.00038216145833336324,-0.004120193142361191,-0.0005871907552083705
19,neighbors_k50,without_biomedical,10,-0.0028768833705357377,-0.002686593191964237,-0.005040457589285674,-0.0006773158482143438,-0.004972656249999945,-0.0008282209123884829
19,neighbors_k50,one_biomedical,10,-0.0018997192382812721,-0.0019793701171875455,-0.004060058593749971,0.0002471923828124556,-0.003948410034179682,0.00014378356933589676
19,neighbors_k50,both_biomedical,10,-0.0017958984374999876,-0.00203125000000004,-0.0038867187500000178,0.0012890625000000488,-0.003853759765624998,0.0010056152343750323
19,rsa_spearman,all,10,-0.005561722587307682,-0.0070057142193977184,-0.017199099449964228,0.00705081608416025,-0.015898062636874096,0.006422192600638672
19,rsa_spearman,without_biomedical,10,-0.0012947219797941555,-0.0025730210132184905,-0.010713092991211592,0.010856903950160257,-0.010379798898298511,0.010435638040274937
19,rsa_spearman,one_biomedical,10,-0.012661961805051636,-0.011898973861716122,-0.028886882801466562,0.001329233402104224,-0.027480795707085136,0.0003306301403076654
19,rsa_spearman,both_biomedical,10,-0.011433912113784795,-0.010706760539016535,-0.018839212799101834,-0.007974321250935557,-0.017602586907059063,-0.008224116403997507
20,cka_debiased,all,10,0.013017938955792441,0.012729470473722526,0.009173759147819815,0.018511661677883873,0.009265076208638387,0.017952516970398038
20,cka_debiased,without_biomedical,10,0.01829157205963572,0.01728675125156448,0.014565381900423335,0.023905163783331296,0.014817114793555264,0.023460268396786253
20,cka_debiased,one_biomedical,10,0.005503405292343155,0.003459270345040899,-0.0013447191112957446,0.018873986105457208,-0.001209563735773861,0.018146554855264136
20,cka_debiased,both_biomedical,10,-0.014411249336632504,-0.015009998417880976,-0.020505095038448995,-0.0009258744765682225,-0.020401856487696792,-0.003115046252339678
20,neighbors_k10,all,10,-0.009167317708333334,-0.008695746527777798,-0.013699001736111133,-0.004679904513888888,-0.013490017361111125,-0.005188693576388877
20,neighbors_k10,without_biomedical,10,-0.008415527343750017,-0.008174351283482123,-0.01185651506696428,-0.0045811244419642905,-0.011806684221540185,-0.004956229073660731
20,neighbors_k10,one_biomedical,10,-0.010001831054687504,-0.008937072753906247,-0.016589355468749983,-0.004611206054687511,-0.01590408325195312,-0.0052875518798828226
20,neighbors_k10,both_biomedical,10,-0.016865234375000003,-0.017480468750000033,-0.025976562499999967,-0.008251953124999989,-0.025811767578124978,-0.008317871093749991
20,neighbors_k25,all,10,-0.008935590277777761,-0.009074869791666551,-0.011924479166666668,-0.005615451388888859,-0.011828678385416673,-0.005775607638888859
20,neighbors_k25,without_biomedical,10,-0.007946637834821458,-0.008474818638392917,-0.011941964285714257,-0.005005580357142936,-0.01138323102678571,-0.005096296037946484
20,neighbors_k25,one_biomedical,10,-0.010078857421875004,-0.009877929687500009,-0.014935302734374933,-0.006041259765625001,-0.014871032714843704,-0.006078063964843761
20,neighbors_k25,both_biomedical,10,-0.018333984375,-0.018222656250000024,-0.02314453124999999,-0.01318359375,-0.022981933593749986,-0.013201171874999997
20,neighbors_k50,all,10,-0.0036452473958333564,-0.003695095486111105,-0.006006076388888892,-0.0009973958333333033,-0.005886545138888909,-0.001085432942708303
20,neighbors_k50,without_biomedical,10,-0.0021966029575892997,-0.002518136160714307,-0.0044893973214285565,0.00023995535714288474,-0.0044197126116071505,0.00022284807477681998
20,neighbors_k50,one_biomedical,10,-0.005563903808593751,-0.005509338378906242,-0.009984130859374996,-0.0026660156249999623,-0.009566513061523448,-0.002840698242187478
20,neighbors_k50,both_biomedical,10,-0.013508789062499993,-0.013168945312499958,-0.018095703125000084,-0.008945312499999969,-0.018078125000000077,-0.009204589843749982
20,rsa_spearman,all,10,0.01917074125417343,0.020238475225646202,0.008769943333357677,0.026827886400069723,0.009502451637849098,0.026473641608026566
20,rsa_spearman,without_biomedical,10,0.02410587468505395,0.02468358889609329,0.014347696668672638,0.03476150618465379,0.014576915867353272,0.033722004835405835
20,rsa_spearman,one_biomedical,10,0.012060944758174008,0.013735799602151544,6.7804410163185835e-06,0.01940681045095438,0.0013574040708813435,0.01922082253471438
20,rsa_spearman,both_biomedical,10,-0.005256250874489743,-0.006151839366377476,-0.01015520210089016,0.0011769538634491816,-0.00962751260478272,0.0008976760768499047
21,cka_debiased,all,10,0.0,0.0,0.0,0.0,0.0,0.0
21,cka_debiased,without_biomedical,10,0.0,0.0,0.0,0.0,0.0,0.0
21,cka_debiased,one_biomedical,10,0.0,0.0,0.0,0.0,0.0,0.0
21,cka_debiased,both_biomedical,10,0.0,0.0,0.0,0.0,0.0,0.0
21,neighbors_k10,all,10,0.0,0.0,0.0,0.0,0.0,0.0
21,neighbors_k10,without_biomedical,10,0.0,0.0,0.0,0.0,0.0,0.0
21,neighbors_k10,one_biomedical,10,0.0,0.0,0.0,0.0,0.0,0.0
21,neighbors_k10,both_biomedical,10,0.0,0.0,0.0,0.0,0.0,0.0
21,neighbors_k25,all,10,0.0,0.0,0.0,0.0,0.0,0.0
21,neighbors_k25,without_biomedical,10,0.0,0.0,0.0,0.0,0.0,0.0
21,neighbors_k25,one_biomedical,10,0.0,0.0,0.0,0.0,0.0,0.0
21,neighbors_k25,both_biomedical,10,0.0,0.0,0.0,0.0,0.0,0.0
21,neighbors_k50,all,10,0.0,0.0,0.0,0.0,0.0,0.0
21,neighbors_k50,without_biomedical,10,0.0,0.0,0.0,0.0,0.0,0.0
21,neighbors_k50,one_biomedical,10,0.0,0.0,0.0,0.0,0.0,0.0
21,neighbors_k50,both_biomedical,10,0.0,0.0,0.0,0.0,0.0,0.0
21,rsa_spearman,all,10,0.0,0.0,0.0,0.0,0.0,0.0
21,rsa_spearman,without_biomedical,10,0.0,0.0,0.0,0.0,0.0,0.0
21,rsa_spearman,one_biomedical,10,0.0,0.0,0.0,0.0,0.0,0.0
21,rsa_spearman,both_biomedical,10,0.0,0.0,0.0,0.0,0.0,0.0
22,cka_debiased,all,10,-0.014265470613300524,-0.014972387014726474,-0.019609192617182747,-0.005831368291465355,-0.018955383353851142,-0.0067205193792078
22,cka_debiased,without_biomedical,10,-0.011882091762958468,-0.012094431973384667,-0.015683986077012935,-0.0032669383793586526,-0.015410927196926863,-0.004914822481843145
22,cka_debiased,one_biomedical,10,-0.01890148159026126,-0.01945851665379339,-0.02886916032699871,-0.009023558192555181,-0.027787946485634506,-0.009304248504495351
22,cka_debiased,both_biomedical,10,-0.006823902791506953,-0.006674820503063561,-0.01533615301781166,0.0006794366810095598,-0.014343076852619496,0.0005262082761816558
22,neighbors_k10,all,10,0.0005814887152777615,-0.0004530164930555691,-0.002681206597222263,0.0055653211805555824,-0.002647026909722261,0.005150037977430574
22,neighbors_k10,without_biomedical,10,0.0018954031808035676,0.001336669921875061,-0.0022094726562500444,0.007160295758928625,-0.0018841988699777226,0.0066765049525670025
22,neighbors_k10,one_biomedical,10,-0.0016012573242187521,-0.0024505615234374917,-0.0057434082031249944,0.0030212402343749722,-0.005299835205078117,0.0027548217773437278
22,neighbors_k10,both_biomedical,10,-0.0012841796875000088,-0.0010742187499999944,-0.007128906250000011,0.004541015624999978,-0.006711425781250016,0.003881835937499979
22,neighbors_k25,all,10,-0.0004100260416666446,-0.0009075520833333461,-0.004296006944444375,0.005939236111111135,-0.004104503038194396,0.005394997829861138
22,neighbors_k25,without_biomedical,10,0.001108328683035742,0.00047223772321430824,-0.0035986328125000022,0.008412388392857184,-0.0031948067801339268,0.007703927176339341
22,neighbors_k25,one_biomedical,10,-0.0029025878906249803,-0.0031170654296874822,-0.006584472656250007,0.0022290039062500266,-0.0065262451171874975,0.0019202880859375332
22,neighbors_k25,both_biomedical,10,-0.003042968749999986,-0.0036035156249999978,-0.006289062499999942,0.0020898437500000977,-0.006130859374999936,0.001808593750000054
22,neighbors_k50,all,10,-0.0021198567708333115,-0.003001953125000012,-0.005010199652777825,0.003907118055555436,-0.004872162543402797,0.0031022352430554634
22,neighbors_k50,without_biomedical,10,-0.0009467424665178692,-0.0019505092075893238,-0.004694824218749949,0.006338588169642834,-0.004466465541294605,0.0052873535156249905
22,neighbors_k50,one_biomedical,10,-0.00405468750000002,-0.004603881835937518,-0.006890869140624978,0.00015991210937504885,-0.006637084960937496,-0.00027281188964839095
22,neighbors_k50,both_biomedical,10,-0.004009765625000017,-0.004135742187500069,-0.011425781250000044,0.0017578124999999556,-0.010410644531250044,0.0014150390624999682
22,rsa_spearman,all,10,0.003291517978722214,-0.0004297554504245904,-0.002445509820547087,0.018141860657588105,-0.0023235549483996546,0.017143514391249722
22,rsa_spearman,without_biomedical,10,0.0053354488433780545,0.0024967167453219807,-0.0003240281171846826,0.01766505209434155,-0.0002328481188848583,0.016256222467820325
22,rsa_spearman,one_biomedical,10,0.00016361254133105408,-0.004862457187655822,-0.00665266574094453,0.021304854890731473,-0.0066219385475096895,0.021108726859929327
22,rsa_spearman,both_biomedical,10,-0.003892059233381351,-0.0046815538249589395,-0.008558650779398769,0.0039635433879162685,-0.007955807433804862,0.002560024726905882
23,cka_debiased,all,10,-0.0003198670068839338,-0.0015329439292169345,-0.004104213419829583,0.007492173023065374,-0.0037035988690704543,0.0062866235592699375
23,cka_debiased,without_biomedical,10,0.0003078295656230079,0.00018810107992162095,-0.0020066677031282953,0.004355756329001426,-0.001958623178525201,0.0038034809604755755
23,cka_debiased,one_biomedical,10,-0.0015280747103916027,-0.004326959190734003,-0.007978112706512719,0.013062155472245651,-0.007913276604209832,0.011748486239397357
23,cka_debiased,both_biomedical,10,0.0014359522190453334,0.0009448474547716357,-0.0028978841224660545,0.006192121269969597,-0.00279425180990969,0.005938928449982112
23,neighbors_k10,all,10,3.5373263888888173e-05,0.00038899739583328485,-0.0032269965277776924,0.0038313802083334014,-0.0031539984809027003,0.0033784993489583853
23,neighbors_k10,without_biomedical,10,0.00010567801339285143,0.0003417968750000222,-0.00345982142857143,0.003552246093749989,-0.0034252929687500046,0.003285042898995529
23,neighbors_k10,one_biomedical,10,-0.00014526367187500666,-0.00012359619140625555,-0.0034362792968749556,0.004342651367187478,-0.0031787872314452807,0.0037596893310546686
23,neighbors_k10,both_biomedical,10,0.0009570312499999845,0.0019287109374999667,-0.007128906250000067,0.004345703125000044,-0.006074218750000052,0.00429077148437502
23,neighbors_k25,all,10,-0.0006900173611110949,-0.00013780381944444864,-0.0049348958333333415,0.001749131944444482,-0.004446809895833313,0.0016878038194444737
23,neighbors_k25,without_biomedical,10,-0.0009148297991071252,-0.0002504185267857284,-0.005001395089285654,0.0020298549107142794,-0.004788103376116025,0.001905552455357132
23,neighbors_k25,one_biomedical,10,-0.000399658203125014,-0.00027465820312502776,-0.0050305175781250044,0.003039550781250011,-0.00440924072265627,0.0027099609375000116
23,neighbors_k25,both_biomedical,10,0.0009589843749999716,0.0011621093749999423,-0.003320312500000089,0.004648437499999991,-0.002920410156250053,0.004389160156249978
23,neighbors_k50,all,10,-0.0017761935763889014,-0.002221679687499978,-0.005199001736111208,0.0010132378472222925,-0.004827810329861189,0.001003667534722258
23,neighbors_k50,without_biomedical,10,-0.002166852678571468,-0.0024534388950893105,-0.005620465959821519,0.0009538922991070842,-0.005155901227678653,0.0006535731724329813
23,neighbors_k50,one_biomedical,10,-0.0012129516601562418,-0.001556701660156229,-0.004542846679687518,0.0031774902343750244,-0.004336853027343756,0.002717575073242203
23,neighbors_k50,both_biomedical,10,0.00015039062499998533,-8.300781249998002e-05,-0.003896484375000009,0.005419921874999956,-0.003496582031250023,0.004762939453124955
23,rsa_spearman,all,10,0.0012334740454470361,0.0013470930958506822,-0.006529325489856741,0.008232794528548304,-0.005734994871345866,0.007509529668327734
23,rsa_spearman,without_biomedical,10,0.0003163919548106464,0.00046031169728444343,-0.005436942077824636,0.0076866709685201595,-0.004899897877808668,0.0066006631909836765
23,rsa_spearman,one_biomedical,10,0.002721187333318531,0.002726825324457116,-0.008487911128626346,0.009781590215798053,-0.007933543172309774,0.009699957249067267
23,rsa_spearman,both_biomedical,10,0.003108359977323927,0.003960391935151186,-0.0057786908064419995,0.007380130065459567,-0.004625318793271096,0.007242171879638332
24,cka_debiased,all,10,0.006490789816742515,0.005947802769616373,-0.001512953680981255,0.01735271964905183,-0.0007144203924728948,0.015726064062898407
24,cka_debiased,without_biomedical,10,0.00666151749643259,0.007592742460683588,-0.0007789080717064412,0.01251383927306482,9.880157710747133e-05,0.011986291931679424
24,cka_debiased,one_biomedical,10,0.006568001832919723,0.004627685484298372,-0.0026969984137572567,0.02612446420289649,-0.0020064181350818223,0.022659326064720906
24,cka_debiased,both_biomedical,10,0.00047502252658548905,-0.00048355504488617473,-0.0043141771702753795,0.012493457315181367,-0.0040458281856226965,0.0104147999699471
24,neighbors_k10,all,10,0.012870225694444437,0.012449001736111132,0.00808919270833336,0.019780815972222143,0.008683675130208339,0.01861480034722217
24,neighbors_k10,without_biomedical,10,0.01317243303571427,0.012681361607142866,0.009608677455357095,0.01938650948660714,0.009762093680245491,0.018415004185267855
24,neighbors_k10,one_biomedical,10,0.012436828613281253,0.012420654296875,0.005606079101562467,0.020785522460937456,0.0066696929931640515,0.01933258056640622
24,neighbors_k10,both_biomedical,10,0.011342773437499976,0.011425781249999989,0.005273437499999978,0.016943359374999967,0.005701904296874975,0.01644897460937497
24,neighbors_k25,all,10,0.012915798611111067,0.013423611111111011,0.009219618055555545,0.01677604166666663,0.009493641493055533,0.016370572916666635
24,neighbors_k25,without_biomedical,10,0.013007045200892835,0.013545968191964242,0.009541015624999982,0.01638811383928568,0.009588413783482125,0.016115495954241055
24,neighbors_k25,one_biomedical,10,0.012704833984374986,0.012943115234375024,0.008288574218750011,0.017543945312499976,0.008728302001953129,0.01682543945312498
24,neighbors_k25,both_biomedical,10,0.013736328124999964,0.013408203125000018,0.009218749999999942,0.01927734375000001,0.009258300781249932,0.019053222656250014
24,neighbors_k50,all,10,0.013304796006944435,0.013022243923611093,0.010567708333333314,0.015459201388888844,0.010690657552083304,0.015411740451388841
24,neighbors_k50,without_biomedical,10,0.012677594866071418,0.01237304687499996,0.010010811941964293,0.014984305245535678,0.01013197544642858,0.014947501046316937
24,neighbors_k50,one_biomedical,10,0.01436523437499999,0.014154357910156234,0.011488647460937529,0.01714416503906252,0.011495376586914088,0.016992691040039073
24,neighbors_k50,both_biomedical,10,0.013899414062500004,0.013872070312499984,0.01025390625,0.01742187500000003,0.010409912109375008,0.017391113281250033
24,rsa_spearman,all,10,-0.013834750664690254,-0.012609685142907667,-0.024393277754883647,-0.0021661472581487873,-0.02413737957950373,-0.0035864967458345614
24,rsa_spearman,without_biomedical,10,-0.011561710419431149,-0.009671252448901435,-0.02151340472678387,-0.00029121231587092566,-0.02134092408161725,-0.0016595985329892044
24,rsa_spearman,one_biomedical,10,-0.01841963596040532,-0.0180016915558166,-0.030310966878027923,-0.005231512135078997,-0.02998765146325303,-0.006248398436880507
24,rsa_spearman,both_biomedical,10,-0.004121712800504607,-0.0046205627777986535,-0.011279194859706188,0.0029207928388063076,-0.011069382744830469,0.0023514614852581783
25,cka_debiased,all,10,0.00770663269947196,0.0075383783664912385,0.0033573926684111743,0.011707564932248449,0.0038143626184034387,0.011535512604215639
25,cka_debiased,without_biomedical,10,0.007835413281804537,0.008071958054455597,0.004273491806906615,0.011910204043576678,0.004531872839049994,0.01164485990986966
25,cka_debiased,one_biomedical,10,0.008082772806475213,0.008092233443586505,0.0022944752327003215,0.013761522385616898,0.00285215147118838,0.013405142133152973
25,cka_debiased,both_biomedical,10,-0.001917465317894218,-0.002146230241047875,-0.005286704238087636,0.002977893028136336,-0.004967370292225182,0.0022229958148912692
25,neighbors_k10,all,10,0.0040396050347222155,0.006145833333333323,-0.001698133680555547,0.007660590277777712,-0.0016295301649305511,0.0074413519965277454
25,neighbors_k10,without_biomedical,10,0.0033246721540178383,0.004793003627232145,-0.003428431919642927,0.006891741071428592,-0.003214983258928625,0.006785801478794644
25,neighbors_k10,one_biomedical,10,0.005016479492187495,0.006472778320312483,-0.0006652832031250333,0.009826660156249972,-0.0005135345458984558,0.009581527709960918
25,neighbors_k10,both_biomedical,10,0.008427734375000013,0.009228515625000017,-0.002343749999999978,0.013378906250000044,-0.0009924316406249827,0.01309326171875003
25,neighbors_k25,all,10,0.008769748263888887,0.009241102430555564,0.005851562499999963,0.011258246527777793,0.00585976562499996,0.011148773871527802
25,neighbors_k25,without_biomedical,10,0.008531389508928584,0.009024483816964246,0.004690987723214302,0.010862165178571526,0.004778250558035754,0.010825753348214348
25,neighbors_k25,one_biomedical,10,0.009198486328125005,0.009145507812500009,0.006562499999999971,0.012348632812500038,0.006639953613281226,0.01227337646484378
25,neighbors_k25,both_biomedical,10,0.00858398437500001,0.007861328124999956,0.004453125000000058,0.014785156250000098,0.00463769531250004,0.014117187500000081
25,neighbors_k50,all,10,0.011207269965277794,0.011250434027777784,0.009333767361111078,0.01305468750000005,0.009561306423611105,0.012852978515625037
25,neighbors_k50,without_biomedical,10,0.011480782645089265,0.011853550502232107,0.009183175223214157,0.012400599888392816,0.00932348632812492,0.012397303989955331
25,neighbors_k50,one_biomedical,10,0.01094482421875,0.010568542480468762,0.009485473632812491,0.014230957031249991,0.009536422729492167,0.013711441040039055
25,neighbors_k50,both_biomedical,10,0.00774804687499997,0.007993164062500002,0.0020800781249999956,0.012548828124999911,0.0028315429687499867,0.012228027343749929
25,rsa_spearman,all,10,0.013259023773097688,0.01266913573680617,0.004626486213932801,0.020358773581264034,0.005718748208636068,0.020046820664456684
25,rsa_spearman,without_biomedical,10,0.009190661319064208,0.008330908422711225,-0.00040286371879305616,0.016616385967844538,0.0009580972725433679,0.016200946833485965
25,rsa_spearman,one_biomedical,10,0.020981385087300474,0.018811880533560477,0.01311227440478091,0.028341649001416114,0.013529496082175685,0.02830709518011135
25,rsa_spearman,both_biomedical,10,0.003615391458789985,0.0027771892441922352,-0.005210178611526728,0.011061328040161023,-0.004065612775278995,0.01074955571838033
26,cka_debiased,all,10,-0.026514277475666315,-0.0255419709311962,-0.03547020974518955,-0.020277931101861935,-0.034538031323517154,-0.02095277521472019
26,cka_debiased,without_biomedical,10,-0.01617902774747605,-0.015283256758964137,-0.023687530817024127,-0.012479904360976457,-0.02271088648001198,-0.012850170719576783
26,cka_debiased,one_biomedical,10,-0.045369035111383314,-0.044892774729215934,-0.057276322473361896,-0.0343553309931941,-0.056305516517910034,-0.03550973987254959
26,cka_debiased,both_biomedical,10,-0.014225147693521767,-0.013305844929667576,-0.0206247838533401,-0.010484839929088996,-0.019693876105028086,-0.010844083999722427
26,neighbors_k10,all,10,-0.004285156250000008,-0.004646809895833312,-0.008068576388888887,0.0005295138888888329,-0.0077751193576389025,9.811740451383871e-05
26,neighbors_k10,without_biomedical,10,-0.003142089843750001,-0.0035949707031250056,-0.007979910714285665,0.002214704241071397,-0.007535749162946385,0.0018549019949776623
26,neighbors_k10,one_biomedical,10,-0.005963745117187505,-0.006414794921874981,-0.008123779296875022,-0.002276611328125011,-0.008088073730468773,-0.002670745849609383
26,neighbors_k10,both_biomedical,10,-0.009433593749999991,-0.010253906250000028,-0.015234374999999967,-0.001757812500000011,-0.014597167968749972,-0.0027685546875000017
26,neighbors_k25,all,10,-0.006774435763888875,-0.00757421875,-0.010093315972222183,-0.000835503472222221,-0.009834136284722168,-0.001456499565972218
26,neighbors_k25,without_biomedical,10,-0.004699218750000006,-0.005667550223214274,-0.007882952008928579,0.002092633928571397,-0.007793334960937493,0.0013071114676338881
26,neighbors_k25,one_biomedical,10,-0.010287841796874999,-0.011187744140625025,-0.013883056640624974,-0.005958251953124993,-0.013499633789062479,-0.006230987548828126
26,neighbors_k25,both_biomedical,10,-0.008666015624999985,-0.008212890624999997,-0.012773437499999984,-0.0008593749999999956,-0.012672363281249977,-0.002243652343749996
26,neighbors_k50,all,10,-0.011753602430555576,-0.012176540798611135,-0.015907986111111105,-0.0071098090277778025,-0.015570486111111104,-0.007460980902777811
26,neighbors_k50,without_biomedical,10,-0.008796351841517818,-0.009318673270089173,-0.013062569754464237,-0.0033527483258928292,-0.012739728655133892,-0.0038362252371651564
26,neighbors_k50,one_biomedical,10,-0.01678338623046875,-0.016630554199218744,-0.020849609375000022,-0.013311157226562509,-0.02075361633300784,-0.013448486328124997
26,neighbors_k50,both_biomedical,10,-0.014080078125000017,-0.013569335937500038,-0.020283203124999982,-0.010634765624999987,-0.019435058593749978,-0.0109775390625
26,rsa_spearman,all,10,0.001053093854234577,0.002115661234506072,-0.007674105153252064,0.009424622858994702,-0.006585958043046713,0.008192386341874138
26,rsa_spearman,without_biomedical,10,0.008214808324234723,0.00841813799492741,0.0014112671982245972,0.015309919439810415,0.0018854239744344192,0.014627720722356652
26,rsa_spearman,one_biomedical,10,-0.0113863209114066,-0.009819243137124456,-0.023771040975364754,-0.0003427595093570268,-0.022612940174160854,-0.00197702708863777
26,rsa_spearman,both_biomedical,10,-0.00044427505551134503,-0.0002660940426651437,-0.00451355784079277,0.0026793082446989747,-0.003893478047503479,0.002282212099842846
27,cka_debiased,all,10,-0.002754874541990149,-0.002540910926159712,-0.010544913443384374,0.004415441003262632,-0.01044725403928926,0.0038620650757925793
27,cka_debiased,without_biomedical,10,-0.0026028898015902245,-0.0027948885923583244,-0.00798708962072936,0.003567071621342399,-0.007857034580794248,0.003042578756156376
27,cka_debiased,one_biomedical,10,-0.003142192692942214,-0.0017886886579929206,-0.015317090698947489,0.005826720276413122,-0.015209487629320001,0.005647584045225343
27,cka_debiased,both_biomedical,10,-0.0008133568579565709,-0.0023786308508966236,-0.010113664601806738,0.00975666134700226,-0.009145147553860408,0.008819008492417325
27,neighbors_k10,all,10,0.001286132812500007,0.0015961371527777601,-0.0026497395833333104,0.003804253472222241,-0.0021787923177083142,0.0035828179253472514
27,neighbors_k10,without_biomedical,10,0.003665771484375008,0.0036926269531250278,0.00010114397321425717,0.0063459123883928825,0.0004629080636160493,0.006279994419642868
27,neighbors_k10,one_biomedical,10,-0.0025903320312499977,-0.0021728515625000083,-0.0074859619140625056,6.71386718750222e-05,-0.006881027221679691,3.143310546877351e-05
27,neighbors_k10,both_biomedical,10,-0.0033203125,-0.0018310546875000278,-0.011669921874999989,0.00048828125,-0.010747070312499992,0.00042236328124998514
27,neighbors_k25,all,10,0.001678038194444459,0.0020362413194444373,-0.003336371527777826,0.0047061631944445015,-0.0024174262152778167,0.004336338975694494
27,neighbors_k25,without_biomedical,10,0.004096121651785722,0.0042564174107142805,-7.603236607139907e-05,0.006742466517857093,0.0005713762555803956,0.006522269112723174
27,neighbors_k25,one_biomedical,10,-0.0022098388671874915,-0.0013964843750000067,-0.008754882812499976,0.0017834472656250155,-0.007557647705078109,0.001273132324218781
27,neighbors_k25,both_biomedical,10,-0.0038222656249999763,-0.0044726562499999845,-0.007929687499999893,0.0011132812499999867,-0.007881347656249912,0.000919921874999988
27,neighbors_k50,all,10,0.0011020833333333425,0.0016213107638889113,-0.002828993055555562,0.004209635416666635,-0.0024128797743055664,0.0037756998697916397
27,neighbors_k50,without_biomedical,10,0.0033640136718749826,0.003557303292410663,9.068080357138575e-05,0.00635951450892841,0.0003991612025669139,0.005958513532365963
27,neighbors_k50,one_biomedical,10,-0.002559143066406261,-0.0020809936523437933,-0.007717895507812489,0.000946044921875,-0.007075332641601577,0.00047212219238282273
27,neighbors_k50,both_biomedical,10,-0.0036523437499999868,-0.00350097656249998,-0.007216796874999987,0.00048828125,-0.0071574707031249905,0.00015869140625000052
27,rsa_spearman,all,10,0.00010598347845157674,0.0019975181214439697,-0.00938556947176411,0.011210855162360145,-0.009222073787987816,0.009423584416207059
27,rsa_spearman,without_biomedical,10,0.0005849533444873822,0.0032544700943235028,-0.010462237256262774,0.007410178325025385,-0.01024432311850135,0.007048208101776727
27,rsa_spearman,one_biomedical,10,-0.0009085390679933025,-0.002578052393319985,-0.00986505559181916,0.018259341181116773,-0.009656600594464316,0.01511285268479362
27,rsa_spearman,both_biomedical,10,0.0029271879725671136,0.0031459700726112483,-0.004156836983885692,0.009843265247108546,-0.0040994866735559994,0.009345034368375775
28,cka_debiased,all,10,-0.028178457417804358,-0.028208060941418867,-0.032204078369604816,-0.020747933102529537,-0.03180749201567998,-0.02211963219198305
28,cka_debiased,without_biomedical,10,-0.026011815114387105,-0.025182636298037464,-0.029774927134627482,-0.02058344083935859,-0.029480458314514374,-0.021447817879943282
28,cka_debiased,one_biomedical,10,-0.03332413489549072,-0.03438818693721579,-0.03783327292728855,-0.02243109596728121,-0.03729666318031915,-0.024546126284202323
28,cka_debiased,both_biomedical,10,-0.0065136022705075455,-0.008408162851325951,-0.01015320002603004,0.0015768893646999071,-0.010143926647865226,0.0009967281874223059
28,neighbors_k10,all,10,-0.002590820312500003,-0.0012782118055556235,-0.008212890624999858,0.0012749565972222099,-0.0077380371093748734,0.0011760796440972126
28,neighbors_k10,without_biomedical,10,-0.0020802525111607018,-0.0005336216517856929,-0.007845633370535676,0.0027587890624999334,-0.007647879464285681,0.002656380789620498
28,neighbors_k10,one_biomedical,10,-0.0032928466796875,-0.002766418457031239,-0.00860595703125,4.88281250000111e-05,-0.007952270507812508,-0.00019424438476561102
28,neighbors_k10,both_biomedical,10,-0.005654296874999997,-0.005273437500000033,-0.01220703125,0.0031250000000000444,-0.011536865234374985,0.0016638183593750517
28,neighbors_k25,all,10,-0.006052907986111106,-0.0059476996527777215,-0.010025173611111049,-0.0021870659722221797,-0.009857009548611063,-0.0024152886284721864
28,neighbors_k25,without_biomedical,10,-0.004730329241071462,-0.005116489955357129,-0.009870954241071539,-0.0002455357142857606,-0.009704119001116163,-0.00039887346540182613
28,neighbors_k25,one_biomedical,10,-0.008078735351562494,-0.007725219726562482,-0.011192626953124951,-0.0050744628906249645,-0.011025634765624966,-0.0052106933593749774
28,neighbors_k25,both_biomedical,10,-0.01067187500000002,-0.010322265625000049,-0.015273437499999987,-0.00503906250000008,-0.014917480468750011,-0.005601562500000042
28,neighbors_k50,all,10,-0.011447330729166682,-0.01083582899305549,-0.01517881944444438,-0.007883463541666802,-0.01505997178819439,-0.008088492838541796
28,neighbors_k50,without_biomedical,10,-0.0099486258370536,-0.009327218191964304,-0.01497140066964281,-0.005898786272321432,-0.014784476143973194,-0.006013201032366076
28,neighbors_k50,one_biomedical,10,-0.013985839843749981,-0.013752441406249982,-0.017636718750000002,-0.011057128906249991,-0.017242996215820313,-0.011201324462890615
28,neighbors_k50,both_biomedical,10,-0.012794921874999986,-0.012719726562499978,-0.015996093749999996,-0.009658203124999987,-0.015857666015624997,-0.00966479492187498
28,rsa_spearman,all,10,-0.01708324168388835,-0.01745535111747204,-0.026388521667971454,-0.008176856636808782,-0.02562036936883112,-0.00839541769252777
28,rsa_spearman,without_biomedical,10,-0.017723547743764268,-0.017563396291506717,-0.02538832067264929,-0.009268325893527773,-0.025024259185031157,-0.009547263984856438
28,rsa_spearman,one_biomedical,10,-0.016700655850795644,-0.017122155288664953,-0.03213542698883809,-0.004488120886000924,-0.02990171250718156,-0.005448362408440914
28,rsa_spearman,both_biomedical,10,-0.0052760453368432825,-0.003617830713050163,-0.012063859009661004,0.0006106887285236562,-0.011819447126063226,0.00045335470815596214
29,cka_debiased,all,10,0.0,0.0,0.0,0.0,0.0,0.0
29,cka_debiased,without_biomedical,10,0.0,0.0,0.0,0.0,0.0,0.0
29,cka_debiased,one_biomedical,10,0.0,0.0,0.0,0.0,0.0,0.0
29,cka_debiased,both_biomedical,10,0.0,0.0,0.0,0.0,0.0,0.0
29,neighbors_k10,all,10,0.0,0.0,0.0,0.0,0.0,0.0
29,neighbors_k10,without_biomedical,10,0.0,0.0,0.0,0.0,0.0,0.0
29,neighbors_k10,one_biomedical,10,0.0,0.0,0.0,0.0,0.0,0.0
29,neighbors_k10,both_biomedical,10,0.0,0.0,0.0,0.0,0.0,0.0
29,neighbors_k25,all,10,0.0,0.0,0.0,0.0,0.0,0.0
29,neighbors_k25,without_biomedical,10,0.0,0.0,0.0,0.0,0.0,0.0
29,neighbors_k25,one_biomedical,10,0.0,0.0,0.0,0.0,0.0,0.0
29,neighbors_k25,both_biomedical,10,0.0,0.0,0.0,0.0,0.0,0.0
29,neighbors_k50,all,10,0.0,0.0,0.0,0.0,0.0,0.0
29,neighbors_k50,without_biomedical,10,0.0,0.0,0.0,0.0,0.0,0.0
29,neighbors_k50,one_biomedical,10,0.0,0.0,0.0,0.0,0.0,0.0
29,neighbors_k50,both_biomedical,10,0.0,0.0,0.0,0.0,0.0,0.0
29,rsa_spearman,all,10,0.0,0.0,0.0,0.0,0.0,0.0
29,rsa_spearman,without_biomedical,10,0.0,0.0,0.0,0.0,0.0,0.0
29,rsa_spearman,one_biomedical,10,0.0,0.0,0.0,0.0,0.0,0.0
29,rsa_spearman,both_biomedical,10,0.0,0.0,0.0,0.0,0.0,0.0
30,cka_debiased,all,10,0.03063516343866225,0.030380283517553675,0.026260107611666417,0.03514565476650722,0.026529444261533787,0.034979969387799695
30,cka_debiased,without_biomedical,10,0.029277483383600644,0.02880604581891333,0.025758597442181008,0.033255970778982125,0.02593280544727105,0.03317071429931419
30,cka_debiased,one_biomedical,10,0.03440439323328322,0.03354383803644512,0.028455050389107228,0.040477800838991884,0.02882679380391003,0.040397683678272206
30,cka_debiased,both_biomedical,10,0.008342528266451299,0.007091493370463886,0.004742161667333766,0.013705516070002921,0.00484141957377944,0.013626011967882407
30,neighbors_k10,all,10,0.001895616319444432,0.0021923828124999767,-0.0014583333333332837,0.005773654513888893,-0.0012312825520833155,0.005496799045138895
30,neighbors_k10,without_biomedical,10,0.0020488630022321487,0.002767508370535743,-0.0008475167410714746,0.005772181919642794,-0.0007313755580357518,0.0054484776088169155
30,neighbors_k10,one_biomedical,10,0.0015884399414062389,0.0010238647460937278,-0.0028076171875000555,0.006137084960937511,-0.0023585510253906704,0.005907745361328139
30,neighbors_k10,both_biomedical,10,0.0025195312499999957,0.0020996093750000333,-0.0032226562500000666,0.008691406249999978,-0.0028381347656250416,0.008625488281249963
30,neighbors_k25,all,10,0.00250763888888888,0.0034309895833333492,-0.0009275173611112408,0.005656250000000029,-0.0007936306423612177,0.005509472656250028
30,neighbors_k25,without_biomedical,10,0.0023653041294643185,0.0036830357142857983,-0.0015332031249999933,0.005525948660714264,-0.0013244628906249958,0.005364135742187502
30,neighbors_k25,one_biomedical,10,0.002612915039062513,0.0030322265625000178,-0.0011108398437500444,0.0059033203125000155,-0.0009015502929687724,0.00584207153320314
30,neighbors_k25,both_biomedical,10,0.00480859374999999,0.004541015624999978,0.00031249999999993783,0.009707031250000053,0.0004267578124999338,0.009236816406250056
30,neighbors_k50,all,10,0.0032052734374999835,0.00308289930555547,-0.000107855902777787,0.007030815972222104,1.5483940972198246e-05,0.006680230034722141
30,neighbors_k50,without_biomedical,10,0.0034427315848214292,0.003948974609375017,-0.00037562779017863424,0.007395717075892816,-0.00016170828683040038,0.006917262486049089
30,neighbors_k50,one_biomedical,10,0.002778076171874988,0.002282409667968721,9.76562500000222e-05,0.006418457031249991,0.0001572570800781492,0.0062698669433593575
30,neighbors_k50,both_biomedical,10,0.0033916015624999795,0.0036816406249999822,-0.0011621093750000533,0.006699218750000013,-0.0009313964843750383,0.0066794433593750065
30,rsa_spearman,all,10,-0.0008090680120893312,-0.0005717256686625372,-0.01132624133998228,0.014676192345923655,-0.010834860695608814,0.012494373915929158
30,rsa_spearman,without_biomedical,10,-0.00209239804973278,-0.0002703981890688767,-0.012124248952328553,0.01194882847519374,-0.012009197776285896,0.009819882485193158
30,rsa_spearman,one_biomedical,10,0.001207572868434459,-0.0006338514634122161,-0.010483613437459627,0.01975660893926534,-0.010155469311896866,0.017417628131091663
30,rsa_spearman,both_biomedical,10,0.0028579189535445247,0.0026703924299281145,-0.0024640746346592524,0.009755715232892537,-0.002358607823332895,0.009216290692329675
31,cka_debiased,all,10,0.01039586582044597,0.011099516635243833,0.0039777980438199245,0.015366988303948559,0.00425216575822622,0.015013941733819767
31,cka_debiased,without_biomedical,10,0.006135483967707389,0.006175561584688627,-0.00046508509338649695,0.012253898686494513,0.0001268264158115484,0.011648326768233198
31,cka_debiased,one_biomedical,10,0.018215851726818555,0.01925605675179476,0.01002587741589378,0.022292945391209296,0.010456506124076165,0.022144469472260973
31,cka_debiased,both_biomedical,10,0.004566783195165869,0.004380350681897127,0.0009867700172279115,0.00952561869704538,0.0010637940470962864,0.009183073568253106
31,neighbors_k10,all,10,0.007464084201388882,0.007070312500000009,0.004425998263888897,0.010442708333333273,0.004678927951388896,0.01043929036458328
31,neighbors_k10,without_biomedical,10,0.006009521484374997,0.005527169363839318,0.0035627092633928603,0.008940778459821386,0.0037071010044642987,0.008823067801339245
31,neighbors_k10,one_biomedical,10,0.00977264404296876,0.009553527832031228,0.0055389404296875,0.013836669921875044,0.00604225158691407,0.013620376586914095
31,neighbors_k10,both_biomedical,10,0.011254882812500006,0.011425781249999989,0.007617187500000011,0.015673828124999956,0.007749023437500016,0.015289306640624969
31,neighbors_k25,all,10,0.011332638888888875,0.01127473958333336,0.009269531250000018,0.01567534722222219,0.009279980468749994,0.01496665581597221
31,neighbors_k25,without_biomedical,10,0.010152553013392856,0.01018519810267865,0.0072328404017857895,0.01460728236607145,0.007440952845982195,0.014060320172991084
31,neighbors_k25,one_biomedical,10,0.013302001953125009,0.012927856445312524,0.011022949218750022,0.017362060546875002,0.011197357177734407,0.016937438964843753
31,neighbors_k25,both_biomedical,10,0.012865234375000012,0.012558593750000013,0.009003906250000027,0.018593749999999964,0.009333496093750027,0.017758789062499974
31,neighbors_k50,all,10,0.017846788194444435,0.017772243923611097,0.015344401041666844,0.020973307291666632,0.015505192057291808,0.020677213541666652
31,neighbors_k50,without_biomedical,10,0.017410679408482198,0.017688162667410745,0.013440987723214393,0.02084995814732149,0.013994306291852762,0.0204585309709822
31,neighbors_k50,one_biomedical,10,0.018807678222656256,0.01837249755859377,0.016293945312500002,0.02129455566406252,0.016573272705078117,0.021260223388671895
31,neighbors_k50,both_biomedical,10,0.014683593749999991,0.014638671875000009,0.008535156250000009,0.019287109375,0.00913940429687501,0.018928955078125
31,rsa_spearman,all,10,-0.005972415485101024,-0.006765843007664363,-0.014534870319304116,0.00938144934168672,-0.014521738333171183,0.007440088616698443
31,rsa_spearman,without_biomedical,10,-0.006379104737844287,-0.006891196406656697,-0.01583840137950676,0.010330992607720302,-0.015111308066883216,0.0078067621809088505
31,rsa_spearman,one_biomedical,10,-0.005592444299421772,-0.005356616263626157,-0.01865017901478283,0.00816239536759289,-0.017366641111154903,0.007129318890270669
31,rsa_spearman,both_biomedical,10,-0.000664655379160406,-0.0007042918727598879,-0.007337030985343662,0.005232367864079324,-0.006509269667436424,0.0045723829272680434
32,cka_debiased,all,10,0.005386753196833493,0.006467073808336443,0.0013471333084189574,0.008594065627814618,0.0014268626070872315,0.008525397204471272
32,cka_debiased,without_biomedical,10,0.00797293601063287,0.008816938375260597,0.004431362501350455,0.012083213900439649,0.004467250145280019,0.011703012451872531
32,cka_debiased,one_biomedical,10,0.0013866643673304479,0.0024733356258758166,-0.0037091025534645716,0.005467050898370185,-0.0035968457651259444,0.005423772562379423
32,cka_debiased,both_biomedical,10,-0.003024944317498668,-0.0022570046799993415,-0.00857752821476998,-4.950070890497038e-05,-0.007908328599571149,-0.00030289535759682977
32,neighbors_k10,all,10,0.00141883680555554,0.0013368055555555702,-0.0016514756944444597,0.004184027777777766,-0.0013108995225694698,0.004149848090277751
32,neighbors_k10,without_biomedical,10,0.0015624999999999888,0.001871163504464285,-0.001832798549107173,0.004288155691964279,-0.0015875680106026927,0.004134739467075883
32,neighbors_k10,one_biomedical,10,0.0013601684570312578,0.001071166992187511,-0.001583862304687489,0.005276489257812517,-0.001535110473632799,0.005017623901367199
32,neighbors_k10,both_biomedical,10,-0.0016650390625000066,-0.0017333984375000056,-0.004638671875,0.002880859374999989,-0.004451904296875008,0.0023425292968749923
32,neighbors_k25,all,10,0.003039843749999993,0.0035622829861111094,-0.000717013888888951,0.005318576388888885,-9.855685763892892e-05,0.005032736545138885
32,neighbors_k25,without_biomedical,10,0.0034863281250000324,0.0036146763392857773,-0.0004394531249999334,0.0060372488839286476,0.00022506277901790113,0.005776245117187555
32,neighbors_k25,one_biomedical,10,0.0024842529296874916,0.0025848388671874944,-0.0012915039062499911,0.00440795898437496,-0.0006905517578124881,0.0043475341796874655
32,neighbors_k25,both_biomedical,10,-0.0005722656250000014,-0.0008203124999999756,-0.004121093749999916,0.00285156249999996,-0.0037431640624999347,0.0026669921874999535
32,neighbors_k50,all,10,0.004918446180555558,0.005398111979166675,0.0002601996527777928,0.006221571180555607,0.001164984809027786,0.006182801649305599
32,neighbors_k50,without_biomedical,10,0.0057727748325893165,0.006000802176339276,0.0012252371651785277,0.007494070870535829,0.0021326293945312215,0.007401314871651895
32,neighbors_k50,one_biomedical,10,0.0036821899414062275,0.004243469238281228,-0.001371459960937571,0.006200561523437509,-0.00045327758789068804,0.006072708129882816
32,neighbors_k50,both_biomedical,10,0.0007773437499999925,0.00027343749999997335,-0.0010351562499999467,0.004423828124999973,-0.0009736328124999527,0.004127197265624994
32,rsa_spearman,all,10,-0.003974499854133002,-0.0033326424310984593,-0.011334404200636028,0.0025648443673780275,-0.010444730845024355,0.0018694192146146021
32,rsa_spearman,without_biomedical,10,-0.00524350487004085,-0.004204986588467741,-0.010614401718661126,-1.3314357837246327e-05,-0.010458189888700457,-0.00046692429495914995
32,rsa_spearman,one_biomedical,10,-0.0019537383455814792,-0.001769699576549627,-0.013543425266827613,0.0069032222904447105,-0.01198381499378649,0.006593078055021873
32,rsa_spearman,both_biomedical,10,-0.0007745435455358662,-0.0004786716401881663,-0.01085695485314353,0.005339241904345315,-0.009480075941327432,0.005004131732572939
33,cka_debiased,all,10,-0.0028812914723464144,-0.002100396330165455,-0.0101039548490508,0.0017173942072331583,-0.009179912492223921,0.001420276671816587
33,cka_debiased,without_biomedical,10,-0.002290358673432491,-0.0013292152005516256,-0.007337113132025341,0.0022564478857017845,-0.006888890398254452,0.0018598736070254756
33,cka_debiased,one_biomedical,10,-0.004115578849407375,-0.0036357353068373066,-0.014980177879703294,0.002625219557926828,-0.013628304327003734,0.0021402329845134163
33,cka_debiased,both_biomedical,10,0.0003211881910413661,-2.0976936603411822e-05,-0.00955595443531998,0.007850295072554525,-0.008941024995087527,0.007565968115621835
33,neighbors_k10,all,10,0.009192925347222203,0.0083355034722222,0.006319444444444378,0.01574652777777777,0.006404649522569379,0.014659857855902776
33,neighbors_k10,without_biomedical,10,0.010746895926339286,0.010407366071428573,0.008105468749999956,0.01652483258928572,0.008167855398995508,0.01566632952008929
33,neighbors_k10,one_biomedical,10,0.006733398437499996,0.005999755859374983,0.002175903320312478,0.0145111083984375,0.002546005249023419,0.013597183227539068
33,neighbors_k10,both_biomedical,10,0.005034179687499996,0.00537109375,-0.012792968750000022,0.015917968749999956,-0.009936523437500022,0.015423583984374968
33,neighbors_k25,all,10,0.010198133680555544,0.009283420138888887,0.0077651909722221135,0.014388020833333404,0.0078036675347221375,0.014112532552083367
33,neighbors_k25,without_biomedical,10,0.012646135602678571,0.011918945312499984,0.009516601562500004,0.01717006138392857,0.009774466378348211,0.01694452776227679
33,neighbors_k25,one_biomedical,10,0.006242675781250001,0.006202392578124993,0.002268066406249991,0.009862060546874996,0.0024446716308593615,0.009770050048828135
33,neighbors_k25,both_biomedical,10,0.004941406250000002,0.004951171874999938,-0.0044335937499999645,0.010507812500000102,-0.0029218749999999653,0.010147460937500082
33,neighbors_k50,all,10,0.009139322916666654,0.008888888888888946,0.00625108506944444,0.0125034722222222,0.006287559678819452,0.012316069878472209
33,neighbors_k50,without_biomedical,10,0.012086704799107156,0.012031075613839315,0.008303571428571521,0.015862513950892887,0.008634495326450973,0.015524135044642883
33,neighbors_k50,one_biomedical,10,0.004403869628906249,0.0041259765624999944,0.00014892578124997558,0.008610229492187538,0.00025425720214840156,0.00841947937011722
33,neighbors_k50,both_biomedical,10,0.0023798828124999894,0.0029052734374999667,-0.00642578125000004,0.008945312499999969,-0.005487548828125019,0.008257568359374997
33,rsa_spearman,all,10,0.0058744458013973485,0.004782284668705478,-0.0020176889780317286,0.013300951824318674,-0.001466097842028044,0.013152107506881651
33,rsa_spearman,without_biomedical,10,0.004717918484551925,0.003836288864572629,-0.003466216372238151,0.01249726249988603,-0.0030875886616667015,0.01229545604286099
33,rsa_spearman,one_biomedical,10,0.007890910035067927,0.008446503379897746,-0.0010718330942426357,0.015037192289905077,-0.0006919028181307449,0.014972223756544395
33,rsa_spearman,both_biomedical,10,0.005993782934340086,0.00767614547443779,-0.0036098801599456776,0.012490256683223788,-0.0027086529636100505,0.01209084099873714
34,cka_debiased,all,10,-0.008776495087765146,-0.008267095086191611,-0.013489538625067188,-0.0031553578916648783,-0.013359596742862311,-0.003611610296592926
34,cka_debiased,without_biomedical,10,-0.001757247991176525,-0.0016594672095412433,-0.0061329199912898424,0.0035237513248856933,-0.005927723916044558,0.0029552546394055004
34,cka_debiased,one_biomedical,10,-0.021036568475535068,-0.020530118125227592,-0.02712100715113619,-0.012613399643205958,-0.02706517436401659,-0.01302643323016975
34,cka_debiased,both_biomedical,10,-0.009154239587924284,-0.009978880416223301,-0.014159333292476317,-0.0012116387719145472,-0.013704329952047376,-0.0021409015317350386
34,neighbors_k10,all,10,-0.0059358723958333305,-0.006321072048611126,-0.011053602430555531,0.0015874565972222032,-0.010848768446180547,0.0005559624565972146
34,neighbors_k10,without_biomedical,10,-0.003535156250000021,-0.004116385323660737,-0.007847377232142905,0.003679547991071397,-0.007584097726004496,0.002946210588727653
34,neighbors_k10,one_biomedical,10,-0.009610900878906242,-0.010697937011718783,-0.015982055664062522,-0.0015563964843749445,-0.015924377441406262,-0.002315139770507768
34,neighbors_k10,both_biomedical,10,-0.014355468749999994,-0.015258789062499944,-0.02607421874999999,-0.006689453125000022,-0.024733886718749997,-0.006843261718750007
34,neighbors_k25,all,10,-0.01023090277777779,-0.010100911458333334,-0.014763020833333251,-0.004240017361111126,-0.014739778645833283,-0.004520779079861124
34,neighbors_k25,without_biomedical,10,-0.007716378348214292,-0.0073367745535714846,-0.01196149553571424,-0.002372349330357071,-0.01189447893415175,-0.002490216936383885
34,neighbors_k25,one_biomedical,10,-0.014210327148437502,-0.014523315429687489,-0.019475097656249996,-0.006893310546875031,-0.019433349609374997,-0.007509368896484388
34,neighbors_k25,both_biomedical,10,-0.016966796875000023,-0.01571289062500003,-0.026152343749999973,-0.011757812500000075,-0.025106445312499975,-0.012280761718750074
34,neighbors_k50,all,10,-0.0138427300347222,-0.014077365451388851,-0.01865820312499994,-0.008637369791666794,-0.018107763671874957,-0.008826725260416743
34,neighbors_k50,without_biomedical,10,-0.011255964006696423,-0.011943882533482192,-0.015344935825892803,-0.006505301339285674,-0.01506470598493299,-0.00655842808314729
34,neighbors_k50,one_biomedical,10,-0.01798248291015624,-0.01803253173828126,-0.023798828125000004,-0.011611328124999987,-0.023091445922851565,-0.012149383544921852
34,neighbors_k50,both_biomedical,10,-0.020036132812499975,-0.019536132812499996,-0.029179687499999996,-0.013749999999999929,-0.028302978515624994,-0.014152099609374937
34,rsa_spearman,all,10,0.032990649361269844,0.034454865705620175,0.01606742150266871,0.03997336875866664,0.018569606154326655,0.039591396671221725
34,rsa_spearman,without_biomedical,10,0.03514908515617451,0.03625345365845489,0.019914015025731535,0.04175837923214598,0.022090614960175274,0.04131861806174889
34,rsa_spearman,one_biomedical,10,0.03092209743987075,0.03202888392249337,0.010332323772706098,0.042712487879156824,0.013408284815257698,0.04192173984553059
34,rsa_spearman,both_biomedical,10,0.0056512778463277515,0.004210173344277368,0.00012436653631486827,0.012104787244756054,0.0005385444968233621,0.011974673181307516
35,cka_debiased,all,10,0.006666752811909926,0.007378045803926314,0.0026657379256034286,0.008631205681326026,0.0029289383748435345,0.008607271518073048
35,cka_debiased,without_biomedical,10,0.0066523635269926775,0.007043717382051673,0.002141359559762579,0.008487869191048159,0.0027355347263035455,0.008437449155987597
35,cka_debiased,one_biomedical,10,0.007027225911206647,0.007484862601577269,0.00245097770793945,0.010106008493680485,0.0026977702530992633,0.010040948068726819
35,cka_debiased,both_biomedical,10,0.0013020832008463045,0.0009160663616341047,-0.001229847888893465,0.005412939259466509,-0.001069505039585722,0.0049415368946750865
35,neighbors_k10,all,10,-0.0020340711805555524,-0.002035047743055546,-0.004157986111111178,-3.146701388889728e-05,-0.004144802517361166,-0.0001239963107638796
35,neighbors_k10,without_biomedical,10,-0.0020711844308035745,-0.002087402343749989,-0.0038818359374999667,1.743861607139685e-05,-0.0038586861746651574,-2.8076171875018802e-05
35,neighbors_k10,one_biomedical,10,-0.0019409179687499944,-0.0014328002929687167,-0.004788208007812544,-4.57763671875e-05,-0.004757995605468785,-8.491516113280494e-05
35,neighbors_k10,both_biomedical,10,-0.002485351562499988,-0.0018066406250000222,-0.006396484375000011,-0.0005859374999999112,-0.0059020996093749984,-0.000651855468749926
35,neighbors_k25,all,10,-0.0020634114583333307,-0.0017300347222222456,-0.00467447916666669,-0.0001519097222222321,-0.00454684244791667,-0.0003295464409722293
35,neighbors_k25,without_biomedical,10,-0.0019022042410714647,-0.0016737583705358217,-0.004497070312499907,-6.696428571434376e-05,-0.004287074497767787,-0.0002192034040179103
35,neighbors_k25,one_biomedical,10,-0.0023220214843749976,-0.001899414062500021,-0.005313720703125024,-0.0002685546875000333,-0.005224182128906256,-0.0004012145996093936
35,neighbors_k25,both_biomedical,10,-0.002439453125000002,-0.0017187499999999356,-0.00578124999999996,-1.9531249999982236e-05,-0.005548339843749972,-9.42382812499891e-05
35,neighbors_k50,all,10,-0.0023022786458333057,-0.0022676866319443767,-0.004014322916666702,-0.000641276041666583,-0.004009537760416697,-0.000687760416666594
35,neighbors_k50,without_biomedical,10,-0.0019784458705357165,-0.001740897042410705,-0.0037517438616071486,-0.00037737165178580723,-0.003674839564732156,-0.0004724033900669956
35,neighbors_k50,one_biomedical,10,-0.002870605468749987,-0.002869873046874971,-0.0052575683593749645,-0.0001959228515624467,-0.005078079223632781,-0.0005106811523437097
35,neighbors_k50,both_biomedical,10,-0.0022763671875000056,-0.0026416015624999845,-0.004238281250000031,-8.789062500003109e-05,-0.004033935546875017,-0.00016699218750003398
35,rsa_spearman,all,10,0.006712257928841392,0.007820887713602676,-0.003589858374008048,0.009810833586427758,-0.00180729902642911,0.009761059858639547
35,rsa_spearman,without_biomedical,10,0.0054629841357087035,0.006496847836081343,-0.00438298026490358,0.010842849679566058,-0.0031055051136572587,0.01034493869304613
35,rsa_spearman,one_biomedical,10,0.009231780631694863,0.01005482966579363,-0.0024059814280465996,0.018682909291802163,-0.0002675539136239441,0.017106180658225733
35,rsa_spearman,both_biomedical,10,0.0013795608909012546,0.0013671824359235973,-0.005338835351848981,0.007215387850542876,-0.004210604624652836,0.0064159189876049644
36,cka_debiased,all,10,0.003205159367467092,0.00305877675542926,0.0005107944269572284,0.005975152311453735,0.0005208780711633554,0.005970619919283634
36,cka_debiased,without_biomedical,10,0.008820078037065193,0.009281104197393641,0.005100795842341799,0.011656479600127057,0.0051615947255976655,0.011633387152314151
36,cka_debiased,one_biomedical,10,-0.005968091658984575,-0.006147283217881161,-0.010831999694104755,-0.0012343633452118752,-0.010595474993274298,-0.0015000183878429493
36,cka_debiased,both_biomedical,10,-0.007240546958056216,-0.007367012665200956,-0.013474117348031167,0.0026766218092705296,-0.01336741550242479,0.0014909570711063487
36,neighbors_k10,all,10,0.01607812499999999,0.01509548611111114,0.01255099826388889,0.021208767361111158,0.012673068576388887,0.02077883572048615
36,neighbors_k10,without_biomedical,10,0.018540387834821443,0.017361886160714324,0.01564069475446428,0.022467912946428636,0.01574388776506698,0.022384338378906306
36,neighbors_k10,one_biomedical,10,0.012268676757812503,0.011401367187499997,0.007733154296875017,0.01960449218749999,0.007863616943359386,0.01889312744140625
36,neighbors_k10,both_biomedical,10,0.008085937500000012,0.007714843749999978,-0.0001953125000000444,0.02006835937500001,0.00041992187499997056,0.018387451171875006
36,neighbors_k25,all,10,0.01926618923611112,0.018955946180555572,0.016333333333333255,0.02381597222222226,0.016412727864583268,0.02348267144097227
36,neighbors_k25,without_biomedical,10,0.02345082310267857,0.022888881138392853,0.021072823660714224,0.02755440848214291,0.021090715680803528,0.027453962053571458
36,neighbors_k25,one_biomedical,10,0.012847900390625005,0.012857666015624991,0.009091796875000002,0.01821533203125003,0.009208801269531271,0.017559722900390637
36,neighbors_k25,both_biomedical,10,0.0047890624999999964,0.0033984374999999623,-0.0015820312500000044,0.017851562499999973,-0.0014282226562499945,0.01629589843749999
36,neighbors_k50,all,10,0.020136827256944406,0.019563151041666615,0.01728320312499998,0.02320203993055553,0.017442968749999982,0.023046034071180548
36,neighbors_k50,without_biomedical,10,0.02518561662946432,0.024799281529017947,0.022929687500000018,0.027687988281249964,0.023018205915178593,0.027686261858258922
36,neighbors_k50,one_biomedical,10,0.012424011230468768,0.012366027832031251,0.008502807617187524,0.01658813476562504,0.008820724487304707,0.016205123901367222
36,neighbors_k50,both_biomedical,10,0.002175781249999975,0.0010986328124999445,-0.002832031249999978,0.012177734375000027,-0.0026452636718749976,0.010718750000000006
36,rsa_spearman,all,10,-0.00623490113200959,-0.0067661375869771945,-0.014937171952742856,0.006377700317844404,-0.014314288228700633,0.005233472445223782
36,rsa_spearman,without_biomedical,10,-0.0036324670117749537,-0.005044640722629723,-0.010778971187036357,0.008064760615144217,-0.010587455908082175,0.007130995095990122
36,rsa_spearman,one_biomedical,10,-0.010830372142840073,-0.008298162813925813,-0.02324082744016487,0.004093816935672789,-0.023161439981954697,0.0025347394786498995
36,rsa_spearman,both_biomedical,10,-0.005575520325288607,-0.006627113742819102,-0.014274361057183715,0.001491694406230093,-0.013102389757141416,0.0013834275642838458
