metric,subfield_id,field_id,value_2000,value_2005,value_2010,value_2015,value_2020,endpoint_change,all_four_steps_increase
cka,1103,11,0.6277380561373966,0.5746469254528597,0.6313274301499465,0.6478806848346368,0.6153183015376327,-0.012419754599763966,False
cka,1105,11,0.6783921338332481,0.6970979450568366,0.6998586519191116,0.7079415795202993,0.7092800451226073,0.030887911289359193,True
cka,1106,11,0.59849830092433,0.6248897756575327,0.5770699664284459,0.6524956397718685,0.6668254735818597,0.06832717265752974,False
cka,1109,11,0.571902653856257,0.6089375366870241,0.6194137769050461,0.6329849696711612,0.6289198347067172,0.05701718085046015,False
cka,1110,11,0.5865682974927763,0.6013402718784595,0.6394959480361079,0.6379022354230391,0.6430030836122438,0.056434786119467506,False
cka,1202,12,0.4952754078762047,0.4951489804042204,0.489785747727981,0.5653770020900247,0.5589508336525801,0.06367542577637542,False
cka,1203,12,0.5819348691463956,0.614748927325592,0.6087350028753498,0.6740603601671116,0.6678415396115587,0.08590667046516309,False
cka,1204,12,0.5702550254727715,0.5540800482076669,0.5875422459843439,0.6026766349826739,0.6529415624682234,0.08268653699545192,False
cka,1208,12,0.5454596629780413,0.5891178428140948,0.6248772118473386,0.6602896101390131,0.707381466081768,0.16192180310372672,True
cka,1211,12,0.7274626123733339,0.6756073530181965,0.6979105026104774,0.6886357406323856,0.7275888269526679,0.00012621457933403857,False
cka,1306,13,0.628691492877009,0.5762538107139156,0.5717636957341368,0.5571970402957284,0.6231949681687194,-0.005496524708289541,False
cka,1307,13,0.7393920155898114,0.7147661389092895,0.714603850447872,0.6916351272870634,0.745590862698709,0.0061988471088976205,False
cka,1311,13,0.6714057819670671,0.6396741211466525,0.6752305888797208,0.6698341348733758,0.6554229382912902,-0.01598284367577696,False
cka,1312,13,0.6075000628064221,0.6014347405985563,0.6296934403396133,0.6349234044615447,0.6382692155761529,0.0307691527697308,False
cka,1402,14,0.6203853766994417,0.5811733227816117,0.5860937229780275,0.5890472811711936,0.6148083704200045,-0.005577006279437247,False
cka,1404,14,0.6900098033635127,0.646908848572327,0.6266009069853375,0.6416596393500638,0.5922537750746991,-0.09775602828881358,False
cka,1405,14,0.6427319717686879,0.6322635397477036,0.6212557630626289,0.6252824019689405,0.6535239070910206,0.01079193532233269,False
cka,1406,14,0.62714411683895,0.6191459239894751,0.6413110019191015,0.5997058635226141,0.599542360837958,-0.027601756000992017,False
cka,1407,14,0.6137443557890422,0.6666987911743879,0.6628692915947251,0.6033753274899867,0.6354108852261307,0.021666529437088466,False
cka,1408,14,0.5713464149381507,0.5619716353554016,0.5527117325839829,0.5773235337551583,0.5856743243377608,0.01432790939961004,False
cka,1502,15,0.6225078584727309,0.5907234031809543,0.580004074215806,0.6001683895263981,0.5539704460285715,-0.06853741244415945,False
cka,1503,15,0.6298777157609948,0.6957865378877967,0.628018667185378,0.6720789530801089,0.662290770518861,0.032413054757866155,False
cka,1507,15,0.7630918136969848,0.7639536882190376,0.7164693754444352,0.7658528902481426,0.7655079630565674,0.0024161493595826755,False
cka,1508,15,0.8006484385801519,0.7771879159522972,0.8146459630607952,0.8153394760793249,0.8017529671450147,0.0011045285648627612,False
cka,1602,16,0.6276298471792423,0.586649238203144,0.6088429099610393,0.6736420510120105,0.6414379356475407,0.013808088468298396,False
cka,1604,16,0.6408321073765143,0.7083805868157983,0.7586270025233437,0.621119497893229,0.692229184469001,0.05139707709248664,False
cka,1605,16,0.636596946901323,0.6624841454085058,0.6470414502557388,0.631234885620662,0.6407147429016251,0.004117796000302154,False
cka,1607,16,0.6255725046741364,0.702859102708172,0.6848642624867703,0.6628372438653346,0.6699700093112393,0.0443975046371029,False
cka,1702,17,0.6218892725027666,0.6295329063976626,0.6335144353280441,0.6117572037967628,0.6279113533054207,0.006022080802654095,False
cka,1703,17,0.6252055791969077,0.6393925901459792,0.6660193002251004,0.6425278113691201,0.7569441250895689,0.1317385458926612,False
cka,1705,17,0.6192635999673336,0.5919164822408337,0.636482134843006,0.5907727885290759,0.6058206620283165,-0.013442937939017074,False
cka,1707,17,0.6064996465239663,0.5741324046353747,0.5888079744311,0.6099889862244645,0.6007546078378156,-0.005745038686150616,False
cka,1708,17,0.585482196781403,0.6000549310642628,0.5923067736588375,0.5579886775718605,0.6040902160999311,0.01860801931852807,False
cka,1710,17,0.6955174293069094,0.7112713988750359,0.6517720160509359,0.6587362248973518,0.6401403349810413,-0.055377094325868126,False
cka,1711,17,0.6384681129987263,0.6450063276155944,0.6552557091222615,0.6720963995628707,0.6539044855844731,0.015436372585746816,False
cka,1802,18,0.6300293321059497,0.6421541157431601,0.6200985798434757,0.6507335669355925,0.6919287753733494,0.06189944326739971,False
cka,1803,18,0.6458830671080467,0.6005608014911487,0.6305045165926015,0.6725228328337193,0.6460563157177622,0.00017324860971557055,False
cka,1804,18,0.6626857974260862,0.6885182236353915,0.6860200057097526,0.7165530700451248,0.7314924139402229,0.06880661651413666,False
cka,1902,19,0.7038633939760396,0.7224331742551205,0.7153901146558005,0.6675695389795192,0.7165968019624959,0.01273340798645628,False
cka,1908,19,0.6454361966747522,0.7171602443101801,0.6897493052193332,0.7594944374919307,0.718318361247516,0.07288216457276386,False
cka,1910,19,0.7383862360542272,0.715393839445424,0.7161805830280213,0.7458544172287548,0.7461710345059607,0.007784798451733521,False
cka,1911,19,0.645146518295182,0.6550705787950435,0.6612304076932951,0.6797301161853525,0.6868450590344558,0.041698540739273815,True
cka,2000,20,0.6637485668428468,0.6502215342426734,0.6157497761613822,0.6503266746536407,0.6938844132190105,0.030135846376163733,False
cka,2002,20,0.5857002122918742,0.6065489649417071,0.6034740703840179,0.5580082035255995,0.6264276123930062,0.04072740010113196,False
cka,2003,20,0.6825409487287639,0.6853993533637425,0.7039893331810985,0.6774799129954048,0.7114724039137588,0.028931455184994848,False
cka,2102,21,0.6817688048271305,0.6897855567785727,0.6643255761528605,0.6222184949862127,0.6850175153769649,0.0032487105498343327,False
cka,2105,21,0.724708108142862,0.7911423033125087,0.7832254412375567,0.7905661990163905,0.7954126701348444,0.07070456199198238,False
cka,2202,22,0.6443254204200355,0.6420553164327851,0.67409010448792,0.713608832738071,0.6737851892924271,0.029459768872391656,False
cka,2204,22,0.6501157359441715,0.6562381590487701,0.666703175666892,0.6864662121059898,0.6613780499390695,0.011262313994897966,False
cka,2205,22,0.6101075922184646,0.5872998726715741,0.5777551325458335,0.6303898237815887,0.653665109857754,0.04355751763928939,False
cka,2206,22,0.6397575953101404,0.6339748316066575,0.6557340149821259,0.6956401096158253,0.6919174453736815,0.05215985006354107,False
cka,2207,22,0.645877844711807,0.5973031177397538,0.619332183702006,0.6095366006812314,0.610261572651691,-0.03561627206011597,False
cka,2208,22,0.6123144885343809,0.6594222540349606,0.6586354242481892,0.669345083799181,0.7289337118128469,0.11661922327846608,False
cka,2209,22,0.6395149099976304,0.6132622339173284,0.6145506447301301,0.5986798794685021,0.5958699539621855,-0.04364495603544494,False
cka,2210,22,0.6245793789862769,0.6206020473270928,0.6089129190445173,0.641114311640511,0.6083671027709885,-0.016212276215288424,False
cka,2211,22,0.6406172343683156,0.6840090496777834,0.6076997754539614,0.6311500624024367,0.6107556340594436,-0.029861600308872083,False
cka,2212,22,0.5676768295689496,0.6094839093665654,0.6421655683566025,0.5530961928979501,0.6402080790705114,0.07253124950156176,False
cka,2213,22,0.6954559926092058,0.666298455429039,0.6161802089820702,0.6917695278703202,0.6570626101992239,-0.03839338240998191,False
cka,2215,22,0.6822089969391916,0.6537184611725866,0.6577396070026437,0.6981733803310655,0.7265745331136209,0.04436553617442929,False
cka,2303,23,0.7050463907563147,0.6901575116744104,0.7068068454241697,0.6391632780055675,0.6833218748011248,-0.02172451595518987,False
cka,2304,23,0.6722200128834335,0.6483437681116656,0.7072481641229482,0.6381120322700897,0.6371458143881641,-0.03507419849526938,False
cka,2305,23,0.609477302745249,0.6362150476727776,0.6258055419905924,0.6254568464800621,0.6343765937905375,0.02489929104528843,False
cka,2306,23,0.7253422556664059,0.7315947351531599,0.6850020854463627,0.6998106307936006,0.663736758755705,-0.06160549691070083,False
cka,2307,23,0.631603940629611,0.7176296592191143,0.6677730119597509,0.6229767626648179,0.6815186732893077,0.0499147326596967,False
cka,2308,23,0.6206064334476992,0.6232725768610979,0.6021384509133408,0.650602487716042,0.6206659793985103,5.954595081114622e-05,False
cka,2309,23,0.7341296030424196,0.7057959018929986,0.6966455679940655,0.6897110813745068,0.7137562351907257,-0.020373367851693858,False
cka,2310,23,0.6328554094199875,0.6305685884136836,0.6132132881755071,0.6565422696531601,0.6416186121763728,0.008763202756385313,False
cka,2312,23,0.6590320133101267,0.6724693334540965,0.6954975518515273,0.7357099402009747,0.7454625154153596,0.08643050210523284,True
cka,2403,24,0.5830841337719812,0.5894225587533457,0.5784805821091812,0.5975455127743836,0.5962489160090818,0.013164782237100603,False
cka,2404,24,0.6415366680089426,0.6054678858410539,0.6107484158377926,0.6952243482563132,0.6759246197862417,0.03438795177729914,False
cka,2405,24,0.5813892303348949,0.5957063760046626,0.5772622196696094,0.6026560990406032,0.5998445274920493,0.018455297157154438,False
cka,2406,24,0.6662455698924179,0.6750316166169525,0.6806645195025192,0.6979819031468486,0.7051673202230085,0.03892175033059064,True
cka,2502,25,0.6076471725494812,0.6638417146380615,0.6656014565847354,0.6402589013076224,0.6392357291228775,0.03158855657339632,False
cka,2504,25,0.6865090859354662,0.6456217425746629,0.654397553084718,0.668032685872395,0.6866458138628069,0.00013672792734065187,False
cka,2505,25,0.6387738380251962,0.6207829696682758,0.674380958860159,0.6493259402891767,0.6890984624656402,0.050324624440444055,False
cka,2507,25,0.6336492084516159,0.7030109793268774,0.6297020851528583,0.6314745450989705,0.6428565592302048,0.009207350778588919,False
cka,2604,26,0.6432377754615098,0.7036683473381069,0.618528061559531,0.7433046859208702,0.8394814237788936,0.19624364831738372,False
cka,2608,26,0.49936803290680765,0.5896375480950129,0.5344712220943365,0.5366531643949805,0.5610934426833445,0.061725409776536844,False
cka,2610,26,0.5653609437928044,0.5908172521448887,0.5770326473346381,0.5320842850683191,0.5512718791747162,-0.014089064618088232,False
cka,2613,26,0.6558266671268763,0.6659032166203039,0.709588193790202,0.6917690265082658,0.7176728008542966,0.061846133727420316,False
cka,2705,27,0.597353542248327,0.5699900684821393,0.5933134328917317,0.5685553865498073,0.5360506278115782,-0.061302914436748845,False
cka,2707,27,0.6237127402177036,0.5927566746660938,0.5743852799368994,0.5382942533647257,0.6364064262853033,0.012693686067599685,False
cka,2712,27,0.5941916962603574,0.5659480403544994,0.6069098802130957,0.5608620596387378,0.6274961134560609,0.03330441719570354,False
cka,2713,27,0.5919091132902001,0.5854696192563125,0.5894752770961176,0.6044054109709717,0.6087435479147989,0.01683443462459877,False
cka,2720,27,0.6064866568751268,0.6212189725172252,0.5838745704611179,0.5706912643075996,0.5860906681955184,-0.020395988679608457,False
cka,2725,27,0.6311384970013529,0.6141361225318869,0.6708148278577907,0.6265090694447244,0.5702728849276937,-0.06086561207365926,False
cka,2728,27,0.622122842202187,0.5819208769058525,0.5979558048557052,0.6472119892975843,0.6237771251028087,0.0016542829006216397,False
cka,2730,27,0.6455582194401605,0.632647195223657,0.6576912954842553,0.6069588406678024,0.6159940309926945,-0.029564188447466,False
cka,2734,27,0.6432258974144823,0.6252621842726768,0.6439856456910626,0.6181597080195169,0.6115284979751965,-0.031697399439285845,False
cka,2735,27,0.6100339764046538,0.5637592136424393,0.6067992564725223,0.5989021116001579,0.6142685451718287,0.004234568767174873,False
cka,2736,27,0.6610096621706261,0.6681604715825686,0.6378643203254389,0.6954028927537681,0.6651685216591664,0.004158859488540334,False
cka,2737,27,0.6189685429112036,0.5835669058421193,0.6194274002292857,0.59728658265979,0.6239907210032126,0.005022178092009,False
cka,2738,27,0.6083421492264192,0.5522206205446344,0.5935847717997252,0.5628384170122056,0.5847290017369656,-0.023613147489453534,False
cka,2739,27,0.6087848358124094,0.608261871238623,0.611547554445619,0.6107116697897355,0.6405345322004191,0.03174969638800973,False
cka,2740,27,0.5867844397761504,0.5584729466752795,0.6184583823710395,0.5797735544861361,0.5986443004151963,0.011859860639045983,False
cka,2741,27,0.616882621545422,0.6290536428707376,0.5986654963130699,0.6091661058416854,0.6200670435445252,0.003184421999103293,False
cka,2745,27,0.6075231345384754,0.6285349552823103,0.6183184396797615,0.618474442737083,0.6342941270283018,0.026770992489826395,False
cka,2746,27,0.580598611648013,0.53609072904617,0.55122669290964,0.5809419357786331,0.6028207602383254,0.022222148590312463,False
cka,2804,28,0.6417434961714942,0.6300277480067931,0.6443551433584584,0.6591385330898081,0.65946040260598,0.01771690643448587,False
cka,2805,28,0.6309860017911973,0.6230895357244478,0.649492576368192,0.6481710993221378,0.696282725731489,0.06529672394029162,False
cka,2808,28,0.6624089479935662,0.6358413943833024,0.6322871762903768,0.6208470188610212,0.7250744946312064,0.06266554663764023,False
cka,2916,29,0.6107891740451333,0.6543741401950661,0.6665369924888764,0.6819236094317859,0.6973695919661945,0.08658041792106119,True
cka,3003,30,0.7822247265143696,0.773515839616506,0.6922798808692292,0.7995193942058281,0.7787014934445485,-0.0035232330698210523,False
cka,3004,30,0.6608624479772719,0.6296537373057656,0.6373495908913285,0.6229240910628202,0.6391119332522462,-0.02175051472502565,False
cka,3005,30,0.729639729788608,0.7724578097784176,0.730028838028804,0.7242839159965472,0.6875537531191491,-0.0420859766694589,False
cka,3103,31,0.6386843842456372,0.6460885592825546,0.6245798456205323,0.6772012338204466,0.6515012089494631,0.012816824703825835,False
cka,3104,31,0.7094781031503586,0.7105440932589975,0.7416256291390934,0.7525101840241458,0.790543634652589,0.08106553150223039,True
cka,3106,31,0.6452337006888965,0.6047339328367,0.6871462723952955,0.694089889635015,0.6482653656126567,0.003031664923760169,False
cka,3107,31,0.6629392032387084,0.675432064943518,0.6393806542303281,0.6326311939428207,0.6559721870879727,-0.006967016150735694,False
cka,3109,31,0.6084830985403334,0.6302431850855835,0.70250677921592,0.6773884330472357,0.7329442090188869,0.12446111047855346,False
cka,3203,32,0.5928312351792333,0.6244176053648911,0.5915514047443879,0.5855802750075243,0.5861782691944524,-0.006652965984780934,False
cka,3204,32,0.6716514485267114,0.6222265978759143,0.6071327491423445,0.6099451979287338,0.6204164622953026,-0.051234986231408874,False
cka,3205,32,0.6569230002847011,0.7133754487580877,0.6970281887828831,0.707277393988117,0.6946653353010301,0.037742335016329065,False
cka,3207,32,0.6548687842549568,0.6222355547261079,0.636066099975006,0.6291656427010534,0.6300609287787579,-0.024807855476198903,False
cka,3304,33,0.6387112987798172,0.6167471688182588,0.5582803661282342,0.564071189039747,0.5393469414530995,-0.09936435732671778,False
cka,3312,33,0.5603392488823146,0.6428200752719292,0.6110872346124847,0.6157822201816371,0.64149467203933,0.0811554231570154,False
cka,3320,33,0.5805992979882946,0.6070636818914623,0.5725687439958209,0.5870290612234091,0.6225290825474523,0.041929784559157746,False
cka,3402,34,0.6221251795033608,0.6052682831413404,0.5786584611628272,0.5916726788060386,0.584485350558702,-0.03763982894465878,False
cka,3404,34,0.6253731024866338,0.6224563430579688,0.6198496107746376,0.6346044263588863,0.616405726040887,-0.008967376445746855,False
cka,3504,35,0.6180393640039447,0.5614809973730397,0.6432181529022961,0.6196101853927897,0.6530159088328901,0.03497654482894541,False
cka,3505,35,0.6492087357414579,0.6339761066631959,0.6690391508256635,0.6683168458547306,0.6541934395814868,0.0049847038400289145,False
cka,3506,35,0.6538041285658125,0.665652213851543,0.6288368120220204,0.621757225019311,0.6186847893690846,-0.03511933919672794,False
cka,3600,36,0.5951089441670138,0.5937717547497381,0.5935568821284617,0.6064352820968205,0.5845604211131306,-0.010548523053883208,False
cka,3604,36,0.6751371076325502,0.6689940807703926,0.6888973180678677,0.6390899598796262,0.6567679606301592,-0.018369147002391006,False
cka,3616,36,0.6380617069219195,0.650338923945043,0.643221806095613,0.6750368610935488,0.7332891142493237,0.0952274073274042,False
neighbors10,1103,11,0.4342013888888889,0.3914236111111112,0.43508680555555557,0.4408854166666668,0.4174305555555556,-0.01677083333333329,False
neighbors10,1105,11,0.45458333333333334,0.46342013888888894,0.45050347222222215,0.4655902777777778,0.46881944444444457,0.014236111111111227,False
neighbors10,1106,11,0.4451562499999999,0.43288194444444456,0.4171875,0.46550347222222216,0.4811111111111111,0.03595486111111118,False
neighbors10,1109,11,0.39519097222222216,0.40574652777777787,0.4052430555555556,0.4333506944444445,0.42296875,0.027777777777777846,False
neighbors10,1110,11,0.3941145833333332,0.41526041666666674,0.44859374999999996,0.4370138888888889,0.4668229166666667,0.07270833333333349,False
neighbors10,1202,12,0.3463020833333333,0.3357638888888889,0.3341840277777777,0.35854166666666665,0.3632986111111111,0.016996527777777826,False
neighbors10,1203,12,0.39720486111111103,0.40630208333333323,0.39329861111111103,0.4149652777777778,0.43277777777777765,0.03557291666666662,False
neighbors10,1204,12,0.39057291666666666,0.3730381944444444,0.42392361111111115,0.41374999999999995,0.4377083333333333,0.04713541666666665,False
neighbors10,1208,12,0.3468229166666667,0.3658854166666667,0.3692534722222222,0.37508680555555557,0.3936631944444444,0.04684027777777772,True
neighbors10,1211,12,0.4325520833333333,0.4040451388888888,0.37404513888888874,0.4081770833333333,0.49178819444444444,0.059236111111111156,False
neighbors10,1306,13,0.4347222222222221,0.4317881944444445,0.40850694444444446,0.38925347222222223,0.4113020833333333,-0.02342013888888883,False
neighbors10,1307,13,0.4515277777777778,0.4821180555555555,0.4774305555555556,0.47718749999999993,0.5228993055555555,0.07137152777777772,False
neighbors10,1311,13,0.49746527777777777,0.4697569444444443,0.4987673611111112,0.4944965277777778,0.47017361111111106,-0.027291666666666714,False
neighbors10,1312,13,0.42348958333333336,0.4118055555555555,0.44203125,0.43435763888888884,0.4469097222222222,0.02342013888888883,False
neighbors10,1402,14,0.3956076388888888,0.3957465277777777,0.37609374999999995,0.39972222222222215,0.40184027777777775,0.006232638888888975,False
neighbors10,1404,14,0.43005208333333333,0.4285590277777779,0.41850694444444453,0.4160763888888889,0.4068576388888889,-0.023194444444444462,False
neighbors10,1405,14,0.4480729166666666,0.43133680555555554,0.4253819444444445,0.42387152777777776,0.4128993055555556,-0.035173611111111,False
neighbors10,1406,14,0.4179166666666667,0.4324826388888889,0.4482465277777776,0.4211805555555555,0.3957986111111112,-0.022118055555555516,False
neighbors10,1407,14,0.421892361111111,0.4287326388888891,0.4626736111111112,0.4019618055555555,0.4147916666666666,-0.007100694444444389,False
neighbors10,1408,14,0.3847395833333334,0.3786805555555555,0.37114583333333334,0.3948437500000001,0.3950000000000001,0.01026041666666666,False
neighbors10,1502,15,0.40444444444444433,0.37095486111111114,0.37097222222222226,0.3722916666666667,0.37069444444444444,-0.03374999999999989,False
neighbors10,1503,15,0.40439236111111115,0.41925347222222226,0.3964583333333333,0.43362847222222217,0.44223958333333335,0.0378472222222222,False
neighbors10,1507,15,0.48980902777777763,0.48380208333333335,0.4386284722222223,0.46664930555555556,0.48180555555555554,-0.008003472222222086,False
neighbors10,1508,15,0.44453124999999993,0.45121527777777776,0.44418402777777777,0.455625,0.45420138888888895,0.009670138888889013,False
neighbors10,1602,16,0.43046875000000007,0.4384548611111111,0.45951388888888883,0.4742881944444445,0.4643402777777777,0.03387152777777763,False
neighbors10,1604,16,0.4124305555555555,0.4571006944444444,0.46727430555555566,0.44475694444444447,0.48354166666666665,0.07111111111111112,False
neighbors10,1605,16,0.3878298611111111,0.4079861111111112,0.4036979166666667,0.40131944444444445,0.3844965277777778,-0.0033333333333332993,False
neighbors10,1607,16,0.42342013888888885,0.4847916666666667,0.4744270833333333,0.45824652777777786,0.4572569444444445,0.03383680555555563,False
neighbors10,1702,17,0.4472743055555556,0.4386458333333333,0.43567708333333327,0.42746527777777776,0.4326041666666667,-0.014670138888888906,False
neighbors10,1703,17,0.4461111111111112,0.47784722222222226,0.4791666666666666,0.44914930555555554,0.5079861111111111,0.06187499999999996,False
neighbors10,1705,17,0.3909548611111112,0.39930555555555547,0.4267881944444445,0.40090277777777783,0.43638888888888894,0.04543402777777772,False
neighbors10,1707,17,0.40694444444444444,0.3956944444444444,0.3991666666666667,0.42223958333333333,0.4081770833333333,0.0012326388888888595,False
neighbors10,1708,17,0.38807291666666655,0.4111458333333333,0.38958333333333334,0.3711979166666666,0.3950868055555556,0.007013888888889042,False
neighbors10,1710,17,0.4331597222222223,0.453923611111111,0.4304340277777778,0.45829861111111114,0.42432291666666666,-0.00883680555555566,False
neighbors10,1711,17,0.4558159722222222,0.45494791666666684,0.48970486111111106,0.48328125,0.4702083333333333,0.014392361111111085,False
neighbors10,1802,18,0.4459895833333333,0.44052083333333325,0.44543402777777785,0.4353472222222222,0.42534722222222215,-0.02064236111111112,False
neighbors10,1803,18,0.4181250000000001,0.41225694444444444,0.44760416666666664,0.4511979166666667,0.46078125,0.042656249999999896,False
neighbors10,1804,18,0.4245138888888888,0.47074652777777787,0.4449479166666668,0.4714409722222222,0.47664930555555557,0.05213541666666677,False
neighbors10,1902,19,0.48317708333333326,0.47390625,0.4959027777777778,0.4385069444444444,0.4880902777777778,0.004913194444444546,False
neighbors10,1908,19,0.4525868055555556,0.46404513888888893,0.4609548611111111,0.4709722222222222,0.45611111111111113,0.0035243055555555514,False
neighbors10,1910,19,0.4825,0.46749999999999997,0.4723090277777778,0.47265624999999994,0.48788194444444444,0.005381944444444453,False
neighbors10,1911,19,0.4132638888888888,0.4267013888888889,0.41012152777777783,0.4504340277777778,0.44296875,0.029704861111111203,False
neighbors10,2000,20,0.42027777777777775,0.41921875,0.3997569444444445,0.42583333333333345,0.4485763888888889,0.02829861111111115,False
neighbors10,2002,20,0.3941840277777778,0.4143055555555554,0.4177430555555555,0.4114756944444445,0.42982638888888886,0.035642361111111076,False
neighbors10,2003,20,0.4512326388888889,0.4398784722222222,0.4534722222222222,0.4561111111111111,0.47020833333333334,0.018975694444444413,False
neighbors10,2102,21,0.4432465277777778,0.45284722222222223,0.45689236111111114,0.4003993055555556,0.4189930555555555,-0.024253472222222294,False
neighbors10,2105,21,0.5184374999999999,0.5195138888888889,0.5300868055555555,0.5057638888888889,0.535798611111111,0.01736111111111116,False
neighbors10,2202,22,0.4788194444444445,0.4625520833333333,0.4720659722222222,0.48265625000000006,0.4751909722222221,-0.003628472222222401,False
neighbors10,2204,22,0.4675694444444444,0.46513888888888894,0.4825173611111112,0.5198090277777777,0.4785590277777777,0.010989583333333275,False
neighbors10,2205,22,0.40949652777777784,0.3876215277777779,0.3816666666666667,0.41994791666666675,0.43789930555555556,0.02840277777777772,False
neighbors10,2206,22,0.43371527777777785,0.44090277777777775,0.42633680555555553,0.46885416666666657,0.4611631944444444,0.027447916666666572,False
neighbors10,2207,22,0.4209895833333334,0.41178819444444437,0.4355555555555556,0.42796875,0.43178819444444433,0.010798611111110912,False
neighbors10,2208,22,0.4140625,0.45375000000000004,0.46357638888888886,0.45907986111111104,0.49809027777777776,0.08402777777777776,False
neighbors10,2209,22,0.4311458333333332,0.41854166666666665,0.4006597222222222,0.4301562500000001,0.42291666666666666,-0.00822916666666651,False
neighbors10,2210,22,0.4085243055555555,0.4195486111111111,0.4078645833333333,0.44576388888888885,0.4352256944444445,0.026701388888888955,False
neighbors10,2211,22,0.44119791666666663,0.4608854166666667,0.4185763888888889,0.4538541666666666,0.43097222222222226,-0.010225694444444378,False
neighbors10,2212,22,0.40906250000000005,0.44692708333333336,0.455451388888889,0.43107638888888883,0.46684027777777776,0.057777777777777706,False
neighbors10,2213,22,0.47651041666666666,0.4577083333333335,0.4410416666666668,0.48550347222222223,0.48581597222222217,0.009305555555555511,False
neighbors10,2215,22,0.4710590277777778,0.48097222222222213,0.4674826388888889,0.48567708333333326,0.5052083333333334,0.034149305555555565,False
neighbors10,2303,23,0.48723958333333334,0.46416666666666667,0.47310763888888885,0.4630208333333333,0.47314236111111097,-0.014097222222222372,False
neighbors10,2304,23,0.4914409722222222,0.4856423611111111,0.49529513888888893,0.5003993055555556,0.464670138888889,-0.026770833333333244,False
neighbors10,2305,23,0.4440972222222223,0.444670138888889,0.44635416666666666,0.45015625000000004,0.45111111111111113,0.0070138888888888196,True
neighbors10,2306,23,0.5047916666666665,0.5128298611111112,0.4988715277777779,0.4832465277777779,0.4775520833333333,-0.027239583333333206,False
neighbors10,2307,23,0.4253124999999999,0.475920138888889,0.4540624999999999,0.4558506944444444,0.48543402777777783,0.060121527777777906,False
neighbors10,2308,23,0.42970486111111117,0.44657986111111114,0.4488194444444445,0.4665798611111112,0.4365625000000001,0.006857638888888906,False
neighbors10,2309,23,0.5022743055555556,0.48237847222222213,0.47248263888888886,0.4706250000000001,0.49711805555555555,-0.005156250000000084,False
neighbors10,2310,23,0.4364062499999999,0.4661458333333333,0.4383854166666666,0.45524305555555544,0.43878472222222226,0.002378472222222372,False
neighbors10,2312,23,0.45949652777777783,0.4743402777777778,0.4871180555555555,0.4625520833333332,0.4790277777777777,0.01953124999999989,False
neighbors10,2403,24,0.39190972222222226,0.3853298611111111,0.389375,0.42022569444444446,0.4119444444444444,0.020034722222222134,False
neighbors10,2404,24,0.44296875,0.4127083333333334,0.42661458333333335,0.4466666666666667,0.4512326388888889,0.008263888888888904,False
neighbors10,2405,24,0.41809027777777774,0.4115972222222223,0.3936111111111111,0.4301215277777778,0.41164930555555557,-0.006440972222222174,False
neighbors10,2406,24,0.46197916666666666,0.4242361111111111,0.4476909722222222,0.4471527777777778,0.46878472222222217,0.006805555555555509,False
neighbors10,2502,25,0.43545138888888885,0.47939236111111116,0.45145833333333335,0.4248263888888889,0.44684027777777774,0.011388888888888893,False
neighbors10,2504,25,0.4790972222222221,0.4495138888888889,0.46303819444444444,0.506545138888889,0.5027430555555555,0.02364583333333342,False
neighbors10,2505,25,0.4226909722222222,0.39184027777777786,0.448125,0.42836805555555557,0.49416666666666675,0.07147569444444457,False
neighbors10,2507,25,0.39682291666666664,0.41788194444444443,0.41725694444444444,0.40659722222222217,0.39328125,-0.0035416666666666097,False
neighbors10,2604,26,0.4058854166666668,0.4091666666666666,0.436736111111111,0.4614062500000001,0.42963541666666666,0.023749999999999882,False
neighbors10,2608,26,0.33288194444444447,0.3809895833333333,0.3756597222222223,0.3817013888888889,0.4139409722222223,0.08105902777777785,False
neighbors10,2610,26,0.38689236111111114,0.37578125,0.39069444444444446,0.36142361111111115,0.37480902777777786,-0.01208333333333328,False
neighbors10,2613,26,0.4100347222222223,0.41975694444444456,0.4500347222222221,0.4394791666666666,0.46536458333333336,0.055329861111111045,False
neighbors10,2705,27,0.42578125,0.4109375,0.4471006944444444,0.3997569444444444,0.4007638888888888,-0.02501736111111119,False
neighbors10,2707,27,0.44793402777777785,0.4366319444444444,0.42168402777777786,0.4222048611111111,0.4619444444444445,0.014010416666666636,False
neighbors10,2712,27,0.4352604166666666,0.40298611111111116,0.43173611111111115,0.4136631944444445,0.4738541666666666,0.03859374999999998,False
neighbors10,2713,27,0.40960069444444447,0.4280902777777778,0.4208854166666667,0.4447743055555556,0.4411979166666667,0.03159722222222222,False
neighbors10,2720,27,0.42157986111111123,0.4388368055555556,0.41529513888888897,0.393888888888889,0.40713541666666675,-0.014444444444444482,False
neighbors10,2725,27,0.4442708333333334,0.4438715277777779,0.4688020833333333,0.44675347222222217,0.42447916666666674,-0.019791666666666652,False
neighbors10,2728,27,0.4352256944444445,0.43105902777777777,0.4152777777777777,0.44562500000000005,0.4448611111111112,0.00963541666666673,False
neighbors10,2730,27,0.4586111111111112,0.4577256944444446,0.45647569444444447,0.4189062499999999,0.4278993055555555,-0.030711805555555693,False
neighbors10,2734,27,0.4862152777777778,0.45361111111111097,0.46586805555555555,0.47229166666666667,0.4578993055555554,-0.028315972222222374,False
neighbors10,2735,27,0.43623263888888886,0.40597222222222223,0.43630208333333326,0.4325694444444445,0.4187673611111112,-0.017465277777777677,False
neighbors10,2736,27,0.4835590277777778,0.47569444444444436,0.44951388888888877,0.48604166666666665,0.4859027777777778,0.002343749999999978,False
neighbors10,2737,27,0.43253472222222217,0.42144097222222215,0.45390625,0.43237847222222214,0.4480902777777779,0.015555555555555711,False
neighbors10,2738,27,0.4315104166666667,0.3978125,0.41493055555555564,0.4082291666666667,0.4218923611111111,-0.00961805555555556,False
neighbors10,2739,27,0.4566666666666666,0.44046874999999996,0.4402604166666667,0.43647569444444445,0.4657986111111111,0.009131944444444484,False
neighbors10,2740,27,0.41453124999999996,0.4313888888888888,0.44170138888888894,0.42673611111111104,0.4180555555555556,0.0035243055555556624,False
neighbors10,2741,27,0.45987847222222233,0.4530208333333334,0.4363194444444445,0.4510590277777778,0.44152777777777774,-0.018350694444444593,False
neighbors10,2745,27,0.4410243055555555,0.45147569444444446,0.43319444444444444,0.4381076388888888,0.4502083333333334,0.009184027777777881,False
neighbors10,2746,27,0.41555555555555557,0.3943055555555556,0.38605902777777784,0.4023263888888889,0.4151215277777778,-0.0004340277777777901,False
neighbors10,2804,28,0.4515625,0.45213541666666685,0.4707291666666666,0.47486111111111107,0.4714409722222223,0.019878472222222332,False
neighbors10,2805,28,0.445451388888889,0.47446180555555556,0.45852430555555546,0.4834548611111111,0.49859375,0.05314236111111098,False
neighbors10,2808,28,0.48175347222222226,0.4808506944444445,0.4549131944444445,0.44494791666666667,0.48406249999999995,0.0023090277777776946,False
neighbors10,2916,29,0.42390625,0.46145833333333336,0.5049131944444443,0.47532986111111103,0.4748090277777779,0.05090277777777791,False
neighbors10,3003,30,0.4594270833333334,0.4241493055555555,0.4062326388888889,0.43052083333333346,0.4388368055555556,-0.020590277777777777,False
neighbors10,3004,30,0.4577951388888889,0.4512847222222222,0.43463541666666666,0.4412847222222221,0.4292881944444445,-0.028506944444444404,False
neighbors10,3005,30,0.4894618055555555,0.5296006944444446,0.49085069444444457,0.5076388888888889,0.490798611111111,0.001336805555555487,False
neighbors10,3103,31,0.39956597222222223,0.4177256944444444,0.41788194444444454,0.4374652777777777,0.4156944444444445,0.016128472222222245,False
neighbors10,3104,31,0.4505902777777779,0.4365104166666667,0.46911458333333333,0.47519097222222223,0.5418055555555557,0.09121527777777777,False
neighbors10,3106,31,0.42524305555555564,0.42737847222222225,0.45828125000000003,0.46151041666666665,0.44048611111111113,0.015243055555555496,False
neighbors10,3107,31,0.45107638888888896,0.45894097222222213,0.4521006944444445,0.42663194444444447,0.44598958333333333,-0.005086805555555629,False
neighbors10,3109,31,0.4055555555555554,0.41626736111111107,0.46458333333333335,0.46012152777777765,0.49378472222222225,0.08822916666666686,False
neighbors10,3203,32,0.4099479166666665,0.41322916666666665,0.3962847222222222,0.39118055555555553,0.39769097222222227,-0.012256944444444251,False
neighbors10,3204,32,0.43314236111111115,0.43423611111111116,0.4189756944444445,0.4548958333333332,0.43114583333333334,-0.0019965277777778123,False
neighbors10,3205,32,0.4712152777777777,0.4842187499999999,0.4675520833333334,0.47664930555555557,0.47190972222222227,0.000694444444444553,False
neighbors10,3207,32,0.4678819444444446,0.43885416666666677,0.44361111111111107,0.4363194444444444,0.43133680555555565,-0.03654513888888894,False
neighbors10,3304,33,0.39458333333333334,0.39965277777777786,0.3665798611111111,0.37927083333333333,0.35852430555555553,-0.03605902777777781,False
neighbors10,3312,33,0.3870138888888889,0.4015625000000001,0.41881944444444436,0.40078125,0.41651041666666666,0.02949652777777778,False
neighbors10,3320,33,0.37255208333333334,0.3950520833333334,0.38331597222222225,0.40814236111111113,0.40869791666666666,0.03614583333333332,False
neighbors10,3402,34,0.43168402777777776,0.42123263888888884,0.42008680555555566,0.4030381944444444,0.3857118055555556,-0.04597222222222214,False
neighbors10,3404,34,0.44362847222222224,0.4272916666666666,0.46520833333333333,0.45019097222222226,0.463125,0.019496527777777772,False
neighbors10,3504,35,0.42913194444444447,0.43248263888888877,0.45069444444444434,0.4449826388888888,0.4474305555555555,0.01829861111111103,False
neighbors10,3505,35,0.4242013888888889,0.41847222222222225,0.44697916666666665,0.42585069444444446,0.40835069444444433,-0.01585069444444459,False
neighbors10,3506,35,0.45395833333333335,0.46427083333333324,0.42032986111111115,0.42692708333333323,0.41986111111111113,-0.03409722222222222,False
neighbors10,3600,36,0.4002777777777778,0.3828125,0.3930902777777777,0.4078472222222222,0.3927777777777777,-0.007500000000000062,False
neighbors10,3604,36,0.49256944444444456,0.47855902777777776,0.48428819444444443,0.45069444444444445,0.4673437500000001,-0.025225694444444446,False
neighbors10,3616,36,0.45045138888888897,0.48053819444444446,0.4717187500000001,0.4961805555555556,0.49345486111111114,0.04300347222222217,False
neighbors25,1103,11,0.5436458333333333,0.5045416666666667,0.5428888888888889,0.5582013888888889,0.5341111111111113,-0.009534722222221959,False
neighbors25,1105,11,0.5703541666666666,0.571375,0.5779305555555554,0.5705486111111111,0.5683194444444445,-0.0020347222222221184,False
neighbors25,1106,11,0.5266041666666668,0.5353055555555555,0.5077638888888889,0.5463749999999999,0.5714027777777777,0.04479861111111094,False
neighbors25,1109,11,0.5106111111111111,0.5090694444444446,0.5179513888888889,0.5300416666666666,0.5255902777777777,0.014979166666666544,False
neighbors25,1110,11,0.498013888888889,0.5167777777777779,0.5475347222222222,0.5512777777777778,0.5459444444444445,0.047930555555555476,False
neighbors25,1202,12,0.4549722222222221,0.4524583333333333,0.44016666666666676,0.4841875,0.4792638888888888,0.02429166666666671,False
neighbors25,1203,12,0.517625,0.5362430555555555,0.5221944444444445,0.5414097222222222,0.5601875,0.04256249999999995,False
neighbors25,1204,12,0.4925486111111111,0.4712916666666667,0.5160277777777778,0.5162222222222222,0.5480624999999999,0.05551388888888881,False
neighbors25,1208,12,0.4693263888888888,0.48422916666666665,0.4975,0.5106319444444444,0.5437847222222222,0.0744583333333334,True
neighbors25,1211,12,0.5496319444444445,0.5192986111111111,0.5069027777777777,0.5219305555555555,0.5863194444444443,0.03668749999999976,False
neighbors25,1306,13,0.5333958333333333,0.5185486111111111,0.5074652777777777,0.49623611111111116,0.5268194444444444,-0.0065763888888888955,False
neighbors25,1307,13,0.5612499999999999,0.5885347222222223,0.580326388888889,0.5610069444444444,0.6254930555555557,0.06424305555555576,False
neighbors25,1311,13,0.5664375,0.5435763888888888,0.5732222222222223,0.5700069444444444,0.5410069444444443,-0.025430555555555734,False
neighbors25,1312,13,0.5218055555555555,0.5100347222222223,0.539826388888889,0.5301527777777777,0.5409027777777778,0.01909722222222232,False
neighbors25,1402,14,0.5072291666666666,0.5002847222222223,0.5012361111111111,0.5116805555555555,0.5276527777777779,0.02042361111111124,False
neighbors25,1404,14,0.5564791666666666,0.544326388888889,0.5275555555555556,0.5332361111111112,0.5094444444444445,-0.04703472222222216,False
neighbors25,1405,14,0.5419583333333334,0.5380069444444444,0.5299097222222223,0.5351388888888889,0.543923611111111,0.001965277777777552,False
neighbors25,1406,14,0.5157361111111111,0.5239027777777778,0.5375208333333334,0.5201041666666666,0.5207638888888889,0.005027777777777853,False
neighbors25,1407,14,0.527673611111111,0.5472708333333335,0.5522708333333334,0.5193194444444444,0.521375,-0.006298611111110963,False
neighbors25,1408,14,0.4967152777777777,0.4865486111111112,0.4883958333333333,0.49406944444444445,0.5042777777777778,0.0075625000000001386,False
neighbors25,1502,15,0.5210694444444446,0.4923333333333333,0.5025624999999999,0.49506250000000007,0.4982291666666667,-0.022840277777777862,False
neighbors25,1503,15,0.5288263888888888,0.5671458333333333,0.5357013888888889,0.5584583333333332,0.5547222222222222,0.02589583333333345,False
neighbors25,1507,15,0.6102708333333334,0.6027847222222223,0.5578402777777778,0.5831458333333333,0.5942500000000001,-0.016020833333333373,False
neighbors25,1508,15,0.6001527777777778,0.6008333333333333,0.600201388888889,0.5882986111111111,0.5900694444444444,-0.010083333333333333,False
neighbors25,1602,16,0.5400763888888889,0.529423611111111,0.5344652777777779,0.576548611111111,0.5526597222222224,0.012583333333333502,False
neighbors25,1604,16,0.5339027777777778,0.5712222222222223,0.6031458333333334,0.5278888888888889,0.5692152777777777,0.03531249999999986,False
neighbors25,1605,16,0.5102430555555555,0.5280833333333333,0.5051180555555556,0.5275625,0.5175555555555557,0.007312500000000166,False
neighbors25,1607,16,0.5358124999999999,0.5937013888888889,0.5914583333333333,0.5531180555555556,0.5596875,0.02387500000000009,False
neighbors25,1702,17,0.5344791666666666,0.5355694444444444,0.5324861111111111,0.5141319444444445,0.5191736111111112,-0.015305555555555461,False
neighbors25,1703,17,0.5329375,0.5465694444444444,0.5497083333333334,0.532701388888889,0.6084652777777777,0.07552777777777775,False
neighbors25,1705,17,0.5134652777777776,0.5141597222222222,0.5315694444444444,0.5103888888888888,0.5416458333333334,0.028180555555555764,False
neighbors25,1707,17,0.5155277777777777,0.5004652777777777,0.49893750000000003,0.5176319444444445,0.5141111111111111,-0.0014166666666666217,False
neighbors25,1708,17,0.5014166666666666,0.5222291666666666,0.5093333333333333,0.5012986111111111,0.5103263888888889,0.008909722222222305,False
neighbors25,1710,17,0.5697222222222222,0.5711875,0.5362222222222223,0.5614166666666667,0.5302083333333333,-0.03951388888888896,False
neighbors25,1711,17,0.5507361111111112,0.5629097222222222,0.5589930555555556,0.5709583333333333,0.5499722222222222,-0.0007638888888890083,False
neighbors25,1802,18,0.543875,0.5503472222222223,0.5508263888888889,0.5500763888888889,0.5473611111111112,0.0034861111111111898,False
neighbors25,1803,18,0.5188680555555555,0.5106597222222221,0.5417083333333335,0.5613611111111112,0.5363055555555556,0.017437500000000106,False
neighbors25,1804,18,0.541263888888889,0.5789375,0.560361111111111,0.5881180555555556,0.5975555555555556,0.05629166666666663,False
neighbors25,1902,19,0.5915208333333333,0.5914375,0.5974722222222222,0.5551111111111111,0.5885694444444444,-0.002951388888888906,False
neighbors25,1908,19,0.5623402777777777,0.5875069444444444,0.5764791666666668,0.6042847222222222,0.5998611111111113,0.03752083333333356,False
neighbors25,1910,19,0.6091944444444445,0.5960833333333334,0.5943125,0.6008055555555555,0.6182569444444445,0.009062499999999973,False
neighbors25,1911,19,0.540423611111111,0.5490902777777777,0.5428194444444443,0.5713055555555556,0.573875,0.03345138888888899,False
neighbors25,2000,20,0.5376666666666666,0.5354166666666667,0.5041180555555556,0.5465833333333334,0.5626805555555555,0.02501388888888889,False
neighbors25,2002,20,0.5033194444444443,0.5067777777777779,0.5071527777777777,0.4990555555555555,0.5268819444444445,0.023562500000000153,False
neighbors25,2003,20,0.5559722222222222,0.5683194444444445,0.5689305555555555,0.5646458333333333,0.5674444444444444,0.011472222222222217,False
neighbors25,2102,21,0.5568333333333334,0.5540347222222222,0.5504930555555555,0.5415833333333334,0.5602222222222222,0.0033888888888887747,False
neighbors25,2105,21,0.6236180555555555,0.6423194444444444,0.6287708333333332,0.6202222222222221,0.6370555555555556,0.013437500000000102,False
neighbors25,2202,22,0.5508402777777778,0.5628680555555555,0.5820069444444446,0.6127777777777779,0.5681458333333332,0.017305555555555463,False
neighbors25,2204,22,0.541486111111111,0.562125,0.5544444444444445,0.5849583333333335,0.5628958333333335,0.021409722222222483,False
neighbors25,2205,22,0.5154791666666666,0.5009722222222222,0.49120833333333336,0.5347777777777778,0.5557152777777777,0.04023611111111114,False
neighbors25,2206,22,0.539875,0.5486736111111112,0.5371527777777776,0.5719305555555556,0.5721319444444444,0.03225694444444438,False
neighbors25,2207,22,0.5361458333333334,0.5165138888888888,0.5320277777777778,0.5294097222222223,0.5367361111111111,0.000590277777777648,False
neighbors25,2208,22,0.5148124999999999,0.5515416666666667,0.5590208333333333,0.5614097222222223,0.6020347222222223,0.08722222222222242,True
neighbors25,2209,22,0.5440069444444445,0.5302013888888889,0.526375,0.5471388888888888,0.5306249999999999,-0.013381944444444627,False
neighbors25,2210,22,0.5193194444444444,0.5233055555555556,0.5140624999999999,0.5389236111111111,0.5250972222222223,0.005777777777777882,False
neighbors25,2211,22,0.5415347222222222,0.5593263888888887,0.5234027777777778,0.5392569444444445,0.5327638888888888,-0.008770833333333394,False
neighbors25,2212,22,0.5166805555555555,0.5357222222222222,0.552826388888889,0.5179583333333334,0.5403541666666667,0.023673611111111215,False
neighbors25,2213,22,0.5813263888888888,0.5567152777777779,0.5341527777777778,0.5976527777777779,0.5751111111111111,-0.006215277777777639,False
neighbors25,2215,22,0.5800416666666668,0.5519791666666666,0.5666249999999999,0.5922847222222222,0.6069375,0.02689583333333323,False
neighbors25,2303,23,0.5830694444444444,0.5599722222222222,0.5664444444444443,0.554076388888889,0.5632569444444445,-0.0198124999999999,False
neighbors25,2304,23,0.5652916666666666,0.5615555555555555,0.5483472222222221,0.5773888888888888,0.5553541666666667,-0.009937499999999932,False
neighbors25,2305,23,0.526,0.5466111111111112,0.5393680555555556,0.5449375,0.5408125,0.014812500000000006,False
neighbors25,2306,23,0.6080347222222222,0.6108888888888888,0.5894027777777778,0.5911458333333333,0.5650902777777779,-0.04294444444444434,False
neighbors25,2307,23,0.5254861111111111,0.5682291666666668,0.5536319444444444,0.5545486111111111,0.5729791666666666,0.0474930555555555,False
neighbors25,2308,23,0.5325347222222222,0.5420972222222222,0.5463958333333334,0.5545833333333333,0.5380138888888888,0.005479166666666591,False
neighbors25,2309,23,0.6024166666666667,0.5881597222222221,0.5863263888888889,0.5805416666666665,0.6047430555555556,0.0023263888888889195,False
neighbors25,2310,23,0.5465972222222223,0.5424305555555556,0.547125,0.5489027777777777,0.5307222222222221,-0.015875000000000195,False
neighbors25,2312,23,0.5643194444444444,0.5731875,0.5944305555555556,0.599138888888889,0.6142222222222221,0.04990277777777774,True
neighbors25,2403,24,0.5071388888888889,0.500375,0.49232638888888886,0.5005763888888889,0.5014166666666667,-0.005722222222222184,False
neighbors25,2404,24,0.5410277777777778,0.5197430555555556,0.5262777777777776,0.5601527777777777,0.5618611111111111,0.02083333333333337,False
neighbors25,2405,24,0.5146180555555555,0.513013888888889,0.4967847222222223,0.5288472222222222,0.5146597222222222,4.166666666671759e-05,False
neighbors25,2406,24,0.5500208333333332,0.5220347222222224,0.5478472222222223,0.5528958333333333,0.5744097222222223,0.024388888888889126,False
neighbors25,2502,25,0.5313472222222222,0.5631388888888889,0.5462708333333333,0.5410138888888889,0.543263888888889,0.011916666666666798,False
neighbors25,2504,25,0.5686111111111113,0.5449027777777778,0.5516527777777777,0.5915972222222222,0.5875833333333331,0.018972222222221835,False
neighbors25,2505,25,0.5249652777777778,0.5156388888888889,0.5521041666666666,0.5403958333333334,0.5719791666666667,0.04701388888888891,False
neighbors25,2507,25,0.5229930555555555,0.5458333333333333,0.5264027777777777,0.5300208333333333,0.5190972222222221,-0.0038958333333334316,False
neighbors25,2604,26,0.5246597222222223,0.5475138888888887,0.5409999999999999,0.5556041666666667,0.5953958333333335,0.07073611111111111,False
neighbors25,2608,26,0.455638888888889,0.48813888888888896,0.47148611111111116,0.46108333333333335,0.48396527777777776,0.028326388888888776,False
neighbors25,2610,26,0.49827083333333333,0.506173611111111,0.5097777777777778,0.4806736111111112,0.5027777777777779,0.0045069444444445494,False
neighbors25,2613,26,0.5318125,0.5391944444444444,0.5475069444444445,0.5606875,0.5667708333333332,0.0349583333333332,True
neighbors25,2705,27,0.5234444444444445,0.5144513888888889,0.527423611111111,0.4998402777777779,0.4940347222222221,-0.02940972222222238,False
neighbors25,2707,27,0.5146041666666666,0.5225555555555557,0.5139027777777778,0.5141180555555555,0.5558402777777778,0.04123611111111114,False
neighbors25,2712,27,0.5265277777777777,0.5115277777777778,0.5241944444444445,0.5074791666666665,0.5545555555555556,0.028027777777777874,False
neighbors25,2713,27,0.49724999999999997,0.5136180555555556,0.4994305555555556,0.5295902777777779,0.5372013888888889,0.03995138888888894,False
neighbors25,2720,27,0.527423611111111,0.5396180555555554,0.5266597222222222,0.4994652777777779,0.5002569444444445,-0.02716666666666656,False
neighbors25,2725,27,0.5404374999999999,0.5382291666666666,0.5706527777777778,0.5352430555555555,0.5135625,-0.02687499999999987,False
neighbors25,2728,27,0.5361458333333333,0.5166944444444445,0.5202361111111111,0.5556111111111111,0.5305069444444444,-0.005638888888888971,False
neighbors25,2730,27,0.5481111111111111,0.5413611111111111,0.5450625000000001,0.5218472222222222,0.528076388888889,-0.020034722222222134,False
neighbors25,2734,27,0.5516249999999999,0.5395902777777779,0.5452847222222221,0.5411180555555555,0.5353055555555555,-0.016319444444444442,False
neighbors25,2735,27,0.5200138888888889,0.4952013888888889,0.5313125000000001,0.5287222222222222,0.5221666666666667,0.0021527777777777812,False
neighbors25,2736,27,0.5534583333333334,0.5513611111111111,0.5281944444444444,0.5840555555555557,0.5597222222222222,0.006263888888888847,False
neighbors25,2737,27,0.5202222222222223,0.5026458333333333,0.5334583333333333,0.5119583333333334,0.536875,0.01665277777777774,False
neighbors25,2738,27,0.5177222222222222,0.4952847222222222,0.5169791666666667,0.5059444444444443,0.5084375000000001,-0.009284722222222097,False
neighbors25,2739,27,0.5196736111111111,0.531326388888889,0.5312569444444445,0.5249791666666668,0.5506180555555555,0.03094444444444444,False
neighbors25,2740,27,0.5126319444444445,0.5129861111111113,0.5189166666666667,0.5174236111111111,0.5207152777777776,0.00808333333333311,False
neighbors25,2741,27,0.5451597222222223,0.541048611111111,0.5178680555555556,0.5346388888888888,0.5408611111111111,-0.0042986111111111835,False
neighbors25,2745,27,0.5450555555555554,0.5498125,0.5347638888888889,0.5402222222222223,0.5504791666666666,0.005423611111111226,False
neighbors25,2746,27,0.5067083333333333,0.49363194444444464,0.4872986111111111,0.5048402777777778,0.5226319444444445,0.01592361111111118,False
neighbors25,2804,28,0.5479652777777777,0.5377083333333333,0.5513611111111112,0.5605069444444445,0.5611736111111111,0.013208333333333377,False
neighbors25,2805,28,0.5410555555555556,0.5527777777777777,0.5572430555555556,0.5680555555555555,0.5834097222222222,0.04235416666666658,True
neighbors25,2808,28,0.5765833333333332,0.572375,0.5501805555555555,0.5387430555555556,0.6224236111111112,0.045840277777777994,False
neighbors25,2916,29,0.5228750000000001,0.5460277777777778,0.5765208333333334,0.5711666666666665,0.589888888888889,0.06701388888888893,False
neighbors25,3003,30,0.6079583333333333,0.5890694444444444,0.5116875,0.5879861111111111,0.5845555555555556,-0.02340277777777766,False
neighbors25,3004,30,0.5506388888888889,0.5432291666666665,0.5237708333333334,0.5423125000000001,0.5344722222222222,-0.016166666666666663,False
neighbors25,3005,30,0.6101527777777777,0.6403541666666666,0.5896527777777778,0.606423611111111,0.5788055555555555,-0.03134722222222219,False
neighbors25,3103,31,0.5210347222222221,0.5280069444444444,0.534125,0.5495694444444444,0.5438472222222223,0.022812500000000124,False
neighbors25,3104,31,0.5764305555555554,0.5735833333333334,0.60575,0.6015416666666666,0.6867152777777779,0.11028472222222241,False
neighbors25,3106,31,0.5537152777777777,0.5257291666666666,0.5692916666666666,0.5766388888888889,0.5533472222222222,-0.00036805555555552427,False
neighbors25,3107,31,0.5516597222222223,0.5547083333333332,0.5341111111111111,0.5260486111111112,0.5533958333333332,0.0017361111111109384,False
neighbors25,3109,31,0.5218750000000001,0.5292847222222222,0.5651736111111111,0.588576388888889,0.6059444444444444,0.08406944444444431,True
neighbors25,3203,32,0.5168194444444445,0.5225277777777777,0.5073125,0.5022430555555556,0.5064583333333333,-0.010361111111111154,False
neighbors25,3204,32,0.5543472222222223,0.5497916666666667,0.5328888888888889,0.5515486111111111,0.5333611111111112,-0.02098611111111115,False
neighbors25,3205,32,0.5589097222222221,0.5871875,0.5629861111111112,0.5831597222222222,0.5655763888888891,0.006666666666666932,False
neighbors25,3207,32,0.5509027777777777,0.5225763888888888,0.5356527777777778,0.5234027777777778,0.5328888888888889,-0.018013888888888885,False
neighbors25,3304,33,0.5172083333333334,0.5122430555555555,0.48697222222222225,0.4989861111111111,0.48468749999999994,-0.03252083333333344,False
neighbors25,3312,33,0.49536111111111114,0.5200069444444446,0.5095972222222223,0.5115902777777778,0.5229027777777777,0.027541666666666575,False
neighbors25,3320,33,0.49322222222222223,0.5123055555555556,0.4964097222222222,0.5177708333333334,0.5161736111111112,0.022951388888888924,False
neighbors25,3402,34,0.5240555555555555,0.5291944444444445,0.5218472222222222,0.5020833333333332,0.49947916666666664,-0.024576388888888856,False
neighbors25,3404,34,0.5353055555555557,0.5194791666666667,0.53525,0.5479097222222223,0.5362569444444444,0.0009513888888886823,False
neighbors25,3504,35,0.5295833333333333,0.5196319444444444,0.5434375,0.5428402777777778,0.5517083333333332,0.02212499999999995,False
neighbors25,3505,35,0.5377847222222222,0.5335138888888888,0.5513333333333333,0.5531736111111112,0.5294930555555557,-0.008291666666666475,False
neighbors25,3506,35,0.5457013888888891,0.5504930555555556,0.5199861111111111,0.5297013888888888,0.520076388888889,-0.02562500000000012,False
neighbors25,3600,36,0.5007152777777778,0.4891180555555556,0.49877777777777776,0.5104375,0.5054930555555556,0.00477777777777777,False
neighbors25,3604,36,0.565826388888889,0.5560694444444445,0.568625,0.5513541666666666,0.5716319444444444,0.005805555555555397,False
neighbors25,3616,36,0.5419375,0.5633541666666667,0.5638680555555555,0.5779236111111111,0.6207847222222221,0.07884722222222218,True
neighbors50,1103,11,0.6667916666666667,0.6409826388888888,0.6703784722222224,0.68359375,0.6699861111111112,0.0031944444444444997,False
neighbors50,1105,11,0.6779756944444444,0.6744930555555555,0.68846875,0.6838472222222222,0.6769097222222221,-0.0010659722222222667,False
neighbors50,1106,11,0.6357604166666667,0.6525277777777778,0.6327708333333333,0.6561562499999999,0.67153125,0.03577083333333331,False
neighbors50,1109,11,0.6534444444444444,0.6344826388888889,0.6438784722222222,0.6459201388888889,0.6409305555555556,-0.012513888888888824,False
neighbors50,1110,11,0.6310451388888888,0.6432048611111111,0.6571041666666667,0.66184375,0.6552118055555556,0.02416666666666678,False
neighbors50,1202,12,0.5887847222222222,0.6034444444444444,0.5850173611111111,0.6355312500000001,0.618736111111111,0.02995138888888882,False
neighbors50,1203,12,0.6274826388888889,0.650451388888889,0.6517291666666665,0.6629791666666667,0.6778090277777779,0.05032638888888896,True
neighbors50,1204,12,0.6204409722222222,0.6028506944444445,0.6289861111111111,0.6319374999999998,0.6618923611111112,0.041451388888888996,False
neighbors50,1208,12,0.6170520833333334,0.6337916666666666,0.6436423611111112,0.6491388888888889,0.6873298611111112,0.07027777777777777,True
neighbors50,1211,12,0.6861458333333332,0.65703125,0.6628715277777778,0.6659340277777778,0.6898263888888888,0.003680555555555576,False
neighbors50,1306,13,0.6467916666666668,0.6351006944444444,0.6340763888888888,0.6370729166666667,0.6518784722222223,0.005086805555555518,False
neighbors50,1307,13,0.6826145833333334,0.6773402777777777,0.67803125,0.6648229166666667,0.689045138888889,0.006430555555555606,False
neighbors50,1311,13,0.6540208333333333,0.64096875,0.6603368055555555,0.6566423611111111,0.6461319444444444,-0.007888888888888834,False
neighbors50,1312,13,0.6322013888888889,0.6296979166666667,0.640548611111111,0.6434583333333332,0.6560347222222223,0.023833333333333373,False
neighbors50,1402,14,0.63828125,0.6305729166666667,0.6323819444444444,0.6433402777777778,0.6719236111111111,0.033642361111111074,False
neighbors50,1404,14,0.6687708333333334,0.66621875,0.656625,0.6570555555555555,0.637888888888889,-0.030881944444444476,False
neighbors50,1405,14,0.6530451388888889,0.6657291666666667,0.6494131944444445,0.6610902777777778,0.675326388888889,0.02228125000000003,False
neighbors50,1406,14,0.6461631944444445,0.648357638888889,0.6575868055555555,0.6445659722222222,0.6612222222222222,0.015059027777777678,False
neighbors50,1407,14,0.6524270833333334,0.6700243055555555,0.6718472222222223,0.6590590277777777,0.6575208333333333,0.005093749999999897,False
neighbors50,1408,14,0.6364097222222223,0.6216076388888889,0.6280416666666665,0.62675,0.636548611111111,0.00013888888888879958,False
neighbors50,1502,15,0.6436979166666668,0.6359131944444445,0.6404583333333332,0.6389861111111111,0.6471631944444444,0.003465277777777609,False
neighbors50,1503,15,0.6575138888888888,0.7022951388888887,0.6593680555555556,0.6782777777777779,0.6766805555555555,0.019166666666666665,False
neighbors50,1507,15,0.7343298611111112,0.7233750000000001,0.7001666666666667,0.7157291666666667,0.7196041666666667,-0.014725694444444493,False
neighbors50,1508,15,0.7582013888888889,0.7205868055555555,0.7608472222222221,0.7422916666666667,0.7268576388888889,-0.031343750000000004,False
neighbors50,1602,16,0.65559375,0.6481284722222223,0.6358298611111112,0.6663611111111112,0.6477881944444444,-0.007805555555555621,False
neighbors50,1604,16,0.6611111111111111,0.6789375,0.7020138888888888,0.6503854166666666,0.6886666666666668,0.027555555555555666,False
neighbors50,1605,16,0.6426493055555556,0.6632951388888889,0.6394131944444446,0.6549756944444444,0.6458645833333333,0.0032152777777777475,False
neighbors50,1607,16,0.6527395833333335,0.6718993055555557,0.6771875,0.6619756944444445,0.671701388888889,0.01896180555555549,False
neighbors50,1702,17,0.6409930555555556,0.6489618055555556,0.641170138888889,0.629642361111111,0.6446354166666667,0.0036423611111110477,False
neighbors50,1703,17,0.6455381944444444,0.6409479166666667,0.6481597222222223,0.63496875,0.6937222222222221,0.04818402777777775,False
neighbors50,1705,17,0.6535520833333333,0.6537395833333334,0.6593368055555556,0.6421875,0.6581666666666668,0.004614583333333533,False
neighbors50,1707,17,0.6502256944444446,0.6419027777777777,0.6366145833333333,0.6441180555555556,0.6510243055555556,0.0007986111111110139,False
neighbors50,1708,17,0.6302708333333333,0.6427673611111111,0.644670138888889,0.6396145833333334,0.6484479166666666,0.018177083333333233,False
neighbors50,1710,17,0.67834375,0.6850659722222223,0.6469965277777778,0.6722118055555556,0.6516006944444445,-0.02674305555555556,False
neighbors50,1711,17,0.6529687500000001,0.6584826388888889,0.6554340277777778,0.6533541666666667,0.6511423611111111,-0.0018263888888889745,False
neighbors50,1802,18,0.6429027777777778,0.6515,0.6565972222222223,0.6686909722222223,0.6816388888888889,0.03873611111111108,True
neighbors50,1803,18,0.6471215277777778,0.6427569444444445,0.6611006944444444,0.6664618055555556,0.6496145833333333,0.002493055555555568,False
neighbors50,1804,18,0.6628263888888889,0.6761076388888888,0.6697777777777778,0.6935972222222223,0.6973194444444444,0.034493055555555485,False
neighbors50,1902,19,0.68721875,0.6977604166666665,0.6878958333333333,0.68146875,0.6978090277777779,0.010590277777777879,False
neighbors50,1908,19,0.6715451388888889,0.6938680555555555,0.6884548611111111,0.7080729166666667,0.7234548611111111,0.05190972222222223,False
neighbors50,1910,19,0.7075555555555556,0.7106180555555556,0.70840625,0.7112152777777778,0.7169305555555555,0.009374999999999911,False
neighbors50,1911,19,0.6752118055555555,0.6726354166666668,0.6741666666666667,0.6778819444444444,0.6886666666666668,0.013454861111111271,False
neighbors50,2000,20,0.6636597222222222,0.669045138888889,0.636375,0.660892361111111,0.6835208333333334,0.019861111111111107,False
neighbors50,2002,20,0.6295729166666666,0.6279618055555556,0.628107638888889,0.6213437500000002,0.6503055555555555,0.020732638888888877,False
neighbors50,2003,20,0.6791805555555556,0.697951388888889,0.6914930555555555,0.6828090277777777,0.6863090277777778,0.007128472222222237,False
neighbors50,2102,21,0.6734930555555555,0.6803645833333335,0.6715729166666667,0.6731041666666666,0.6956423611111111,0.02214930555555561,False
neighbors50,2105,21,0.7013402777777779,0.7441562500000001,0.7377291666666667,0.7383298611111111,0.740642361111111,0.03930208333333318,False
neighbors50,2202,22,0.6435798611111111,0.6397743055555556,0.6634340277777778,0.6930694444444445,0.6636875,0.02010763888888889,False
neighbors50,2204,22,0.6494930555555556,0.6617291666666667,0.6548611111111111,0.6676875,0.6666041666666666,0.017111111111110966,False
neighbors50,2205,22,0.6440833333333333,0.63040625,0.6294166666666666,0.6603715277777779,0.6739270833333333,0.029843749999999947,False
neighbors50,2206,22,0.6731944444444444,0.6760034722222222,0.6715520833333335,0.6741805555555557,0.6876631944444445,0.01446875000000003,False
neighbors50,2207,22,0.6582118055555555,0.6279583333333333,0.6413125,0.6461145833333335,0.6379618055555556,-0.02024999999999988,False
neighbors50,2208,22,0.6280729166666668,0.655,0.6460104166666667,0.6564548611111112,0.6851354166666666,0.057062499999999794,False
neighbors50,2209,22,0.6621944444444443,0.6498680555555555,0.6553333333333333,0.6528680555555556,0.6425277777777778,-0.0196666666666665,False
neighbors50,2210,22,0.6462465277777778,0.6426840277777779,0.6399097222222224,0.6540312499999998,0.6441041666666667,-0.002142361111111102,False
neighbors50,2211,22,0.6489236111111112,0.6693402777777777,0.640670138888889,0.654375,0.6483680555555557,-0.0005555555555555314,False
neighbors50,2212,22,0.6385208333333333,0.6519340277777779,0.6643888888888888,0.6358298611111112,0.6516215277777777,0.013100694444444394,False
neighbors50,2213,22,0.6701319444444445,0.6607291666666667,0.6428854166666667,0.6766145833333334,0.653472222222222,-0.01665972222222245,False
neighbors50,2215,22,0.6700590277777777,0.6483715277777777,0.6713298611111111,0.6803854166666666,0.7001423611111112,0.030083333333333462,False
neighbors50,2303,23,0.6819513888888888,0.6685034722222223,0.6760381944444445,0.6649201388888889,0.6710833333333333,-0.010868055555555589,False
neighbors50,2304,23,0.6637986111111112,0.6697534722222223,0.6377048611111111,0.673375,0.6631006944444444,-0.0006979166666667425,False
neighbors50,2305,23,0.6393402777777778,0.6521840277777777,0.6484062500000001,0.6510208333333333,0.6498854166666667,0.01054513888888886,False
neighbors50,2306,23,0.6811215277777778,0.6945312499999999,0.6819236111111112,0.6940868055555556,0.6722430555555555,-0.008878472222222267,False
neighbors50,2307,23,0.6478680555555556,0.6756284722222222,0.67040625,0.6699756944444445,0.6849409722222222,0.03707291666666657,False
neighbors50,2308,23,0.6442569444444445,0.6520451388888889,0.6516354166666666,0.6622986111111111,0.6494409722222223,0.005184027777777822,False
neighbors50,2309,23,0.6985034722222222,0.6918055555555555,0.6951145833333333,0.68796875,0.6913541666666666,-0.007149305555555596,False
neighbors50,2310,23,0.6628333333333334,0.6489756944444444,0.6577430555555555,0.6557499999999999,0.6577430555555555,-0.0050902777777779296,False
neighbors50,2312,23,0.6674479166666666,0.67721875,0.6884236111111112,0.7142430555555556,0.7159375,0.04848958333333342,True
neighbors50,2403,24,0.6439340277777778,0.6415729166666667,0.6302256944444445,0.6190173611111112,0.6275451388888889,-0.016388888888888897,False
neighbors50,2404,24,0.6505555555555556,0.6396215277777777,0.6485694444444444,0.6714027777777777,0.6730277777777778,0.022472222222222227,False
neighbors50,2405,24,0.6302361111111112,0.6385069444444444,0.61671875,0.6440798611111112,0.6337083333333332,0.003472222222221988,False
neighbors50,2406,24,0.6602986111111111,0.6524826388888889,0.6709479166666666,0.6744965277777778,0.6856597222222223,0.025361111111111168,False
neighbors50,2502,25,0.6616388888888889,0.6776180555555555,0.6585243055555555,0.6677847222222222,0.6679722222222223,0.006333333333333413,False
neighbors50,2504,25,0.6744409722222222,0.6554270833333333,0.6632534722222221,0.66675,0.675875,0.001434027777777791,False
neighbors50,2505,25,0.6492361111111111,0.6503125000000001,0.6700972222222222,0.6705208333333333,0.6734513888888887,0.024215277777777544,True
neighbors50,2507,25,0.6549236111111111,0.6769999999999999,0.6566701388888888,0.6721388888888888,0.6598402777777779,0.004916666666666791,False
neighbors50,2604,26,0.6503576388888888,0.6777916666666667,0.6524131944444445,0.6576493055555557,0.7966388888888891,0.14628125000000036,False
neighbors50,2608,26,0.6113333333333333,0.6226701388888889,0.6127395833333334,0.604111111111111,0.6120173611111112,0.0006840277777778736,False
neighbors50,2610,26,0.62271875,0.6429965277777778,0.6344131944444444,0.6157638888888889,0.6322256944444444,0.009506944444444443,False
neighbors50,2613,26,0.6726979166666668,0.6797361111111111,0.6662222222222223,0.6938611111111112,0.699861111111111,0.02716319444444426,False
neighbors50,2705,27,0.643357638888889,0.6336701388888889,0.6415520833333334,0.6280243055555556,0.6230694444444445,-0.02028819444444452,False
neighbors50,2707,27,0.6210347222222223,0.6305104166666665,0.6266909722222221,0.6270590277777778,0.6506458333333333,0.02961111111111092,False
neighbors50,2712,27,0.63296875,0.6304270833333333,0.6320798611111113,0.6242222222222222,0.6551979166666666,0.022229166666666633,False
neighbors50,2713,27,0.6199236111111109,0.6226215277777777,0.6205590277777777,0.632954861111111,0.6416805555555556,0.021756944444444648,False
neighbors50,2720,27,0.6457638888888889,0.6533819444444445,0.64090625,0.6261909722222223,0.6289861111111112,-0.01677777777777767,False
neighbors50,2725,27,0.6377048611111111,0.6366979166666668,0.6727743055555556,0.6415277777777777,0.6327673611111112,-0.004937499999999928,False
neighbors50,2728,27,0.6460833333333333,0.6324895833333335,0.632454861111111,0.6568993055555555,0.6418020833333333,-0.004281250000000014,False
neighbors50,2730,27,0.6579270833333334,0.6495729166666667,0.6471909722222222,0.6410486111111111,0.6459201388888889,-0.0120069444444445,False
neighbors50,2734,27,0.646611111111111,0.6420069444444444,0.6444375000000001,0.6349340277777779,0.6330520833333333,-0.013559027777777732,False
neighbors50,2735,27,0.6293090277777779,0.6172604166666666,0.64484375,0.6439444444444445,0.6501875,0.020878472222222166,False
neighbors50,2736,27,0.6515208333333333,0.6474375,0.6342430555555555,0.6688715277777777,0.6497395833333333,-0.0017812500000000675,False
neighbors50,2737,27,0.6302881944444445,0.6220590277777779,0.6434201388888888,0.6297152777777778,0.650986111111111,0.020697916666666538,False
neighbors50,2738,27,0.6259722222222222,0.61865625,0.6345451388888889,0.6180902777777777,0.6285,0.0025277777777777954,False
neighbors50,2739,27,0.6167777777777776,0.6267395833333333,0.6278194444444444,0.6319930555555556,0.6436875000000001,0.026909722222222432,True
neighbors50,2740,27,0.6321111111111111,0.6226840277777779,0.633638888888889,0.6312500000000001,0.6408263888888889,0.008715277777777808,False
neighbors50,2741,27,0.6367118055555554,0.6532152777777777,0.633045138888889,0.6406006944444445,0.6585034722222223,0.021791666666666876,False
neighbors50,2745,27,0.63765625,0.6506701388888888,0.6401458333333333,0.6469375,0.6564652777777779,0.01880902777777782,False
neighbors50,2746,27,0.622295138888889,0.6208263888888889,0.6159444444444445,0.6292916666666667,0.6431805555555555,0.020885416666666545,False
neighbors50,2804,28,0.66371875,0.6511874999999999,0.653795138888889,0.6637916666666668,0.6603611111111111,-0.0033576388888889586,False
neighbors50,2805,28,0.6565069444444445,0.6542777777777778,0.6621736111111111,0.6605,0.675392361111111,0.018885416666666544,False
neighbors50,2808,28,0.6642951388888888,0.6559722222222222,0.6486805555555556,0.6422395833333334,0.6961458333333334,0.03185069444444455,False
neighbors50,2916,29,0.6330104166666667,0.658638888888889,0.6524895833333333,0.6774583333333335,0.67821875,0.045208333333333295,False
neighbors50,3003,30,0.7482430555555554,0.7342951388888888,0.6564965277777778,0.7025138888888889,0.6971631944444445,-0.05107986111111085,False
neighbors50,3004,30,0.6519895833333333,0.6473888888888888,0.6475069444444443,0.6601493055555555,0.6689965277777777,0.017006944444444394,False
neighbors50,3005,30,0.7000104166666667,0.7038541666666667,0.6765659722222223,0.6845173611111112,0.6867743055555555,-0.013236111111111226,False
neighbors50,3103,31,0.6629895833333332,0.6728576388888888,0.6618576388888889,0.6867048611111112,0.667420138888889,0.004430555555555715,False
neighbors50,3104,31,0.7020138888888888,0.7023333333333334,0.7305833333333334,0.7244027777777777,0.7087256944444444,0.006711805555555617,False
neighbors50,3106,31,0.6683229166666667,0.655,0.6812430555555555,0.6860694444444443,0.6687118055555556,0.0003888888888889941,False
neighbors50,3107,31,0.6624618055555556,0.6665833333333334,0.6457777777777778,0.6525034722222223,0.6721840277777777,0.009722222222222188,False
neighbors50,3109,31,0.6491354166666667,0.6554965277777778,0.6757500000000001,0.6955659722222223,0.6942708333333334,0.04513541666666665,False
neighbors50,3203,32,0.6361909722222221,0.6402395833333334,0.6259756944444445,0.6327534722222223,0.6460659722222223,0.00987500000000019,False
neighbors50,3204,32,0.6679479166666666,0.6705590277777778,0.6517499999999999,0.6611631944444444,0.6440659722222223,-0.02388194444444436,False
neighbors50,3205,32,0.6536493055555556,0.6892673611111111,0.6714895833333334,0.6790625,0.6636284722222222,0.00997916666666665,False
neighbors50,3207,32,0.6511979166666666,0.6349583333333333,0.6494236111111111,0.6430868055555556,0.6513923611111111,0.00019444444444449704,False
neighbors50,3304,33,0.6485416666666668,0.6487291666666667,0.6247569444444443,0.6363333333333333,0.6246076388888888,-0.023934027777777978,False
neighbors50,3312,33,0.6255694444444444,0.651482638888889,0.6253541666666667,0.6420625,0.6478645833333334,0.02229513888888901,False
neighbors50,3320,33,0.6287916666666667,0.6366006944444443,0.6215659722222223,0.6358125,0.6334027777777778,0.00461111111111101,False
neighbors50,3402,34,0.6407638888888888,0.6436076388888889,0.6408020833333333,0.6261666666666668,0.6312152777777778,-0.00954861111111105,False
neighbors50,3404,34,0.6425833333333333,0.6319305555555557,0.6368611111111112,0.6538125,0.6432534722222222,0.0006701388888888937,False
neighbors50,3504,35,0.6403611111111112,0.6356701388888889,0.6552986111111111,0.6552326388888889,0.6595104166666667,0.019149305555555496,False
neighbors50,3505,35,0.6633159722222223,0.6662916666666667,0.6759999999999999,0.6890902777777776,0.6569166666666667,-0.006399305555555568,False
neighbors50,3506,35,0.6557812500000001,0.6631041666666665,0.6539895833333333,0.6505347222222223,0.6476805555555555,-0.008100694444444612,False
neighbors50,3600,36,0.6248784722222223,0.6187395833333333,0.6265937500000001,0.6307465277777777,0.6355138888888889,0.010635416666666675,False
neighbors50,3604,36,0.6513298611111111,0.6575625000000002,0.6740937499999999,0.6577777777777778,0.6721736111111111,0.02084374999999994,False
neighbors50,3616,36,0.6479513888888888,0.6521493055555554,0.6471631944444444,0.6561493055555555,0.6924965277777777,0.04454513888888889,False
