metric,model_a,model_b,field_rank_spearman
angle_p50,specter,specter2,0.3921367521367521
angle_p50,specter,scincl,0.4427350427350427
angle_p50,specter,scibert,0.3388034188034188
angle_p50,specter,bert,-0.24649572649572649
angle_p50,specter,mpnet,0.21641025641025638
angle_p50,specter,minilm,0.11452991452991453
angle_p50,specter,pubmedbert,0.11316239316239315
angle_p50,specter,biobert,-0.33196581196581193
angle_p50,specter,simcse,-0.1979487179487179
angle_p50,specter2,scincl,0.47282051282051274
angle_p50,specter2,scibert,0.14803418803418802
angle_p50,specter2,bert,0.022905982905982905
angle_p50,specter2,mpnet,0.6909401709401709
angle_p50,specter2,minilm,0.5569230769230769
angle_p50,specter2,pubmedbert,0.09606837606837607
angle_p50,specter2,biobert,-0.15897435897435896
angle_p50,specter2,simcse,-0.07008547008547007
angle_p50,scincl,scibert,0.23487179487179485
angle_p50,scincl,bert,0.18905982905982904
angle_p50,scincl,mpnet,0.7415384615384616
angle_p50,scincl,minilm,0.7223931623931623
angle_p50,scincl,pubmedbert,0.1692307692307692
angle_p50,scincl,biobert,0.12547008547008545
angle_p50,scincl,simcse,0.31897435897435894
angle_p50,scibert,bert,0.3511111111111111
angle_p50,scibert,mpnet,0.2553846153846154
angle_p50,scibert,minilm,0.14803418803418802
angle_p50,scibert,pubmedbert,0.8570940170940171
angle_p50,scibert,biobert,0.5076923076923077
angle_p50,scibert,simcse,0.2287179487179487
angle_p50,bert,mpnet,0.42017094017094014
angle_p50,bert,minilm,0.4297435897435897
angle_p50,bert,pubmedbert,0.5446153846153846
angle_p50,bert,biobert,0.8153846153846154
angle_p50,bert,simcse,0.8823931623931623
angle_p50,mpnet,minilm,0.9541880341880341
angle_p50,mpnet,pubmedbert,0.29435897435897435
angle_p50,mpnet,biobert,0.24991452991452992
angle_p50,mpnet,simcse,0.3572649572649573
angle_p50,minilm,pubmedbert,0.2581196581196581
angle_p50,minilm,biobert,0.31418803418803415
angle_p50,minilm,simcse,0.39829059829059826
angle_p50,pubmedbert,biobert,0.7305982905982905
angle_p50,pubmedbert,simcse,0.3415384615384615
angle_p50,biobert,simcse,0.7347008547008547
pr,specter,specter2,0.3852991452991453
pr,specter,scincl,0.8386324786324786
pr,specter,scibert,0.6868376068376068
pr,specter,bert,0.22735042735042732
pr,specter,mpnet,0.6485470085470085
pr,specter,minilm,0.6335042735042735
pr,specter,pubmedbert,0.612991452991453
pr,specter,biobert,0.558974358974359
pr,specter,simcse,0.305982905982906
pr,specter2,scincl,0.4741880341880342
pr,specter2,scibert,0.39008547008547007
pr,specter2,bert,0.5234188034188034
pr,specter2,mpnet,0.5528205128205128
pr,specter2,minilm,0.5555555555555555
pr,specter2,pubmedbert,0.34769230769230763
pr,specter2,biobert,0.4639316239316239
pr,specter2,simcse,0.5411965811965811
pr,scincl,scibert,0.6246153846153845
pr,scincl,bert,0.3217094017094017
pr,scincl,mpnet,0.7155555555555554
pr,scincl,minilm,0.6923076923076923
pr,scincl,pubmedbert,0.5521367521367521
pr,scincl,biobert,0.5432478632478631
pr,scincl,simcse,0.3723076923076923
pr,scibert,bert,0.43589743589743585
pr,scibert,mpnet,0.6218803418803419
pr,scibert,minilm,0.6095726495726496
pr,scibert,pubmedbert,0.7805128205128204
pr,scibert,biobert,0.6136752136752136
pr,scibert,simcse,0.5076923076923077
pr,bert,mpnet,0.6321367521367521
pr,bert,minilm,0.7182905982905983
pr,bert,pubmedbert,0.11931623931623932
pr,bert,biobert,0.14735042735042733
pr,bert,simcse,0.937094017094017
pr,mpnet,minilm,0.9617094017094016
pr,mpnet,pubmedbert,0.2512820512820513
pr,mpnet,biobert,0.1651282051282051
pr,mpnet,simcse,0.7121367521367521
pr,minilm,pubmedbert,0.26017094017094017
pr,minilm,biobert,0.14051282051282052
pr,minilm,simcse,0.7757264957264958
pr,pubmedbert,biobert,0.8003418803418804
pr,pubmedbert,simcse,0.14051282051282052
pr,biobert,simcse,0.17538461538461536
gap_25,specter,specter2,0.8071794871794871
gap_25,specter,scincl,0.8509401709401709
gap_25,specter,scibert,0.5323076923076923
gap_25,specter,bert,0.7449572649572649
gap_25,specter,mpnet,0.8523076923076922
gap_25,specter,minilm,0.8263247863247863
gap_25,specter,pubmedbert,0.617094017094017
gap_25,specter,biobert,0.6676923076923077
gap_25,specter,simcse,0.7422222222222221
gap_25,specter2,scincl,0.8837606837606837
gap_25,specter2,scibert,0.4523076923076923
gap_25,specter2,bert,0.7757264957264958
gap_25,specter2,mpnet,0.9316239316239315
gap_25,specter2,minilm,0.9343589743589744
gap_25,specter2,pubmedbert,0.5712820512820513
gap_25,specter2,biobert,0.6088888888888888
gap_25,specter2,simcse,0.6847863247863248
gap_25,scincl,scibert,0.40034188034188034
gap_25,scincl,bert,0.7148717948717949
gap_25,scincl,mpnet,0.9343589743589744
gap_25,scincl,minilm,0.9117948717948718
gap_25,scincl,pubmedbert,0.5747008547008546
gap_25,scincl,biobert,0.5917948717948718
gap_25,scincl,simcse,0.6492307692307692
gap_25,scibert,bert,0.5678632478632477
gap_25,scibert,mpnet,0.3811965811965812
gap_25,scibert,minilm,0.3839316239316239
gap_25,scibert,pubmedbert,0.8201709401709402
gap_25,scibert,biobert,0.8707692307692306
gap_25,scibert,simcse,0.4659829059829059
gap_25,bert,mpnet,0.7435897435897435
gap_25,bert,minilm,0.738119658119658
gap_25,bert,pubmedbert,0.751111111111111
gap_25,bert,biobert,0.718974358974359
gap_25,bert,simcse,0.8782905982905982
gap_25,mpnet,minilm,0.9712820512820511
gap_25,mpnet,pubmedbert,0.5535042735042734
gap_25,mpnet,biobert,0.6123076923076922
gap_25,mpnet,simcse,0.7018803418803419
gap_25,minilm,pubmedbert,0.5651282051282052
gap_25,minilm,biobert,0.5952136752136752
gap_25,minilm,simcse,0.7135042735042735
gap_25,pubmedbert,biobert,0.8899145299145298
gap_25,pubmedbert,simcse,0.647179487179487
gap_25,biobert,simcse,0.5965811965811965
