panel,metric,model_a,model_b,field_rank_spearman
primary,angle_p50,specter,specter2,0.3921367521367521
primary,angle_p50,specter,scincl,0.4427350427350427
primary,angle_p50,specter,scibert,0.3388034188034188
primary,angle_p50,specter,bert,-0.24649572649572649
primary,angle_p50,specter,mpnet,0.21641025641025638
primary,angle_p50,specter,minilm,0.11452991452991453
primary,angle_p50,specter,pubmedbert,0.11316239316239315
primary,angle_p50,specter,biobert,-0.33196581196581193
primary,angle_p50,specter,simcse,-0.1979487179487179
primary,angle_p50,specter2,scincl,0.47282051282051274
primary,angle_p50,specter2,scibert,0.14803418803418802
primary,angle_p50,specter2,bert,0.022905982905982905
primary,angle_p50,specter2,mpnet,0.6909401709401709
primary,angle_p50,specter2,minilm,0.5569230769230769
primary,angle_p50,specter2,pubmedbert,0.09606837606837607
primary,angle_p50,specter2,biobert,-0.15897435897435896
primary,angle_p50,specter2,simcse,-0.07008547008547007
primary,angle_p50,scincl,scibert,0.23487179487179485
primary,angle_p50,scincl,bert,0.18905982905982904
primary,angle_p50,scincl,mpnet,0.7415384615384616
primary,angle_p50,scincl,minilm,0.7223931623931623
primary,angle_p50,scincl,pubmedbert,0.1692307692307692
primary,angle_p50,scincl,biobert,0.12547008547008545
primary,angle_p50,scincl,simcse,0.31897435897435894
primary,angle_p50,scibert,bert,0.3511111111111111
primary,angle_p50,scibert,mpnet,0.2553846153846154
primary,angle_p50,scibert,minilm,0.14803418803418802
primary,angle_p50,scibert,pubmedbert,0.8570940170940171
primary,angle_p50,scibert,biobert,0.5076923076923077
primary,angle_p50,scibert,simcse,0.2287179487179487
primary,angle_p50,bert,mpnet,0.42017094017094014
primary,angle_p50,bert,minilm,0.4297435897435897
primary,angle_p50,bert,pubmedbert,0.5446153846153846
primary,angle_p50,bert,biobert,0.8153846153846154
primary,angle_p50,bert,simcse,0.8823931623931623
primary,angle_p50,mpnet,minilm,0.9541880341880341
primary,angle_p50,mpnet,pubmedbert,0.29435897435897435
primary,angle_p50,mpnet,biobert,0.24991452991452992
primary,angle_p50,mpnet,simcse,0.3572649572649573
primary,angle_p50,minilm,pubmedbert,0.2581196581196581
primary,angle_p50,minilm,biobert,0.31418803418803415
primary,angle_p50,minilm,simcse,0.39829059829059826
primary,angle_p50,pubmedbert,biobert,0.7305982905982905
primary,angle_p50,pubmedbert,simcse,0.3415384615384615
primary,angle_p50,biobert,simcse,0.7347008547008547
primary,pr,specter,specter2,0.3852991452991453
primary,pr,specter,scincl,0.8386324786324786
primary,pr,specter,scibert,0.6868376068376068
primary,pr,specter,bert,0.22735042735042732
primary,pr,specter,mpnet,0.6485470085470085
primary,pr,specter,minilm,0.6335042735042735
primary,pr,specter,pubmedbert,0.612991452991453
primary,pr,specter,biobert,0.558974358974359
primary,pr,specter,simcse,0.305982905982906
primary,pr,specter2,scincl,0.4741880341880342
primary,pr,specter2,scibert,0.39008547008547007
primary,pr,specter2,bert,0.5234188034188034
primary,pr,specter2,mpnet,0.5528205128205128
primary,pr,specter2,minilm,0.5555555555555555
primary,pr,specter2,pubmedbert,0.34769230769230763
primary,pr,specter2,biobert,0.4639316239316239
primary,pr,specter2,simcse,0.5411965811965811
primary,pr,scincl,scibert,0.6246153846153845
primary,pr,scincl,bert,0.3217094017094017
primary,pr,scincl,mpnet,0.7155555555555554
primary,pr,scincl,minilm,0.6923076923076923
primary,pr,scincl,pubmedbert,0.5521367521367521
primary,pr,scincl,biobert,0.5432478632478631
primary,pr,scincl,simcse,0.3723076923076923
primary,pr,scibert,bert,0.43589743589743585
primary,pr,scibert,mpnet,0.6218803418803419
primary,pr,scibert,minilm,0.6095726495726496
primary,pr,scibert,pubmedbert,0.7805128205128204
primary,pr,scibert,biobert,0.6136752136752136
primary,pr,scibert,simcse,0.5076923076923077
primary,pr,bert,mpnet,0.6321367521367521
primary,pr,bert,minilm,0.7182905982905983
primary,pr,bert,pubmedbert,0.11931623931623932
primary,pr,bert,biobert,0.14735042735042733
primary,pr,bert,simcse,0.937094017094017
primary,pr,mpnet,minilm,0.9617094017094016
primary,pr,mpnet,pubmedbert,0.2512820512820513
primary,pr,mpnet,biobert,0.1651282051282051
primary,pr,mpnet,simcse,0.7121367521367521
primary,pr,minilm,pubmedbert,0.26017094017094017
primary,pr,minilm,biobert,0.14051282051282052
primary,pr,minilm,simcse,0.7757264957264958
primary,pr,pubmedbert,biobert,0.8003418803418804
primary,pr,pubmedbert,simcse,0.14051282051282052
primary,pr,biobert,simcse,0.17538461538461536
primary,gap_25,specter,specter2,0.8071794871794871
primary,gap_25,specter,scincl,0.8509401709401709
primary,gap_25,specter,scibert,0.5323076923076923
primary,gap_25,specter,bert,0.7449572649572649
primary,gap_25,specter,mpnet,0.8523076923076922
primary,gap_25,specter,minilm,0.8263247863247863
primary,gap_25,specter,pubmedbert,0.617094017094017
primary,gap_25,specter,biobert,0.6676923076923077
primary,gap_25,specter,simcse,0.7422222222222221
primary,gap_25,specter2,scincl,0.8837606837606837
primary,gap_25,specter2,scibert,0.4523076923076923
primary,gap_25,specter2,bert,0.7757264957264958
primary,gap_25,specter2,mpnet,0.9316239316239315
primary,gap_25,specter2,minilm,0.9343589743589744
primary,gap_25,specter2,pubmedbert,0.5712820512820513
primary,gap_25,specter2,biobert,0.6088888888888888
primary,gap_25,specter2,simcse,0.6847863247863248
primary,gap_25,scincl,scibert,0.40034188034188034
primary,gap_25,scincl,bert,0.7148717948717949
primary,gap_25,scincl,mpnet,0.9343589743589744
primary,gap_25,scincl,minilm,0.9117948717948718
primary,gap_25,scincl,pubmedbert,0.5747008547008546
primary,gap_25,scincl,biobert,0.5917948717948718
primary,gap_25,scincl,simcse,0.6492307692307692
primary,gap_25,scibert,bert,0.5678632478632477
primary,gap_25,scibert,mpnet,0.3811965811965812
primary,gap_25,scibert,minilm,0.3839316239316239
primary,gap_25,scibert,pubmedbert,0.8201709401709402
primary,gap_25,scibert,biobert,0.8707692307692306
primary,gap_25,scibert,simcse,0.4659829059829059
primary,gap_25,bert,mpnet,0.7435897435897435
primary,gap_25,bert,minilm,0.738119658119658
primary,gap_25,bert,pubmedbert,0.751111111111111
primary,gap_25,bert,biobert,0.718974358974359
primary,gap_25,bert,simcse,0.8782905982905982
primary,gap_25,mpnet,minilm,0.9712820512820511
primary,gap_25,mpnet,pubmedbert,0.5535042735042734
primary,gap_25,mpnet,biobert,0.6123076923076922
primary,gap_25,mpnet,simcse,0.7018803418803419
primary,gap_25,minilm,pubmedbert,0.5651282051282052
primary,gap_25,minilm,biobert,0.5952136752136752
primary,gap_25,minilm,simcse,0.7135042735042735
primary,gap_25,pubmedbert,biobert,0.8899145299145298
primary,gap_25,pubmedbert,simcse,0.647179487179487
primary,gap_25,biobert,simcse,0.5965811965811965
half,angle_p50,specter,specter2,0.3928205128205128
half,angle_p50,specter,scincl,0.4591452991452991
half,angle_p50,specter,scibert,0.3490598290598291
half,angle_p50,specter,bert,-0.2656410256410256
half,angle_p50,specter,mpnet,0.19589743589743588
half,angle_p50,specter,minilm,0.10495726495726496
half,angle_p50,specter,pubmedbert,0.17128205128205126
half,angle_p50,specter,biobert,-0.305982905982906
half,angle_p50,specter,simcse,-0.212991452991453
half,angle_p50,specter2,scincl,0.5076923076923077
half,angle_p50,specter2,scibert,0.19726495726495727
half,angle_p50,specter2,bert,0.02222222222222222
half,angle_p50,specter2,mpnet,0.6731623931623931
half,angle_p50,specter2,minilm,0.5370940170940172
half,angle_p50,specter2,pubmedbert,0.1699145299145299
half,angle_p50,specter2,biobert,-0.14256410256410257
half,angle_p50,specter2,simcse,-0.06666666666666665
half,angle_p50,scincl,scibert,0.3107692307692307
half,angle_p50,scincl,bert,0.19863247863247863
half,angle_p50,scincl,mpnet,0.775042735042735
half,angle_p50,scincl,minilm,0.7326495726495725
half,angle_p50,scincl,pubmedbert,0.22666666666666666
half,angle_p50,scincl,biobert,0.17743589743589744
half,angle_p50,scincl,simcse,0.3278632478632478
half,angle_p50,scibert,bert,0.3791452991452991
half,angle_p50,scibert,mpnet,0.30188034188034185
half,angle_p50,scibert,minilm,0.2451282051282051
half,angle_p50,scibert,pubmedbert,0.8728205128205128
half,angle_p50,scibert,biobert,0.5049572649572649
half,angle_p50,scibert,simcse,0.25196581196581197
half,angle_p50,bert,mpnet,0.41264957264957264
half,angle_p50,bert,minilm,0.4905982905982905
half,angle_p50,bert,pubmedbert,0.5432478632478631
half,angle_p50,bert,biobert,0.8242735042735042
half,angle_p50,bert,simcse,0.881025641025641
half,angle_p50,mpnet,minilm,0.9637606837606837
half,angle_p50,mpnet,pubmedbert,0.32512820512820506
half,angle_p50,mpnet,biobert,0.26837606837606837
half,angle_p50,mpnet,simcse,0.3538461538461538
half,angle_p50,minilm,pubmedbert,0.3333333333333333
half,angle_p50,minilm,biobert,0.3852991452991453
half,angle_p50,minilm,simcse,0.44957264957264953
half,angle_p50,pubmedbert,biobert,0.6964102564102563
half,angle_p50,pubmedbert,simcse,0.33196581196581193
half,angle_p50,biobert,simcse,0.7565811965811965
half,pr,specter,specter2,0.3928205128205128
half,pr,specter,scincl,0.8194871794871793
half,pr,specter,scibert,0.6635897435897435
half,pr,specter,bert,0.14598290598290597
half,pr,specter,mpnet,0.6512820512820512
half,pr,specter,minilm,0.6478632478632478
half,pr,specter,pubmedbert,0.5979487179487181
half,pr,specter,biobert,0.5418803418803418
half,pr,specter,simcse,0.28068376068376066
half,pr,specter2,scincl,0.5083760683760683
half,pr,specter2,scibert,0.416068376068376
half,pr,specter2,bert,0.5323076923076923
half,pr,specter2,mpnet,0.5651282051282052
half,pr,specter2,minilm,0.5972649572649572
half,pr,specter2,pubmedbert,0.34017094017094013
half,pr,specter2,biobert,0.4591452991452991
half,pr,specter2,simcse,0.5316239316239316
half,pr,scincl,scibert,0.6355555555555555
half,pr,scincl,bert,0.3094017094017094
half,pr,scincl,mpnet,0.718974358974359
half,pr,scincl,minilm,0.7032478632478633
half,pr,scincl,pubmedbert,0.5487179487179487
half,pr,scincl,biobert,0.5767521367521368
half,pr,scincl,simcse,0.40376068376068375
half,pr,scibert,bert,0.41880341880341876
half,pr,scibert,mpnet,0.643076923076923
half,pr,scibert,minilm,0.6321367521367521
half,pr,scibert,pubmedbert,0.777094017094017
half,pr,scibert,biobert,0.6054700854700855
half,pr,scibert,simcse,0.5535042735042734
half,pr,bert,mpnet,0.5945299145299144
half,pr,bert,minilm,0.6861538461538461
half,pr,bert,pubmedbert,0.07897435897435896
half,pr,bert,biobert,0.15487179487179487
half,pr,bert,simcse,0.9302564102564103
half,pr,mpnet,minilm,0.967179487179487
half,pr,mpnet,pubmedbert,0.27589743589743587
half,pr,mpnet,biobert,0.19316239316239317
half,pr,mpnet,simcse,0.7169230769230769
half,pr,minilm,pubmedbert,0.2711111111111111
half,pr,minilm,biobert,0.17675213675213672
half,pr,minilm,simcse,0.7777777777777777
half,pr,pubmedbert,biobert,0.7497435897435897
half,pr,pubmedbert,simcse,0.14256410256410257
half,pr,biobert,simcse,0.1835897435897436
half,gap_25,specter,specter2,0.8126495726495726
half,gap_25,specter,scincl,0.7976068376068376
half,gap_25,specter,scibert,0.5117948717948718
half,gap_25,specter,bert,0.6724786324786325
half,gap_25,specter,mpnet,0.8242735042735042
half,gap_25,specter,minilm,0.8037606837606838
half,gap_25,specter,pubmedbert,0.5056410256410256
half,gap_25,specter,biobert,0.5227350427350427
half,gap_25,specter,simcse,0.6827350427350427
half,gap_25,specter2,scincl,0.8673504273504273
half,gap_25,specter2,scibert,0.481025641025641
half,gap_25,specter2,bert,0.816068376068376
half,gap_25,specter2,mpnet,0.9644444444444444
half,gap_25,specter2,minilm,0.9111111111111111
half,gap_25,specter2,pubmedbert,0.6683760683760683
half,gap_25,specter2,biobert,0.6861538461538461
half,gap_25,specter2,simcse,0.7135042735042735
half,gap_25,scincl,scibert,0.3641025641025641
half,gap_25,scincl,bert,0.6615384615384615
half,gap_25,scincl,mpnet,0.9186324786324785
half,gap_25,scincl,minilm,0.874188034188034
half,gap_25,scincl,pubmedbert,0.5124786324786325
half,gap_25,scincl,biobert,0.5323076923076923
half,gap_25,scincl,simcse,0.5945299145299144
half,gap_25,scibert,bert,0.411965811965812
half,gap_25,scibert,mpnet,0.4058119658119658
half,gap_25,scibert,minilm,0.3586324786324786
half,gap_25,scibert,pubmedbert,0.738119658119658
half,gap_25,scibert,biobert,0.8037606837606838
half,gap_25,scibert,simcse,0.401025641025641
half,gap_25,bert,mpnet,0.7907692307692307
half,gap_25,bert,minilm,0.7736752136752136
half,gap_25,bert,pubmedbert,0.6868376068376068
half,gap_25,bert,biobert,0.6328205128205128
half,gap_25,bert,simcse,0.8536752136752135
half,gap_25,mpnet,minilm,0.9603418803418803
half,gap_25,mpnet,pubmedbert,0.5835897435897436
half,gap_25,mpnet,biobert,0.6123076923076922
half,gap_25,mpnet,simcse,0.7367521367521367
half,gap_25,minilm,pubmedbert,0.5494017094017093
half,gap_25,minilm,biobert,0.5596581196581196
half,gap_25,minilm,simcse,0.7894017094017093
half,gap_25,pubmedbert,biobert,0.9179487179487179
half,gap_25,pubmedbert,simcse,0.5938461538461539
half,gap_25,biobert,simcse,0.5876923076923077
title,angle_p50,specter,specter2,0.3757264957264957
title,angle_p50,specter,scincl,0.24307692307692305
title,angle_p50,specter,scibert,0.1275213675213675
title,angle_p50,specter,bert,-0.3374358974358974
title,angle_p50,specter,mpnet,0.22598290598290596
title,angle_p50,specter,minilm,0.2458119658119658
title,angle_p50,specter,pubmedbert,-0.10769230769230768
title,angle_p50,specter,biobert,-0.3005128205128205
title,angle_p50,specter,simcse,-0.21230769230769228
title,angle_p50,specter2,scincl,0.5206837606837607
title,angle_p50,specter2,scibert,0.4468376068376068
title,angle_p50,specter2,bert,0.0003418803418803419
title,angle_p50,specter2,mpnet,0.6512820512820512
title,angle_p50,specter2,minilm,0.6909401709401709
title,angle_p50,specter2,pubmedbert,0.2923076923076923
title,angle_p50,specter2,biobert,-0.094017094017094
title,angle_p50,specter2,simcse,-0.043418803418803414
title,angle_p50,scincl,scibert,0.7531623931623931
title,angle_p50,scincl,bert,0.372991452991453
title,angle_p50,scincl,mpnet,0.7476923076923077
title,angle_p50,scincl,minilm,0.7011965811965812
title,angle_p50,scincl,pubmedbert,0.4782905982905982
title,angle_p50,scincl,biobert,0.5186324786324785
title,angle_p50,scincl,simcse,0.3887179487179487
title,angle_p50,scibert,bert,0.12478632478632476
title,angle_p50,scibert,mpnet,0.7223931623931623
title,angle_p50,scibert,minilm,0.7299145299145299
title,angle_p50,scibert,pubmedbert,0.7504273504273503
title,angle_p50,scibert,biobert,0.4523076923076923
title,angle_p50,scibert,simcse,0.14735042735042733
title,angle_p50,bert,mpnet,0.37846153846153846
title,angle_p50,bert,minilm,0.2505982905982906
title,angle_p50,bert,pubmedbert,0.2717948717948718
title,angle_p50,bert,biobert,0.827008547008547
title,angle_p50,bert,simcse,0.87008547008547
title,angle_p50,mpnet,minilm,0.9480341880341879
title,angle_p50,mpnet,pubmedbert,0.5035897435897435
title,angle_p50,mpnet,biobert,0.39350427350427347
title,angle_p50,mpnet,simcse,0.39829059829059826
title,angle_p50,minilm,pubmedbert,0.5186324786324785
title,angle_p50,minilm,biobert,0.3107692307692307
title,angle_p50,minilm,simcse,0.26153846153846155
title,angle_p50,pubmedbert,biobert,0.5582905982905982
title,angle_p50,pubmedbert,simcse,0.38051282051282054
title,angle_p50,biobert,simcse,0.8112820512820512
title,pr,specter,specter2,0.3524786324786324
title,pr,specter,scincl,0.7723076923076921
title,pr,specter,scibert,0.7094017094017094
title,pr,specter,bert,0.2075213675213675
title,pr,specter,mpnet,0.6697435897435897
title,pr,specter,minilm,0.7114529914529912
title,pr,specter,pubmedbert,0.6376068376068377
title,pr,specter,biobert,0.6724786324786325
title,pr,specter,simcse,0.2909401709401709
title,pr,specter2,scincl,0.5753846153846154
title,pr,specter2,scibert,0.40649572649572646
title,pr,specter2,bert,0.3894017094017094
title,pr,specter2,mpnet,0.4317948717948718
title,pr,specter2,minilm,0.4502564102564102
title,pr,specter2,pubmedbert,0.3627350427350427
title,pr,specter2,biobert,0.3764102564102564
title,pr,specter2,simcse,0.32717948717948714
title,pr,scincl,scibert,0.669059829059829
title,pr,scincl,bert,0.3941880341880341
title,pr,scincl,mpnet,0.7319658119658119
title,pr,scincl,minilm,0.768205128205128
title,pr,scincl,pubmedbert,0.591111111111111
title,pr,scincl,biobert,0.563076923076923
title,pr,scincl,simcse,0.42017094017094014
title,pr,scibert,bert,0.31418803418803415
title,pr,scibert,mpnet,0.43247863247863244
title,pr,scibert,minilm,0.44136752136752133
title,pr,scibert,pubmedbert,0.8988034188034186
title,pr,scibert,biobert,0.8386324786324786
title,pr,scibert,simcse,0.23487179487179485
title,pr,bert,mpnet,0.5993162393162393
title,pr,bert,minilm,0.6123076923076922
title,pr,bert,pubmedbert,0.23829059829059826
title,pr,bert,biobert,0.13777777777777778
title,pr,bert,simcse,0.9117948717948718
title,pr,mpnet,minilm,0.9781196581196581
title,pr,mpnet,pubmedbert,0.31555555555555553
title,pr,mpnet,biobert,0.3217094017094017
title,pr,mpnet,simcse,0.6909401709401709
title,pr,minilm,pubmedbert,0.347008547008547
title,pr,minilm,biobert,0.3408547008547009
title,pr,minilm,simcse,0.6793162393162392
title,pr,pubmedbert,biobert,0.7558974358974359
title,pr,pubmedbert,simcse,0.1158974358974359
title,pr,biobert,simcse,0.0652991452991453
title,gap_25,specter,specter2,0.805128205128205
title,gap_25,specter,scincl,0.671111111111111
title,gap_25,specter,scibert,0.5001709401709401
title,gap_25,specter,bert,0.4762393162393162
title,gap_25,specter,mpnet,0.7155555555555554
title,gap_25,specter,minilm,0.7244444444444444
title,gap_25,specter,pubmedbert,0.5808547008547009
title,gap_25,specter,biobert,0.40061589945701714
title,gap_25,specter,simcse,0.455042735042735
title,gap_25,specter2,scincl,0.8406837606837606
title,gap_25,specter2,scibert,0.30188034188034185
title,gap_25,specter2,bert,0.39350427350427347
title,gap_25,specter2,mpnet,0.9384615384615382
title,gap_25,specter2,minilm,0.9070085470085469
title,gap_25,specter2,pubmedbert,0.4256410256410256
title,gap_25,specter2,biobert,0.4245639036944135
title,gap_25,specter2,simcse,0.3305982905982906
title,gap_25,scincl,scibert,0.2574358974358974
title,gap_25,scincl,bert,0.40786324786324785
title,gap_25,scincl,mpnet,0.9035897435897435
title,gap_25,scincl,minilm,0.9425641025641024
title,gap_25,scincl,pubmedbert,0.4659829059829059
title,gap_25,scincl,biobert,0.21450569509782214
title,gap_25,scincl,simcse,0.42222222222222217
title,gap_25,scibert,bert,0.7121367521367521
title,gap_25,scibert,mpnet,0.2526495726495726
title,gap_25,scibert,minilm,0.20547008547008547
title,gap_25,scibert,pubmedbert,0.7846153846153845
title,gap_25,scibert,biobert,0.13855631023065065
title,gap_25,scibert,simcse,0.5405128205128205
title,gap_25,bert,mpnet,0.37435897435897436
title,gap_25,bert,minilm,0.36615384615384616
title,gap_25,bert,pubmedbert,0.865982905982906
title,gap_25,bert,biobert,0.10092373214331345
title,gap_25,bert,simcse,0.7695726495726496
title,gap_25,mpnet,minilm,0.9576068376068375
title,gap_25,mpnet,pubmedbert,0.3907692307692307
title,gap_25,mpnet,biobert,0.4122477872294668
title,gap_25,mpnet,simcse,0.3182905982905983
title,gap_25,minilm,pubmedbert,0.3976068376068376
title,gap_25,minilm,biobert,0.40677395768949043
title,gap_25,minilm,simcse,0.3641025641025641
title,gap_25,pubmedbert,biobert,0.18918923347543162
title,gap_25,pubmedbert,simcse,0.7805128205128204
title,gap_25,biobert,simcse,0.19739997778539614
abstract,angle_p50,specter,specter2,0.2854700854700854
abstract,angle_p50,specter,scincl,0.43589743589743585
abstract,angle_p50,specter,scibert,0.3716239316239316
abstract,angle_p50,specter,bert,-0.2526495726495726
abstract,angle_p50,specter,mpnet,0.20888888888888887
abstract,angle_p50,specter,minilm,0.10427350427350426
abstract,angle_p50,specter,pubmedbert,0.17606837606837608
abstract,angle_p50,specter,biobert,-0.2704273504273504
abstract,angle_p50,specter,simcse,-0.19658119658119655
abstract,angle_p50,specter2,scincl,0.5179487179487179
abstract,angle_p50,specter2,scibert,0.07350427350427349
abstract,angle_p50,specter2,bert,-0.02222222222222222
abstract,angle_p50,specter2,mpnet,0.7292307692307692
abstract,angle_p50,specter2,minilm,0.5993162393162393
abstract,angle_p50,specter2,pubmedbert,0.07282051282051281
abstract,angle_p50,specter2,biobert,-0.13641025641025642
abstract,angle_p50,specter2,simcse,-0.02974358974358974
abstract,angle_p50,scincl,scibert,0.24102564102564097
abstract,angle_p50,scincl,bert,0.18564102564102564
abstract,angle_p50,scincl,mpnet,0.7887179487179486
abstract,angle_p50,scincl,minilm,0.7463247863247863
abstract,angle_p50,scincl,pubmedbert,0.20547008547008547
abstract,angle_p50,scincl,biobert,0.19658119658119655
abstract,angle_p50,scincl,simcse,0.33606837606837603
abstract,angle_p50,scibert,bert,0.3894017094017094
abstract,angle_p50,scibert,mpnet,0.23350427350427347
abstract,angle_p50,scibert,minilm,0.14324786324786323
abstract,angle_p50,scibert,pubmedbert,0.8564102564102564
abstract,angle_p50,scibert,biobert,0.5487179487179487
abstract,angle_p50,scibert,simcse,0.2553846153846154
abstract,angle_p50,bert,mpnet,0.362051282051282
abstract,angle_p50,bert,minilm,0.4229059829059829
abstract,angle_p50,bert,pubmedbert,0.5924786324786324
abstract,angle_p50,bert,biobert,0.8208547008547009
abstract,angle_p50,bert,simcse,0.8782905982905982
abstract,angle_p50,mpnet,minilm,0.9569230769230769
abstract,angle_p50,mpnet,pubmedbert,0.2923076923076923
abstract,angle_p50,mpnet,biobert,0.24444444444444444
abstract,angle_p50,mpnet,simcse,0.3634188034188034
abstract,angle_p50,minilm,pubmedbert,0.2834188034188034
abstract,angle_p50,minilm,biobert,0.34222222222222215
abstract,angle_p50,minilm,simcse,0.44
abstract,angle_p50,pubmedbert,biobert,0.7476923076923077
abstract,angle_p50,pubmedbert,simcse,0.3517948717948718
abstract,angle_p50,biobert,simcse,0.7258119658119657
abstract,pr,specter,specter2,0.4044444444444444
abstract,pr,specter,scincl,0.8188034188034188
abstract,pr,specter,scibert,0.6437606837606837
abstract,pr,specter,bert,0.15829059829059827
abstract,pr,specter,mpnet,0.6834188034188033
abstract,pr,specter,minilm,0.6512820512820512
abstract,pr,specter,pubmedbert,0.5295726495726496
abstract,pr,specter,biobert,0.4639316239316239
abstract,pr,specter,simcse,0.30529914529914526
abstract,pr,specter2,scincl,0.4776068376068376
abstract,pr,specter2,scibert,0.35794871794871796
abstract,pr,specter2,bert,0.49401709401709404
abstract,pr,specter2,mpnet,0.530940170940171
abstract,pr,specter2,minilm,0.5876923076923077
abstract,pr,specter2,pubmedbert,0.3121367521367521
abstract,pr,specter2,biobert,0.44820512820512814
abstract,pr,specter2,simcse,0.5254700854700854
abstract,pr,scincl,scibert,0.5917948717948718
abstract,pr,scincl,bert,0.30393162393162393
abstract,pr,scincl,mpnet,0.7299145299145299
abstract,pr,scincl,minilm,0.6841025641025641
abstract,pr,scincl,pubmedbert,0.5391452991452992
abstract,pr,scincl,biobert,0.5323076923076923
abstract,pr,scincl,simcse,0.39487179487179486
abstract,pr,scibert,bert,0.416068376068376
abstract,pr,scibert,mpnet,0.6102564102564102
abstract,pr,scibert,minilm,0.604102564102564
abstract,pr,scibert,pubmedbert,0.6875213675213674
abstract,pr,scibert,biobert,0.5104273504273503
abstract,pr,scibert,simcse,0.5774358974358974
abstract,pr,bert,mpnet,0.5952136752136752
abstract,pr,bert,minilm,0.7073504273504274
abstract,pr,bert,pubmedbert,0.028376068376068375
abstract,pr,bert,biobert,0.13435897435897434
abstract,pr,bert,simcse,0.9268376068376067
abstract,pr,mpnet,minilm,0.9610256410256409
abstract,pr,mpnet,pubmedbert,0.23076923076923075
abstract,pr,mpnet,biobert,0.1569230769230769
abstract,pr,mpnet,simcse,0.718974358974359
abstract,pr,minilm,pubmedbert,0.19452991452991453
abstract,pr,minilm,biobert,0.12
abstract,pr,minilm,simcse,0.7982905982905983
abstract,pr,pubmedbert,biobert,0.7251282051282051
abstract,pr,pubmedbert,simcse,0.10085470085470086
abstract,pr,biobert,simcse,0.15418803418803417
abstract,gap_25,specter,specter2,0.7846153846153845
abstract,gap_25,specter,scincl,0.7545299145299145
abstract,gap_25,specter,scibert,0.5562393162393161
abstract,gap_25,specter,bert,0.6533333333333332
abstract,gap_25,specter,mpnet,0.768205128205128
abstract,gap_25,specter,minilm,0.7558974358974359
abstract,gap_25,specter,pubmedbert,0.5179487179487179
abstract,gap_25,specter,biobert,0.49675213675213675
abstract,gap_25,specter,simcse,0.6704273504273504
abstract,gap_25,specter2,scincl,0.8823931623931623
abstract,gap_25,specter2,scibert,0.5111111111111111
abstract,gap_25,specter2,bert,0.775042735042735
abstract,gap_25,specter2,mpnet,0.9610256410256409
abstract,gap_25,specter2,minilm,0.8919658119658118
abstract,gap_25,specter2,pubmedbert,0.6464957264957265
abstract,gap_25,specter2,biobert,0.6232478632478632
abstract,gap_25,specter2,simcse,0.6799999999999999
abstract,gap_25,scincl,scibert,0.37846153846153846
abstract,gap_25,scincl,bert,0.6526495726495727
abstract,gap_25,scincl,mpnet,0.9213675213675213
abstract,gap_25,scincl,minilm,0.8721367521367521
abstract,gap_25,scincl,pubmedbert,0.49606837606837606
abstract,gap_25,scincl,biobert,0.43042735042735036
abstract,gap_25,scincl,simcse,0.5931623931623932
abstract,gap_25,scibert,bert,0.3668376068376068
abstract,gap_25,scibert,mpnet,0.442051282051282
abstract,gap_25,scibert,minilm,0.3305982905982906
abstract,gap_25,scibert,pubmedbert,0.6943589743589742
abstract,gap_25,scibert,biobert,0.7873504273504273
abstract,gap_25,scibert,simcse,0.39829059829059826
abstract,gap_25,bert,mpnet,0.7818803418803418
abstract,gap_25,bert,minilm,0.7634188034188034
abstract,gap_25,bert,pubmedbert,0.6868376068376068
abstract,gap_25,bert,biobert,0.5425641025641026
abstract,gap_25,bert,simcse,0.8242735042735042
abstract,gap_25,mpnet,minilm,0.9425641025641024
abstract,gap_25,mpnet,pubmedbert,0.5815384615384616
abstract,gap_25,mpnet,biobert,0.5364102564102563
abstract,gap_25,mpnet,simcse,0.7374358974358974
abstract,gap_25,minilm,pubmedbert,0.5405128205128205
abstract,gap_25,minilm,biobert,0.455042735042735
abstract,gap_25,minilm,simcse,0.7764102564102563
abstract,gap_25,pubmedbert,biobert,0.9158974358974358
abstract,gap_25,pubmedbert,simcse,0.5924786324786324
abstract,gap_25,biobert,simcse,0.5008547008547009
pool_cls,angle_p50,specter,specter2,0.3928205128205128
pool_cls,angle_p50,specter,scincl,0.4591452991452991
pool_cls,angle_p50,specter,scibert,0.5548717948717948
pool_cls,angle_p50,specter,bert,-0.08786324786324784
pool_cls,angle_p50,specter,mpnet,0.19589743589743588
pool_cls,angle_p50,specter,minilm,0.10495726495726496
pool_cls,angle_p50,specter,pubmedbert,0.4666666666666667
pool_cls,angle_p50,specter,biobert,0.4379487179487179
pool_cls,angle_p50,specter,simcse,-0.212991452991453
pool_cls,angle_p50,specter2,scincl,0.5076923076923077
pool_cls,angle_p50,specter2,scibert,0.1617094017094017
pool_cls,angle_p50,specter2,bert,-0.14119658119658116
pool_cls,angle_p50,specter2,mpnet,0.6731623931623931
pool_cls,angle_p50,specter2,minilm,0.5370940170940172
pool_cls,angle_p50,specter2,pubmedbert,-0.14256410256410257
pool_cls,angle_p50,specter2,biobert,-0.09675213675213674
pool_cls,angle_p50,specter2,simcse,-0.06666666666666665
pool_cls,angle_p50,scincl,scibert,0.42632478632478626
pool_cls,angle_p50,scincl,bert,0.22324786324786322
pool_cls,angle_p50,scincl,mpnet,0.775042735042735
pool_cls,angle_p50,scincl,minilm,0.7326495726495725
pool_cls,angle_p50,scincl,pubmedbert,0.1938461538461538
pool_cls,angle_p50,scincl,biobert,0.23350427350427347
pool_cls,angle_p50,scincl,simcse,0.3278632478632478
pool_cls,angle_p50,scibert,bert,0.5165811965811965
pool_cls,angle_p50,scibert,mpnet,0.20683760683760682
pool_cls,angle_p50,scibert,minilm,0.15897435897435896
pool_cls,angle_p50,scibert,pubmedbert,0.8017094017094016
pool_cls,angle_p50,scibert,biobert,0.749059829059829
pool_cls,angle_p50,scibert,simcse,0.3757264957264957
pool_cls,angle_p50,bert,mpnet,0.21641025641025638
pool_cls,angle_p50,bert,minilm,0.29367521367521365
pool_cls,angle_p50,bert,pubmedbert,0.3381196581196581
pool_cls,angle_p50,bert,biobert,0.3107692307692307
pool_cls,angle_p50,bert,simcse,0.9309401709401708
pool_cls,angle_p50,mpnet,minilm,0.9637606837606837
pool_cls,angle_p50,mpnet,pubmedbert,-0.12205128205128205
pool_cls,angle_p50,mpnet,biobert,-0.07145299145299144
pool_cls,angle_p50,mpnet,simcse,0.3538461538461538
pool_cls,angle_p50,minilm,pubmedbert,-0.15555555555555553
pool_cls,angle_p50,minilm,biobert,-0.1234188034188034
pool_cls,angle_p50,minilm,simcse,0.44957264957264953
pool_cls,angle_p50,pubmedbert,biobert,0.9199999999999999
pool_cls,angle_p50,pubmedbert,simcse,0.13504273504273506
pool_cls,angle_p50,biobert,simcse,0.14393162393162393
pool_cls,pr,specter,specter2,0.3928205128205128
pool_cls,pr,specter,scincl,0.8194871794871793
pool_cls,pr,specter,scibert,0.10427350427350426
pool_cls,pr,specter,bert,0.1275213675213675
pool_cls,pr,specter,mpnet,0.6512820512820512
pool_cls,pr,specter,minilm,0.6478632478632478
pool_cls,pr,specter,pubmedbert,-0.03521367521367521
pool_cls,pr,specter,biobert,0.3244444444444444
pool_cls,pr,specter,simcse,0.28068376068376066
pool_cls,pr,specter2,scincl,0.5083760683760683
pool_cls,pr,specter2,scibert,0.13162393162393163
pool_cls,pr,specter2,bert,0.48512820512820504
pool_cls,pr,specter2,mpnet,0.5651282051282052
pool_cls,pr,specter2,minilm,0.5972649572649572
pool_cls,pr,specter2,pubmedbert,0.19589743589743588
pool_cls,pr,specter2,biobert,0.5617094017094016
pool_cls,pr,specter2,simcse,0.5316239316239316
pool_cls,pr,scincl,scibert,0.0899145299145299
pool_cls,pr,scincl,bert,0.22256410256410253
pool_cls,pr,scincl,mpnet,0.718974358974359
pool_cls,pr,scincl,minilm,0.7032478632478633
pool_cls,pr,scincl,pubmedbert,0.010598290598290596
pool_cls,pr,scincl,biobert,0.4242735042735042
pool_cls,pr,scincl,simcse,0.40376068376068375
pool_cls,pr,scibert,bert,0.5685470085470085
pool_cls,pr,scibert,mpnet,0.19999999999999998
pool_cls,pr,scibert,minilm,0.23965811965811962
pool_cls,pr,scibert,pubmedbert,0.7914529914529914
pool_cls,pr,scibert,biobert,0.05914529914529914
pool_cls,pr,scibert,simcse,0.24102564102564097
pool_cls,pr,bert,mpnet,0.5336752136752136
pool_cls,pr,bert,minilm,0.6088888888888888
pool_cls,pr,bert,pubmedbert,0.6772649572649572
pool_cls,pr,bert,biobert,0.21504273504273502
pool_cls,pr,bert,simcse,0.8372649572649572
pool_cls,pr,mpnet,minilm,0.967179487179487
pool_cls,pr,mpnet,pubmedbert,0.1398290598290598
pool_cls,pr,mpnet,biobert,0.12410256410256408
pool_cls,pr,mpnet,simcse,0.7169230769230769
pool_cls,pr,minilm,pubmedbert,0.20478632478632477
pool_cls,pr,minilm,biobert,0.08170940170940172
pool_cls,pr,minilm,simcse,0.7777777777777777
pool_cls,pr,pubmedbert,biobert,0.08854700854700855
pool_cls,pr,pubmedbert,simcse,0.3135042735042735
pool_cls,pr,biobert,simcse,0.2300854700854701
pool_cls,gap_25,specter,specter2,0.8126495726495726
pool_cls,gap_25,specter,scincl,0.7976068376068376
pool_cls,gap_25,specter,scibert,0.04205128205128204
pool_cls,gap_25,specter,bert,0.4488888888888889
pool_cls,gap_25,specter,mpnet,0.8242735042735042
pool_cls,gap_25,specter,minilm,0.8037606837606838
pool_cls,gap_25,specter,pubmedbert,0.11794871794871793
pool_cls,gap_25,specter,biobert,0.4748717948717948
pool_cls,gap_25,specter,simcse,0.6827350427350427
pool_cls,gap_25,specter2,scincl,0.8673504273504273
pool_cls,gap_25,specter2,scibert,0.11247863247863246
pool_cls,gap_25,specter2,bert,0.52
pool_cls,gap_25,specter2,mpnet,0.9644444444444444
pool_cls,gap_25,specter2,minilm,0.9111111111111111
pool_cls,gap_25,specter2,pubmedbert,0.20820512820512818
pool_cls,gap_25,specter2,biobert,0.6492307692307692
pool_cls,gap_25,specter2,simcse,0.7135042735042735
pool_cls,gap_25,scincl,scibert,0.2451282051282051
pool_cls,gap_25,scincl,bert,0.4625641025641026
pool_cls,gap_25,scincl,mpnet,0.9186324786324785
pool_cls,gap_25,scincl,minilm,0.874188034188034
pool_cls,gap_25,scincl,pubmedbert,0.21846153846153846
pool_cls,gap_25,scincl,biobert,0.5001709401709401
pool_cls,gap_25,scincl,simcse,0.5945299145299144
pool_cls,gap_25,scibert,bert,0.4051282051282051
pool_cls,gap_25,scibert,mpnet,0.1904273504273504
pool_cls,gap_25,scibert,minilm,0.1275213675213675
pool_cls,gap_25,scibert,pubmedbert,0.7976068376068376
pool_cls,gap_25,scibert,biobert,0.3258119658119658
pool_cls,gap_25,scibert,simcse,0.06188034188034188
pool_cls,gap_25,bert,mpnet,0.483076923076923
pool_cls,gap_25,bert,minilm,0.4803418803418803
pool_cls,gap_25,bert,pubmedbert,0.4858119658119658
pool_cls,gap_25,bert,biobert,0.6369230769230768
pool_cls,gap_25,bert,simcse,0.5282051282051281
pool_cls,gap_25,mpnet,minilm,0.9603418803418803
pool_cls,gap_25,mpnet,pubmedbert,0.2663247863247863
pool_cls,gap_25,mpnet,biobert,0.5801709401709401
pool_cls,gap_25,mpnet,simcse,0.7367521367521367
pool_cls,gap_25,minilm,pubmedbert,0.23350427350427347
pool_cls,gap_25,minilm,biobert,0.5439316239316239
pool_cls,gap_25,minilm,simcse,0.7894017094017093
pool_cls,gap_25,pubmedbert,biobert,0.5282051282051281
pool_cls,gap_25,pubmedbert,simcse,0.29709401709401706
pool_cls,gap_25,biobert,simcse,0.615042735042735
pool_sep,angle_p50,specter,specter2,0.3928205128205128
pool_sep,angle_p50,specter,scincl,0.4591452991452991
pool_sep,angle_p50,specter,scibert,0.47350427350427343
pool_sep,angle_p50,specter,bert,-0.3264957264957265
pool_sep,angle_p50,specter,mpnet,0.19589743589743588
pool_sep,angle_p50,specter,minilm,0.10495726495726496
pool_sep,angle_p50,specter,pubmedbert,0.3237606837606838
pool_sep,angle_p50,specter,biobert,0.09811965811965812
pool_sep,angle_p50,specter,simcse,-0.212991452991453
pool_sep,angle_p50,specter2,scincl,0.5076923076923077
pool_sep,angle_p50,specter2,scibert,0.23692307692307688
pool_sep,angle_p50,specter2,bert,-0.2622222222222222
pool_sep,angle_p50,specter2,mpnet,0.6731623931623931
pool_sep,angle_p50,specter2,minilm,0.5370940170940172
pool_sep,angle_p50,specter2,pubmedbert,0.3511111111111111
pool_sep,angle_p50,specter2,biobert,0.007863247863247862
pool_sep,angle_p50,specter2,simcse,-0.06666666666666665
pool_sep,angle_p50,scincl,scibert,0.5835897435897436
pool_sep,angle_p50,scincl,bert,-0.14051282051282052
pool_sep,angle_p50,scincl,mpnet,0.775042735042735
pool_sep,angle_p50,scincl,minilm,0.7326495726495725
pool_sep,angle_p50,scincl,pubmedbert,0.23555555555555555
pool_sep,angle_p50,scincl,biobert,0.4953846153846153
pool_sep,angle_p50,scincl,simcse,0.3278632478632478
pool_sep,angle_p50,scibert,bert,0.2998290598290598
pool_sep,angle_p50,scibert,mpnet,0.4092307692307692
pool_sep,angle_p50,scibert,minilm,0.3811965811965812
pool_sep,angle_p50,scibert,pubmedbert,0.40717948717948715
pool_sep,angle_p50,scibert,biobert,0.7148717948717949
pool_sep,angle_p50,scibert,simcse,0.47145299145299147
pool_sep,angle_p50,bert,mpnet,0.017435897435897435
pool_sep,angle_p50,bert,minilm,0.11726495726495725
pool_sep,angle_p50,bert,pubmedbert,0.22598290598290596
pool_sep,angle_p50,bert,biobert,0.45094017094017086
pool_sep,angle_p50,bert,simcse,0.6560683760683761
pool_sep,angle_p50,mpnet,minilm,0.9637606837606837
pool_sep,angle_p50,mpnet,pubmedbert,0.3162393162393162
pool_sep,angle_p50,mpnet,biobert,0.3647863247863247
pool_sep,angle_p50,mpnet,simcse,0.3538461538461538
pool_sep,angle_p50,minilm,pubmedbert,0.24649572649572649
pool_sep,angle_p50,minilm,biobert,0.416068376068376
pool_sep,angle_p50,minilm,simcse,0.44957264957264953
pool_sep,angle_p50,pubmedbert,biobert,0.15965811965811963
pool_sep,angle_p50,pubmedbert,simcse,-0.14119658119658116
pool_sep,angle_p50,biobert,simcse,0.7716239316239316
pool_sep,pr,specter,specter2,0.3928205128205128
pool_sep,pr,specter,scincl,0.8194871794871793
pool_sep,pr,specter,scibert,0.14461538461538462
pool_sep,pr,specter,bert,0.1917948717948718
pool_sep,pr,specter,mpnet,0.6512820512820512
pool_sep,pr,specter,minilm,0.6478632478632478
pool_sep,pr,specter,pubmedbert,0.6478632478632478
pool_sep,pr,specter,biobert,0.3511111111111111
pool_sep,pr,specter,simcse,0.28068376068376066
pool_sep,pr,specter2,scincl,0.5083760683760683
pool_sep,pr,specter2,scibert,0.19316239316239317
pool_sep,pr,specter2,bert,0.1692307692307692
pool_sep,pr,specter2,mpnet,0.5651282051282052
pool_sep,pr,specter2,minilm,0.5972649572649572
pool_sep,pr,specter2,pubmedbert,0.5685470085470085
pool_sep,pr,specter2,biobert,0.5370940170940172
pool_sep,pr,specter2,simcse,0.5316239316239316
pool_sep,pr,scincl,scibert,0.1282051282051282
pool_sep,pr,scincl,bert,0.3627350427350427
pool_sep,pr,scincl,mpnet,0.718974358974359
pool_sep,pr,scincl,minilm,0.7032478632478633
pool_sep,pr,scincl,pubmedbert,0.803076923076923
pool_sep,pr,scincl,biobert,0.44068376068376064
pool_sep,pr,scincl,simcse,0.40376068376068375
pool_sep,pr,scibert,bert,0.1829059829059829
pool_sep,pr,scibert,mpnet,-0.1234188034188034
pool_sep,pr,scibert,minilm,-0.11726495726495725
pool_sep,pr,scibert,pubmedbert,0.3367521367521367
pool_sep,pr,scibert,biobert,0.5425641025641026
pool_sep,pr,scibert,simcse,-0.004444444444444444
pool_sep,pr,bert,mpnet,0.22940170940170937
pool_sep,pr,bert,minilm,0.22666666666666666
pool_sep,pr,bert,pubmedbert,0.5863247863247864
pool_sep,pr,bert,biobert,0.442051282051282
pool_sep,pr,bert,simcse,0.4468376068376068
pool_sep,pr,mpnet,minilm,0.967179487179487
pool_sep,pr,mpnet,pubmedbert,0.483076923076923
pool_sep,pr,mpnet,biobert,0.050940170940170934
pool_sep,pr,mpnet,simcse,0.7169230769230769
pool_sep,pr,minilm,pubmedbert,0.4646153846153846
pool_sep,pr,minilm,biobert,0.032478632478632474
pool_sep,pr,minilm,simcse,0.7777777777777777
pool_sep,pr,pubmedbert,biobert,0.7675213675213675
pool_sep,pr,pubmedbert,simcse,0.46871794871794875
pool_sep,pr,biobert,simcse,0.17128205128205126
pool_sep,gap_25,specter,specter2,0.8126495726495726
pool_sep,gap_25,specter,scincl,0.7976068376068376
pool_sep,gap_25,specter,scibert,0.016752136752136753
pool_sep,gap_25,specter,bert,0.44478632478632474
pool_sep,gap_25,specter,mpnet,0.8242735042735042
pool_sep,gap_25,specter,minilm,0.8037606837606838
pool_sep,gap_25,specter,pubmedbert,0.7586324786324786
pool_sep,gap_25,specter,biobert,0.522051282051282
pool_sep,gap_25,specter,simcse,0.6827350427350427
pool_sep,gap_25,specter2,scincl,0.8673504273504273
pool_sep,gap_25,specter2,scibert,-0.011965811965811965
pool_sep,gap_25,specter2,bert,0.5528205128205128
pool_sep,gap_25,specter2,mpnet,0.9644444444444444
pool_sep,gap_25,specter2,minilm,0.9111111111111111
pool_sep,gap_25,specter2,pubmedbert,0.8235897435897435
pool_sep,gap_25,specter2,biobert,0.7237606837606837
pool_sep,gap_25,specter2,simcse,0.7135042735042735
pool_sep,gap_25,scincl,scibert,0.20410256410256405
pool_sep,gap_25,scincl,bert,0.44478632478632474
pool_sep,gap_25,scincl,mpnet,0.9186324786324785
pool_sep,gap_25,scincl,minilm,0.874188034188034
pool_sep,gap_25,scincl,pubmedbert,0.6861538461538461
pool_sep,gap_25,scincl,biobert,0.5596581196581196
pool_sep,gap_25,scincl,simcse,0.5945299145299144
pool_sep,gap_25,scibert,bert,0.006495726495726496
pool_sep,gap_25,scibert,mpnet,0.019487179487179485
pool_sep,gap_25,scibert,minilm,-0.042735042735042736
pool_sep,gap_25,scibert,pubmedbert,0.08170940170940172
pool_sep,gap_25,scibert,biobert,-0.09333333333333332
pool_sep,gap_25,scibert,simcse,-0.005128205128205127
pool_sep,gap_25,bert,mpnet,0.5507692307692307
pool_sep,gap_25,bert,minilm,0.4673504273504273
pool_sep,gap_25,bert,pubmedbert,0.47965811965811966
pool_sep,gap_25,bert,biobert,0.4147008547008547
pool_sep,gap_25,bert,simcse,0.40307692307692305
pool_sep,gap_25,mpnet,minilm,0.9603418803418803
pool_sep,gap_25,mpnet,pubmedbert,0.7709401709401709
pool_sep,gap_25,mpnet,biobert,0.6847863247863248
pool_sep,gap_25,mpnet,simcse,0.7367521367521367
pool_sep,gap_25,minilm,pubmedbert,0.7107692307692307
pool_sep,gap_25,minilm,biobert,0.6403418803418803
pool_sep,gap_25,minilm,simcse,0.7894017094017093
pool_sep,gap_25,pubmedbert,biobert,0.7777777777777777
pool_sep,gap_25,pubmedbert,simcse,0.6758974358974358
pool_sep,gap_25,biobert,simcse,0.5897435897435898
common_native,angle_p50,specter,specter2,0.41948717948717945
common_native,angle_p50,specter,scincl,0.5015384615384615
common_native,angle_p50,specter,scibert,0.31555555555555553
common_native,angle_p50,specter,bert,-0.24307692307692305
common_native,angle_p50,specter,mpnet,0.23829059829059826
common_native,angle_p50,specter,minilm,0.14598290598290597
common_native,angle_p50,specter,pubmedbert,0.06461538461538462
common_native,angle_p50,specter,biobert,-0.33401709401709395
common_native,angle_p50,specter,simcse,-0.174017094017094
common_native,angle_p50,specter2,scincl,0.48376068376068376
common_native,angle_p50,specter2,scibert,0.1651282051282051
common_native,angle_p50,specter2,bert,0.08444444444444445
common_native,angle_p50,specter2,mpnet,0.6923076923076923
common_native,angle_p50,specter2,minilm,0.5904273504273503
common_native,angle_p50,specter2,pubmedbert,0.13162393162393163
common_native,angle_p50,specter2,biobert,-0.12615384615384614
common_native,angle_p50,specter2,simcse,-0.027692307692307693
common_native,angle_p50,scincl,scibert,0.22598290598290596
common_native,angle_p50,scincl,bert,0.2533333333333333
common_native,angle_p50,scincl,mpnet,0.7483760683760683
common_native,angle_p50,scincl,minilm,0.7237606837606837
common_native,angle_p50,scincl,pubmedbert,0.1863247863247863
common_native,angle_p50,scincl,biobert,0.17538461538461536
common_native,angle_p50,scincl,simcse,0.37504273504273505
common_native,angle_p50,scibert,bert,0.3723076923076923
common_native,angle_p50,scibert,mpnet,0.2533333333333333
common_native,angle_p50,scibert,minilm,0.15555555555555553
common_native,angle_p50,scibert,pubmedbert,0.8475213675213674
common_native,angle_p50,scibert,biobert,0.4598290598290598
common_native,angle_p50,scibert,simcse,0.23282051282051283
common_native,angle_p50,bert,mpnet,0.4461538461538461
common_native,angle_p50,bert,minilm,0.47145299145299147
common_native,angle_p50,bert,pubmedbert,0.5685470085470085
common_native,angle_p50,bert,biobert,0.8119658119658119
common_native,angle_p50,bert,simcse,0.8769230769230769
common_native,angle_p50,mpnet,minilm,0.9589743589743589
common_native,angle_p50,mpnet,pubmedbert,0.29914529914529914
common_native,angle_p50,mpnet,biobert,0.24717948717948715
common_native,angle_p50,mpnet,simcse,0.3682051282051282
common_native,angle_p50,minilm,pubmedbert,0.27794871794871795
common_native,angle_p50,minilm,biobert,0.31897435897435894
common_native,angle_p50,minilm,simcse,0.42017094017094014
common_native,angle_p50,pubmedbert,biobert,0.7087179487179487
common_native,angle_p50,pubmedbert,simcse,0.3695726495726495
common_native,angle_p50,biobert,simcse,0.762051282051282
common_native,pr,specter,specter2,0.41811965811965807
common_native,pr,specter,scincl,0.852991452991453
common_native,pr,specter,scibert,0.7305982905982905
common_native,pr,specter,bert,0.24854700854700856
common_native,pr,specter,mpnet,0.6533333333333332
common_native,pr,specter,minilm,0.6492307692307692
common_native,pr,specter,pubmedbert,0.5487179487179487
common_native,pr,specter,biobert,0.5213675213675213
common_native,pr,specter,simcse,0.38256410256410256
common_native,pr,specter2,scincl,0.5275213675213675
common_native,pr,specter2,scibert,0.388034188034188
common_native,pr,specter2,bert,0.5952136752136752
common_native,pr,specter2,mpnet,0.5986324786324786
common_native,pr,specter2,minilm,0.6273504273504273
common_native,pr,specter2,pubmedbert,0.26700854700854704
common_native,pr,specter2,biobert,0.43316239316239313
common_native,pr,specter2,simcse,0.6205128205128205
common_native,pr,scincl,scibert,0.671111111111111
common_native,pr,scincl,bert,0.3736752136752136
common_native,pr,scincl,mpnet,0.7408547008547008
common_native,pr,scincl,minilm,0.7299145299145299
common_native,pr,scincl,pubmedbert,0.46529914529914523
common_native,pr,scincl,biobert,0.5117948717948718
common_native,pr,scincl,simcse,0.4741880341880342
common_native,pr,scibert,bert,0.3688888888888889
common_native,pr,scibert,mpnet,0.6116239316239316
common_native,pr,scibert,minilm,0.578119658119658
common_native,pr,scibert,pubmedbert,0.7223931623931623
common_native,pr,scibert,biobert,0.606153846153846
common_native,pr,scibert,simcse,0.4823931623931623
common_native,pr,bert,mpnet,0.6211965811965812
common_native,pr,bert,minilm,0.7169230769230769
common_native,pr,bert,pubmedbert,0.05504273504273505
common_native,pr,bert,biobert,0.12273504273504272
common_native,pr,bert,simcse,0.9398290598290598
common_native,pr,mpnet,minilm,0.9582905982905983
common_native,pr,mpnet,pubmedbert,0.16376068376068376
common_native,pr,mpnet,biobert,0.11316239316239315
common_native,pr,mpnet,simcse,0.7210256410256409
common_native,pr,minilm,pubmedbert,0.16102564102564101
common_native,pr,minilm,biobert,0.09128205128205127
common_native,pr,minilm,simcse,0.8078632478632478
common_native,pr,pubmedbert,biobert,0.7928205128205127
common_native,pr,pubmedbert,simcse,0.06666666666666665
common_native,pr,biobert,simcse,0.14871794871794874
common_native,gap_25,specter,specter2,0.8584615384615384
common_native,gap_25,specter,scincl,0.8564102564102564
common_native,gap_25,specter,scibert,0.5965811965811965
common_native,gap_25,specter,bert,0.6225641025641024
common_native,gap_25,specter,mpnet,0.9015384615384615
common_native,gap_25,specter,minilm,0.8714529914529915
common_native,gap_25,specter,pubmedbert,0.587008547008547
common_native,gap_25,specter,biobert,0.6758974358974358
common_native,gap_25,specter,simcse,0.7114529914529912
common_native,gap_25,specter2,scincl,0.8762393162393161
common_native,gap_25,specter2,scibert,0.5227350427350427
common_native,gap_25,specter2,bert,0.6027350427350426
common_native,gap_25,specter2,mpnet,0.9617094017094016
common_native,gap_25,specter2,minilm,0.9411965811965811
common_native,gap_25,specter2,pubmedbert,0.5993162393162393
common_native,gap_25,specter2,biobert,0.654017094017094
common_native,gap_25,specter2,simcse,0.6341880341880342
common_native,gap_25,scincl,scibert,0.5494017094017093
common_native,gap_25,scincl,bert,0.5808547008547009
common_native,gap_25,scincl,mpnet,0.9343589743589744
common_native,gap_25,scincl,minilm,0.8878632478632477
common_native,gap_25,scincl,pubmedbert,0.5705982905982906
common_native,gap_25,scincl,biobert,0.654017094017094
common_native,gap_25,scincl,simcse,0.6143589743589742
common_native,gap_25,scibert,bert,0.347008547008547
common_native,gap_25,scibert,mpnet,0.52
common_native,gap_25,scibert,minilm,0.4741880341880342
common_native,gap_25,scibert,pubmedbert,0.6601709401709401
common_native,gap_25,scibert,biobert,0.7695726495726496
common_native,gap_25,scibert,simcse,0.3627350427350427
common_native,gap_25,bert,mpnet,0.638974358974359
common_native,gap_25,bert,minilm,0.6369230769230768
common_native,gap_25,bert,pubmedbert,0.4803418803418803
common_native,gap_25,bert,biobert,0.5473504273504273
common_native,gap_25,bert,simcse,0.6047863247863248
common_native,gap_25,mpnet,minilm,0.9733333333333332
common_native,gap_25,mpnet,pubmedbert,0.5747008547008546
common_native,gap_25,mpnet,biobert,0.6601709401709401
common_native,gap_25,mpnet,simcse,0.654017094017094
common_native,gap_25,minilm,pubmedbert,0.5808547008547009
common_native,gap_25,minilm,biobert,0.641025641025641
common_native,gap_25,minilm,simcse,0.6847863247863248
common_native,gap_25,pubmedbert,biobert,0.8605128205128205
common_native,gap_25,pubmedbert,simcse,0.6075213675213674
common_native,gap_25,biobert,simcse,0.5842735042735042
common,angle_p50,specter,specter2,0.43589743589743585
common,angle_p50,specter,scincl,0.49401709401709404
common,angle_p50,specter,scibert,0.3415384615384615
common,angle_p50,specter,bert,-0.15829059829059827
common,angle_p50,specter,mpnet,0.25606837606837607
common,angle_p50,specter,minilm,0.13162393162393163
common,angle_p50,specter,pubmedbert,0.1911111111111111
common,angle_p50,specter,biobert,-0.3176068376068376
common,angle_p50,specter,simcse,-0.14256410256410257
common,angle_p50,specter2,scincl,0.4632478632478632
common,angle_p50,specter2,scibert,0.22119658119658114
common,angle_p50,specter2,bert,0.05846153846153846
common,angle_p50,specter2,mpnet,0.6512820512820512
common,angle_p50,specter2,minilm,0.5377777777777777
common,angle_p50,specter2,pubmedbert,0.12273504273504272
common,angle_p50,specter2,biobert,-0.20615384615384613
common,angle_p50,specter2,simcse,-0.107008547008547
common,angle_p50,scincl,scibert,0.24034188034188034
common,angle_p50,scincl,bert,0.22256410256410253
common,angle_p50,scincl,mpnet,0.751111111111111
common,angle_p50,scincl,minilm,0.7162393162393161
common,angle_p50,scincl,pubmedbert,0.11111111111111109
common,angle_p50,scincl,biobert,0.11863247863247862
common,angle_p50,scincl,simcse,0.33401709401709395
common,angle_p50,scibert,bert,0.3709401709401709
common,angle_p50,scibert,mpnet,0.2854700854700854
common,angle_p50,scibert,minilm,0.15076923076923074
common,angle_p50,scibert,pubmedbert,0.9165811965811965
common,angle_p50,scibert,biobert,0.4926495726495726
common,angle_p50,scibert,simcse,0.20136752136752134
common,angle_p50,bert,mpnet,0.4256410256410256
common,angle_p50,bert,minilm,0.4543589743589744
common,angle_p50,bert,pubmedbert,0.42222222222222217
common,angle_p50,bert,biobert,0.775042735042735
common,angle_p50,bert,simcse,0.8564102564102564
common,angle_p50,mpnet,minilm,0.945982905982906
common,angle_p50,mpnet,pubmedbert,0.2198290598290598
common,angle_p50,mpnet,biobert,0.17333333333333334
common,angle_p50,mpnet,simcse,0.29914529914529914
common,angle_p50,minilm,pubmedbert,0.1282051282051282
common,angle_p50,minilm,biobert,0.2588034188034188
common,angle_p50,minilm,simcse,0.3463247863247863
common,angle_p50,pubmedbert,biobert,0.5863247863247864
common,angle_p50,pubmedbert,simcse,0.1917948717948718
common,angle_p50,biobert,simcse,0.71008547008547
common,pr,specter,specter2,0.38324786324786325
common,pr,specter,scincl,0.8372649572649572
common,pr,specter,scibert,0.654017094017094
common,pr,specter,bert,0.20410256410256405
common,pr,specter,mpnet,0.6588034188034186
common,pr,specter,minilm,0.6123076923076922
common,pr,specter,pubmedbert,0.5008547008547009
common,pr,specter,biobert,0.5111111111111111
common,pr,specter,simcse,0.3292307692307692
common,pr,specter2,scincl,0.4803418803418803
common,pr,specter2,scibert,0.3976068376068376
common,pr,specter2,bert,0.5145299145299145
common,pr,specter2,mpnet,0.5494017094017093
common,pr,specter2,minilm,0.5562393162393161
common,pr,specter2,pubmedbert,0.3531623931623932
common,pr,specter2,biobert,0.47350427350427343
common,pr,specter2,simcse,0.5336752136752136
common,pr,scincl,scibert,0.5582905982905982
common,pr,scincl,bert,0.3442735042735042
common,pr,scincl,mpnet,0.7647863247863247
common,pr,scincl,minilm,0.7237606837606837
common,pr,scincl,pubmedbert,0.3688888888888889
common,pr,scincl,biobert,0.4673504273504273
common,pr,scincl,simcse,0.4365811965811965
common,pr,scibert,bert,0.187008547008547
common,pr,scibert,mpnet,0.3531623931623932
common,pr,scibert,minilm,0.2635897435897435
common,pr,scibert,pubmedbert,0.8482051282051282
common,pr,scibert,biobert,0.868034188034188
common,pr,scibert,simcse,0.23692307692307688
common,pr,bert,mpnet,0.5671794871794872
common,pr,bert,minilm,0.6861538461538461
common,pr,bert,pubmedbert,-0.033846153846153845
common,pr,bert,biobert,0.15829059829059827
common,pr,bert,simcse,0.9309401709401708
common,pr,mpnet,minilm,0.9555555555555554
common,pr,mpnet,pubmedbert,0.005811965811965812
common,pr,mpnet,biobert,0.12410256410256408
common,pr,mpnet,simcse,0.6923076923076923
common,pr,minilm,pubmedbert,-0.0441025641025641
common,pr,minilm,biobert,0.05504273504273505
common,pr,minilm,simcse,0.7907692307692307
common,pr,pubmedbert,biobert,0.9056410256410257
common,pr,pubmedbert,simcse,-0.037948717948717944
common,pr,biobert,simcse,0.14871794871794874
common,gap_25,specter,specter2,0.844102564102564
common,gap_25,specter,scincl,0.8324786324786325
common,gap_25,specter,scibert,0.5452991452991452
common,gap_25,specter,bert,0.6362393162393162
common,gap_25,specter,mpnet,0.8714529914529915
common,gap_25,specter,minilm,0.8543589743589743
common,gap_25,specter,pubmedbert,0.5842735042735042
common,gap_25,specter,biobert,0.5726495726495726
common,gap_25,specter,simcse,0.6335042735042735
common,gap_25,specter2,scincl,0.8625641025641025
common,gap_25,specter2,scibert,0.5398290598290598
common,gap_25,specter2,bert,0.682051282051282
common,gap_25,specter2,mpnet,0.9589743589743589
common,gap_25,specter2,minilm,0.9377777777777777
common,gap_25,specter2,pubmedbert,0.6239316239316239
common,gap_25,specter2,biobert,0.5938461538461539
common,gap_25,specter2,simcse,0.619145299145299
common,gap_25,scincl,scibert,0.5097435897435897
common,gap_25,scincl,bert,0.654017094017094
common,gap_25,scincl,mpnet,0.9172649572649573
common,gap_25,scincl,minilm,0.8912820512820512
common,gap_25,scincl,pubmedbert,0.5952136752136752
common,gap_25,scincl,biobert,0.5425641025641026
common,gap_25,scincl,simcse,0.5158974358974359
common,gap_25,scibert,bert,0.3511111111111111
common,gap_25,scibert,mpnet,0.45777777777777773
common,gap_25,scibert,minilm,0.4242735042735042
common,gap_25,scibert,pubmedbert,0.751111111111111
common,gap_25,scibert,biobert,0.7777777777777777
common,gap_25,scibert,simcse,0.3962393162393162
common,gap_25,bert,mpnet,0.7094017094017094
common,gap_25,bert,minilm,0.6936752136752136
common,gap_25,bert,pubmedbert,0.6567521367521366
common,gap_25,bert,biobert,0.6184615384615384
common,gap_25,bert,simcse,0.7340170940170939
common,gap_25,mpnet,minilm,0.9815384615384615
common,gap_25,mpnet,pubmedbert,0.6102564102564102
common,gap_25,mpnet,biobert,0.5603418803418803
common,gap_25,mpnet,simcse,0.604102564102564
common,gap_25,minilm,pubmedbert,0.5979487179487181
common,gap_25,minilm,biobert,0.5411965811965811
common,gap_25,minilm,simcse,0.6205128205128205
common,gap_25,pubmedbert,biobert,0.9179487179487179
common,gap_25,pubmedbert,simcse,0.6731623931623931
common,gap_25,biobert,simcse,0.63008547008547
global_centered,angle_p50,specter,specter2,0.8365811965811965
global_centered,angle_p50,specter,scincl,0.9206837606837606
global_centered,angle_p50,specter,scibert,0.7962393162393162
global_centered,angle_p50,specter,bert,0.41264957264957264
global_centered,angle_p50,specter,mpnet,0.6882051282051281
global_centered,angle_p50,specter,minilm,0.6943589743589742
global_centered,angle_p50,specter,pubmedbert,0.6594871794871794
global_centered,angle_p50,specter,biobert,0.6451282051282051
global_centered,angle_p50,specter,simcse,0.5876923076923077
global_centered,angle_p50,specter2,scincl,0.859145299145299
global_centered,angle_p50,specter2,scibert,0.7558974358974359
global_centered,angle_p50,specter2,bert,0.5165811965811965
global_centered,angle_p50,specter2,mpnet,0.7935042735042734
global_centered,angle_p50,specter2,minilm,0.816068376068376
global_centered,angle_p50,specter2,pubmedbert,0.6868376068376068
global_centered,angle_p50,specter2,biobert,0.7052991452991453
global_centered,angle_p50,specter2,simcse,0.6642735042735042
global_centered,angle_p50,scincl,scibert,0.785982905982906
global_centered,angle_p50,scincl,bert,0.4639316239316239
global_centered,angle_p50,scincl,mpnet,0.8256410256410256
global_centered,angle_p50,scincl,minilm,0.8406837606837606
global_centered,angle_p50,scincl,pubmedbert,0.6458119658119658
global_centered,angle_p50,scincl,biobert,0.6499145299145299
global_centered,angle_p50,scincl,simcse,0.6006837606837606
global_centered,angle_p50,scibert,bert,0.8153846153846154
global_centered,angle_p50,scibert,mpnet,0.5685470085470085
global_centered,angle_p50,scibert,minilm,0.5794871794871794
global_centered,angle_p50,scibert,pubmedbert,0.9193162393162393
global_centered,angle_p50,scibert,biobert,0.9288888888888889
global_centered,angle_p50,scibert,simcse,0.8714529914529915
global_centered,angle_p50,bert,mpnet,0.3688888888888889
global_centered,angle_p50,bert,minilm,0.36752136752136744
global_centered,angle_p50,bert,pubmedbert,0.7805128205128204
global_centered,angle_p50,bert,biobert,0.8509401709401709
global_centered,angle_p50,bert,simcse,0.9063247863247862
global_centered,angle_p50,mpnet,minilm,0.9630769230769229
global_centered,angle_p50,mpnet,pubmedbert,0.40307692307692305
global_centered,angle_p50,mpnet,biobert,0.442051282051282
global_centered,angle_p50,mpnet,simcse,0.5370940170940172
global_centered,angle_p50,minilm,pubmedbert,0.43316239316239313
global_centered,angle_p50,minilm,biobert,0.47145299145299147
global_centered,angle_p50,minilm,simcse,0.530940170940171
global_centered,angle_p50,pubmedbert,biobert,0.9829059829059829
global_centered,angle_p50,pubmedbert,simcse,0.8516239316239315
global_centered,angle_p50,biobert,simcse,0.9172649572649573
global_centered,pr,specter,specter2,0.3921367521367521
global_centered,pr,specter,scincl,0.8413675213675212
global_centered,pr,specter,scibert,0.7155555555555554
global_centered,pr,specter,bert,0.20410256410256405
global_centered,pr,specter,mpnet,0.6519658119658119
global_centered,pr,specter,minilm,0.647179487179487
global_centered,pr,specter,pubmedbert,0.5999999999999999
global_centered,pr,specter,biobert,0.4776068376068376
global_centered,pr,specter,simcse,0.2656410256410256
global_centered,pr,specter2,scincl,0.5227350427350427
global_centered,pr,specter2,scibert,0.3668376068376068
global_centered,pr,specter2,bert,0.5815384615384616
global_centered,pr,specter2,mpnet,0.5945299145299144
global_centered,pr,specter2,minilm,0.587008547008547
global_centered,pr,specter2,pubmedbert,0.401025641025641
global_centered,pr,specter2,biobert,0.5295726495726496
global_centered,pr,specter2,simcse,0.4947008547008547
global_centered,pr,scincl,scibert,0.6485470085470085
global_centered,pr,scincl,bert,0.3928205128205128
global_centered,pr,scincl,mpnet,0.7449572649572649
global_centered,pr,scincl,minilm,0.7264957264957265
global_centered,pr,scincl,pubmedbert,0.6075213675213674
global_centered,pr,scincl,biobert,0.5384615384615384
global_centered,pr,scincl,simcse,0.44547008547008543
global_centered,pr,scibert,bert,0.37777777777777777
global_centered,pr,scibert,mpnet,0.6601709401709401
global_centered,pr,scibert,minilm,0.6205128205128205
global_centered,pr,scibert,pubmedbert,0.8201709401709402
global_centered,pr,scibert,biobert,0.5555555555555555
global_centered,pr,scibert,simcse,0.49128205128205127
global_centered,pr,bert,mpnet,0.6553846153846153
global_centered,pr,bert,minilm,0.7415384615384616
global_centered,pr,bert,pubmedbert,0.26495726495726496
global_centered,pr,bert,biobert,0.2239316239316239
global_centered,pr,bert,simcse,0.937094017094017
global_centered,pr,mpnet,minilm,0.9733333333333332
global_centered,pr,mpnet,pubmedbert,0.41811965811965807
global_centered,pr,mpnet,biobert,0.2198290598290598
global_centered,pr,mpnet,simcse,0.7176068376068375
global_centered,pr,minilm,pubmedbert,0.40854700854700854
global_centered,pr,minilm,biobert,0.1747008547008547
global_centered,pr,minilm,simcse,0.7743589743589743
global_centered,pr,pubmedbert,biobert,0.7032478632478633
global_centered,pr,pubmedbert,simcse,0.308034188034188
global_centered,pr,biobert,simcse,0.24854700854700856
global_centered,gap_25,specter,specter2,0.9035897435897435
global_centered,gap_25,specter,scincl,0.8988034188034186
global_centered,gap_25,specter,scibert,0.49333333333333323
global_centered,gap_25,specter,bert,0.5664957264957264
global_centered,gap_25,specter,mpnet,0.8687179487179486
global_centered,gap_25,specter,minilm,0.852991452991453
global_centered,gap_25,specter,pubmedbert,0.5288888888888889
global_centered,gap_25,specter,biobert,0.5418803418803418
global_centered,gap_25,specter,simcse,0.7422222222222221
global_centered,gap_25,specter2,scincl,0.9596581196581195
global_centered,gap_25,specter2,scibert,0.4899145299145299
global_centered,gap_25,specter2,bert,0.7326495726495725
global_centered,gap_25,specter2,mpnet,0.9753846153846153
global_centered,gap_25,specter2,minilm,0.9487179487179486
global_centered,gap_25,specter2,pubmedbert,0.6123076923076922
global_centered,gap_25,specter2,biobert,0.6034188034188035
global_centered,gap_25,specter2,simcse,0.7613675213675213
global_centered,gap_25,scincl,scibert,0.5022222222222221
global_centered,gap_25,scincl,bert,0.7176068376068375
global_centered,gap_25,scincl,mpnet,0.9623931623931624
global_centered,gap_25,scincl,minilm,0.939145299145299
global_centered,gap_25,scincl,pubmedbert,0.545982905982906
global_centered,gap_25,scincl,biobert,0.5774358974358974
global_centered,gap_25,scincl,simcse,0.7517948717948718
global_centered,gap_25,scibert,bert,0.5227350427350427
global_centered,gap_25,scibert,mpnet,0.4953846153846153
global_centered,gap_25,scibert,minilm,0.43589743589743585
global_centered,gap_25,scibert,pubmedbert,0.7894017094017093
global_centered,gap_25,scibert,biobert,0.8488888888888889
global_centered,gap_25,scibert,simcse,0.3517948717948718
global_centered,gap_25,bert,mpnet,0.7429059829059829
global_centered,gap_25,bert,minilm,0.7668376068376067
global_centered,gap_25,bert,pubmedbert,0.6478632478632478
global_centered,gap_25,bert,biobert,0.6088888888888888
global_centered,gap_25,bert,simcse,0.6772649572649572
global_centered,gap_25,mpnet,minilm,0.9617094017094016
global_centered,gap_25,mpnet,pubmedbert,0.6095726495726496
global_centered,gap_25,mpnet,biobert,0.6095726495726496
global_centered,gap_25,mpnet,simcse,0.7914529914529914
global_centered,gap_25,minilm,pubmedbert,0.5767521367521368
global_centered,gap_25,minilm,biobert,0.5569230769230769
global_centered,gap_25,minilm,simcse,0.8413675213675212
global_centered,gap_25,pubmedbert,biobert,0.8454700854700854
global_centered,gap_25,pubmedbert,simcse,0.49196581196581196
global_centered,gap_25,biobert,simcse,0.5056410256410256
quality,angle_p50,specter,specter2,0.31965811965811963
quality,angle_p50,specter,scincl,0.40717948717948715
quality,angle_p50,specter,scibert,0.5958974358974359
quality,angle_p50,specter,bert,-0.20957264957264954
quality,angle_p50,specter,mpnet,0.18974358974358974
quality,angle_p50,specter,minilm,0.11247863247863246
quality,angle_p50,specter,pubmedbert,0.35999999999999993
quality,angle_p50,specter,biobert,-0.2553846153846154
quality,angle_p50,specter,simcse,-0.16717948717948716
quality,angle_p50,specter2,scincl,0.5049572649572649
quality,angle_p50,specter2,scibert,0.3121367521367521
quality,angle_p50,specter2,bert,0.11316239316239315
quality,angle_p50,specter2,mpnet,0.7155555555555554
quality,angle_p50,specter2,minilm,0.6123076923076922
quality,angle_p50,specter2,pubmedbert,0.2553846153846154
quality,angle_p50,specter2,biobert,-0.07897435897435896
quality,angle_p50,specter2,simcse,0.022905982905982905
quality,angle_p50,scincl,scibert,0.3634188034188034
quality,angle_p50,scincl,bert,0.24991452991452992
quality,angle_p50,scincl,mpnet,0.7641025641025642
quality,angle_p50,scincl,minilm,0.751111111111111
quality,angle_p50,scincl,pubmedbert,0.2984615384615385
quality,angle_p50,scincl,biobert,0.19931623931623932
quality,angle_p50,scincl,simcse,0.377094017094017
quality,angle_p50,scibert,bert,0.16444444444444445
quality,angle_p50,scibert,mpnet,0.27589743589743587
quality,angle_p50,scibert,minilm,0.18564102564102564
quality,angle_p50,scibert,pubmedbert,0.8769230769230769
quality,angle_p50,scibert,biobert,0.32991452991452985
quality,angle_p50,scibert,simcse,0.09743589743589742
quality,angle_p50,bert,mpnet,0.47965811965811966
quality,angle_p50,bert,minilm,0.4755555555555555
quality,angle_p50,bert,pubmedbert,0.2964102564102564
quality,angle_p50,bert,biobert,0.7777777777777777
quality,angle_p50,bert,simcse,0.9234188034188033
quality,angle_p50,mpnet,minilm,0.9712820512820511
quality,angle_p50,mpnet,pubmedbert,0.30188034188034185
quality,angle_p50,mpnet,biobert,0.26974358974358975
quality,angle_p50,mpnet,simcse,0.46119658119658113
quality,angle_p50,minilm,pubmedbert,0.2588034188034188
quality,angle_p50,minilm,biobert,0.31487179487179484
quality,angle_p50,minilm,simcse,0.46803418803418795
quality,angle_p50,pubmedbert,biobert,0.545982905982906
quality,angle_p50,pubmedbert,simcse,0.15350427350427348
quality,angle_p50,biobert,simcse,0.7285470085470084
quality,pr,specter,specter2,0.3723076923076923
quality,pr,specter,scincl,0.8092307692307692
quality,pr,specter,scibert,0.7018803418803419
quality,pr,specter,bert,0.19247863247863245
quality,pr,specter,mpnet,0.643076923076923
quality,pr,specter,minilm,0.6355555555555555
quality,pr,specter,pubmedbert,0.5569230769230769
quality,pr,specter,biobert,0.4502564102564102
quality,pr,specter,simcse,0.25196581196581197
quality,pr,specter2,scincl,0.47965811965811966
quality,pr,specter2,scibert,0.3408547008547009
quality,pr,specter2,bert,0.5097435897435897
quality,pr,specter2,mpnet,0.5603418803418803
quality,pr,specter2,minilm,0.6198290598290598
quality,pr,specter2,pubmedbert,0.3586324786324786
quality,pr,specter2,biobert,0.507008547008547
quality,pr,specter2,simcse,0.4769230769230769
quality,pr,scincl,scibert,0.6683760683760683
quality,pr,scincl,bert,0.3107692307692307
quality,pr,scincl,mpnet,0.7141880341880341
quality,pr,scincl,minilm,0.7107692307692307
quality,pr,scincl,pubmedbert,0.5685470085470085
quality,pr,scincl,biobert,0.5473504273504273
quality,pr,scincl,simcse,0.3572649572649573
quality,pr,scibert,bert,0.44068376068376064
quality,pr,scibert,mpnet,0.6328205128205128
quality,pr,scibert,minilm,0.6116239316239316
quality,pr,scibert,pubmedbert,0.8037606837606838
quality,pr,scibert,biobert,0.641025641025641
quality,pr,scibert,simcse,0.5425641025641026
quality,pr,bert,mpnet,0.6143589743589742
quality,pr,bert,minilm,0.7011965811965812
quality,pr,bert,pubmedbert,0.1904273504273504
quality,pr,bert,biobert,0.27247863247863247
quality,pr,bert,simcse,0.9466666666666665
quality,pr,mpnet,minilm,0.9685470085470086
quality,pr,mpnet,pubmedbert,0.3005128205128205
quality,pr,mpnet,biobert,0.20136752136752134
quality,pr,mpnet,simcse,0.6676923076923077
quality,pr,minilm,pubmedbert,0.29914529914529914
quality,pr,minilm,biobert,0.2027350427350427
quality,pr,minilm,simcse,0.7360683760683759
quality,pr,pubmedbert,biobert,0.7668376068376067
quality,pr,pubmedbert,simcse,0.22119658119658114
quality,pr,biobert,simcse,0.30188034188034185
quality,gap_25,specter,specter2,0.7935042735042734
quality,gap_25,specter,scincl,0.8153846153846154
quality,gap_25,specter,scibert,0.6875213675213674
quality,gap_25,specter,bert,0.6533333333333332
quality,gap_25,specter,mpnet,0.8188034188034188
quality,gap_25,specter,minilm,0.8112820512820512
quality,gap_25,specter,pubmedbert,0.6895726495726495
quality,gap_25,specter,biobert,0.6786324786324787
quality,gap_25,specter,simcse,0.6683760683760683
quality,gap_25,specter2,scincl,0.8372649572649572
quality,gap_25,specter2,scibert,0.6013675213675214
quality,gap_25,specter2,bert,0.6998290598290597
quality,gap_25,specter2,mpnet,0.9405128205128205
quality,gap_25,specter2,minilm,0.922051282051282
quality,gap_25,specter2,pubmedbert,0.6581196581196581
quality,gap_25,specter2,biobert,0.6724786324786325
quality,gap_25,specter2,simcse,0.625982905982906
quality,gap_25,scincl,scibert,0.5658119658119657
quality,gap_25,scincl,bert,0.5685470085470085
quality,gap_25,scincl,mpnet,0.8837606837606837
quality,gap_25,scincl,minilm,0.8769230769230769
quality,gap_25,scincl,pubmedbert,0.5747008547008546
quality,gap_25,scincl,biobert,0.6348717948717948
quality,gap_25,scincl,simcse,0.5261538461538461
quality,gap_25,scibert,bert,0.5364102564102563
quality,gap_25,scibert,mpnet,0.604102564102564
quality,gap_25,scibert,minilm,0.6013675213675214
quality,gap_25,scibert,pubmedbert,0.7846153846153845
quality,gap_25,scibert,biobert,0.844102564102564
quality,gap_25,scibert,simcse,0.4748717948717948
quality,gap_25,bert,mpnet,0.682051282051282
quality,gap_25,bert,minilm,0.7258119658119657
quality,gap_25,bert,pubmedbert,0.7107692307692307
quality,gap_25,bert,biobert,0.6574358974358974
quality,gap_25,bert,simcse,0.8229059829059829
quality,gap_25,mpnet,minilm,0.9658119658119657
quality,gap_25,mpnet,pubmedbert,0.6806837606837607
quality,gap_25,mpnet,biobert,0.6957264957264957
quality,gap_25,mpnet,simcse,0.6423931623931624
quality,gap_25,minilm,pubmedbert,0.6964102564102563
quality,gap_25,minilm,biobert,0.7422222222222221
quality,gap_25,minilm,simcse,0.7148717948717949
quality,gap_25,pubmedbert,biobert,0.9199999999999999
quality,gap_25,pubmedbert,simcse,0.6916239316239315
quality,gap_25,biobert,simcse,0.6458119658119658
