scope,k,model_a,model_b,n,mean,median,p025,p975,min,max
all,10,specter,specter2,130,0.8634519017614779,0.7407944352979395,0.20076652108467805,2.2474204286325854,0.12741859367626507,2.9090909090909056
all,25,specter,specter2,130,1.062070823516116,0.8892131005824533,0.2671131141313195,3.2312438420779053,0.2117647058823502,3.631617113850616
all,50,specter,specter2,130,1.236903794428199,1.0231346330704105,0.28047856954900086,4.12847134405835,0.2306238185255216,4.997818181818181
all,10,specter,scincl,130,0.7519914675344755,0.5927904294495356,0.14838505126365586,2.1901874508120507,0.033081285444236386,3.2581818181818156
all,25,specter,scincl,130,0.879486813882637,0.6775458965776582,0.17184830932080786,3.1145285999884194,0.10969637610185323,3.7070340826685975
all,50,specter,scincl,130,0.9870062476726192,0.7496809599765147,0.19099141247166357,3.7124594105117596,0.12364322793770866,4.707759245830317
all,10,specter,scibert,130,0.7286999975770624,0.5955014861780544,0.14797434724535444,2.3468786492180427,0.14157621519584884,2.7418181818181813
all,25,specter,scibert,130,0.9424340681236163,0.7026771497431888,0.2198790531329257,2.944182736219778,0.1848826552974442,3.938909090909093
all,50,specter,scibert,130,1.1687056846543158,0.9314046401035198,0.2902418831054693,3.7609381720916626,0.2154042315814647,5.034082668600432
all,10,specter,bert,130,0.7051737226036998,0.5597922436375302,0.17616972429220204,1.8477681923228437,0.11355938956847528,2.516316171138508
all,25,specter,bert,130,0.9533460789971803,0.7622415114648229,0.22431863937365093,2.644674814303359,0.1633661393792077,3.5083636363636375
all,50,specter,bert,130,1.2031174184779758,0.9610971079328873,0.29764058255168163,3.5594982203982193,0.1931704984659527,4.888727272727275
all,10,specter,mpnet,130,0.6647291342265932,0.5502996491006079,0.15154864644932028,2.1677447070962512,0.06763285024154464,2.7490909090909064
all,25,specter,mpnet,130,0.8062260478563887,0.6399222062428767,0.15761312151326465,2.635159310778203,0.12985735366453643,3.1007976794778846
all,50,specter,mpnet,130,0.943035905855303,0.738507391987564,0.18203088100742323,3.295712679019074,0.13591316658801977,4.420594633792602
all,10,specter,minilm,130,0.6137520327286474,0.5078373922057011,0.11290831401194482,1.7349126059938387,0.07177033492822837,2.879999999999999
all,25,specter,minilm,130,0.7625003767442313,0.6294272331939466,0.16730365805484732,2.5581225093548645,0.11674641148325393,3.071791153009429
all,50,specter,minilm,130,0.9159639000912437,0.7332877744063132,0.18402785499833055,3.473005674928191,0.1538461538461544,4.272661348803481
all,10,specter,pubmedbert,130,0.7072677498391897,0.5751053035890477,0.15202786175177516,1.8829038039949728,0.11798017932987404,2.530909090909092
all,25,specter,pubmedbert,130,0.9410103880332638,0.756357424287464,0.21739444888607226,2.55539960613401,0.18245923314235135,3.5374545454545463
all,50,specter,pubmedbert,130,1.1795153970081418,0.9010229461270114,0.30705898384496627,3.4350950701281144,0.21811371877116792,4.607999999999998
all,10,specter,biobert,130,0.7318273827860523,0.5726765068228821,0.151618347027679,1.982215075537461,0.1355222565006614,2.4345709068776644
all,25,specter,biobert,130,0.9715859611300829,0.7636436781540107,0.22916811355901187,2.504557854057737,0.18620537681798277,3.4734545454545436
all,50,specter,biobert,130,1.219735565777442,0.9509225752866626,0.324252792197577,3.4457114571184446,0.25915448061521185,4.5548478414720455
all,10,specter,simcse,130,0.5737099538784045,0.46521143962832134,0.10704565810637508,1.5504824879085948,0.09363668964418037,2.152727272727273
all,25,specter,simcse,130,0.8009206587912616,0.6105407880566044,0.1662157446647304,2.4226347129368073,0.1302147667051834,3.2290909090909095
all,50,specter,simcse,130,1.024101316043497,0.7991494316724259,0.20713939508464937,3.480746763139933,0.14790612423795785,4.452363636363637
all,10,specter2,scincl,130,0.9136777884989916,0.735922699567404,0.2400407036867004,2.5676292993475753,0.16517225106182365,3.2059447983014855
all,25,specter2,scincl,130,1.0934727464272969,0.890930016440683,0.2627216967976964,3.4156160594298184,0.19712918660286793,4.351026185421092
all,50,specter2,scincl,130,1.2352713303224612,1.0082789926141145,0.2594087780524426,4.31737975727766,0.1821613968853275,4.785454545454549
all,10,specter2,scibert,130,1.0963476579040643,0.9764330027800638,0.1921933603875231,2.5499842305073623,0.14157621519584607,3.3720087019579403
all,25,specter2,scibert,130,1.4290431269258181,1.2332650665709488,0.26748803264626697,3.5361825925724806,0.23218499292119166,4.241454545454543
all,50,specter2,scibert,130,1.7187898097348187,1.4400615127649063,0.340902818334735,4.587381593340521,0.28032090608777205,5.236363636363639
all,10,specter2,bert,130,0.9525246598970762,0.8532728468766265,0.17381298302596737,2.390360657422892,0.12269938650306678,2.5743292240754165
all,25,specter2,bert,130,1.2754005120312915,1.079149543205303,0.2562461883993039,3.150246909187235,0.17563852253257434,3.7614545454545456
all,50,specter2,bert,130,1.5796280469120452,1.3487510617026175,0.3230059134792844,4.179432634252844,0.21205721799418265,4.818909090909093
all,10,specter2,mpnet,130,0.8928163835983712,0.7776310232483319,0.17682999367875527,2.360646951351317,0.06134969325153894,2.9006526468455363
all,25,specter2,mpnet,130,1.0821361057006682,0.9010108051585919,0.23439553643313654,3.0637677561501646,0.16611609249645998,3.654822335025382
all,50,specter2,mpnet,130,1.2234686762701235,0.9876830172137863,0.2890889280896536,3.989958417055216,0.14535158093439415,4.314181818181817
all,10,specter2,minilm,130,0.8766036730437567,0.7956677303799148,0.18936826285134628,2.163224333519883,0.16045304388862536,2.821818181818181
all,25,specter2,minilm,130,1.0729002446011044,0.9485930522530855,0.23539215132850344,3.201295070817715,0.1283624351109014,3.4298181818181837
all,50,specter2,minilm,130,1.2604217033374692,1.0663682081847674,0.2705319713408813,4.108054928449576,0.1585653610193527,4.481454545454549
all,10,specter2,pubmedbert,130,0.9986440562063795,0.8730027250660827,0.21045487213751798,2.393895363294265,0.16045304388862536,2.5670775924583027
all,25,specter2,pubmedbert,130,1.3372170295919792,1.1811712825928855,0.25990143964130213,3.1893288532392052,0.2151958470976878,3.6625454545454543
all,50,specter2,pubmedbert,130,1.6444632251842857,1.4124855090966197,0.3133123379052423,4.087126395723904,0.2657688169900779,4.680727272727273
all,10,specter2,biobert,130,1.038459289952828,0.9408017707820946,0.19774663402525608,2.3629208151952863,0.18404907975460294,2.532588454376164
all,25,specter2,biobert,130,1.3796069028745708,1.20435803179946,0.2671963292820824,3.2218382593563377,0.22274657857480062,3.3970326409495573
all,50,specter2,biobert,130,1.6958432263106873,1.4633714171537249,0.33879523948861584,4.079446272295542,0.2949380165289256,4.488087572440436
all,10,specter2,simcse,130,0.7934936929014604,0.7053863605013928,0.14772383610223994,2.0949488965638343,0.07550731477111716,2.2552574329224084
all,25,specter2,simcse,130,1.0646316436742744,0.919882266040406,0.21535940612843024,2.730249439561612,0.14965932183129554,3.1127272727272723
all,50,specter2,simcse,130,1.3208256657642001,1.1468529818025375,0.24840109370276373,3.8936463820510614,0.16862573215922216,4.3447272727272725
all,10,scincl,scibert,130,0.8319803270146431,0.659226302692105,0.2145036400531075,2.218750432853343,0.19828040007018877,3.248730964467006
all,25,scincl,scibert,130,1.0903709504928398,0.8626739556572866,0.28803248101934065,3.1286208742456063,0.23221899031756754,4.3248730964467015
all,50,scincl,scibert,130,1.3229437676432627,1.052049761407467,0.36057588204875396,4.057734888900944,0.267282942184327,5.24699221514508
all,10,scincl,bert,130,0.795589493918851,0.6398294125077433,0.20192210198770266,1.8358397712078431,0.16296768538072298,2.84263959390863
all,25,scincl,bert,130,1.0588331566623388,0.8342995568232827,0.26988913917508256,2.7485806744036485,0.1832888393035026,3.805656272661348
all,50,scincl,bert,130,1.32951591511392,1.0555475512023265,0.34247173009413895,3.8097388132363044,0.21436825118540115,5.009454545454547
all,10,scincl,mpnet,130,0.7711545293664094,0.5793476821679217,0.20121507085921378,2.3067467072963455,0.018876828692782066,3.2052211747643167
all,25,scincl,mpnet,130,0.8865742929829824,0.7355805082315175,0.21149893168975503,3.000677696010624,0.1515002459419601,3.3092710544939896
all,50,scincl,mpnet,130,0.9567920700111983,0.7899522140278059,0.1846855463193836,3.5045220962908865,0.14685990338164645,4.006693440428377
all,10,scincl,minilm,130,0.6970860702779396,0.563190405779429,0.15561792975679056,2.109895150466642,0.11756448499736782,2.668600435097895
all,25,scincl,minilm,130,0.8070581708395816,0.672864744593199,0.20668932144470478,2.6787304616620515,0.14953271028037007,3.382160986221905
all,50,scincl,minilm,130,0.930291064736791,0.735148125319271,0.19458591959136906,3.6258966618954025,0.07575012297098005,4.114575779550394
all,10,scincl,pubmedbert,130,0.7905448541637361,0.6694912696376578,0.2045404392314928,1.9801223719828598,0.18073346201087914,2.5090909090909106
all,25,scincl,pubmedbert,130,1.058992124515874,0.8470527140998683,0.2998112570107326,2.769572630143212,0.2409849782842588,3.6596363636363622
all,50,scincl,pubmedbert,130,1.3190197213702073,1.020357635921701,0.3396419351184993,3.6981457784882608,0.2621827310037045,4.808727272727273
all,10,scincl,biobert,130,0.8132033222465938,0.6886961110720097,0.21666952833914177,2.0879926554732537,0.18853305785123953,2.367620206938528
all,25,scincl,biobert,130,1.0871921517215413,0.8930060490926373,0.29153978515906753,2.9126712664726453,0.25936535918906767,3.4662799129804216
all,50,scincl,biobert,130,1.3617967394974237,1.0770289268765763,0.36311003933196856,3.7111841563861407,0.30362194684623867,4.73036093418259
all,10,scincl,simcse,130,0.6550608106237163,0.5332685052023972,0.1353663506673436,1.6923989518680769,0.11355938956847389,2.342277012327773
all,25,scincl,simcse,130,0.8713049329993546,0.6810293693427172,0.21356340230918813,2.3460630243661895,0.14519663704825325,3.5329949238578684
all,50,scincl,simcse,130,1.1134088954232442,0.8882675999375353,0.24767764457451158,3.56190589096087,0.16480057377375873,4.574329224075418
all,10,scibert,bert,130,0.27190346762087003,0.14906669080686497,-0.009282641225040328,1.2334337349397555,-0.03383276945383984,1.646120377084842
all,25,scibert,bert,130,0.3667614796146171,0.19620595662805662,0.0330855496098198,1.7470896496707564,-0.022460080715919206,2.378535170413343
all,50,scibert,bert,130,0.44236966869390604,0.21689961689284332,0.04255712213019888,2.1699503023251383,0.03209060877772396,2.6530909090909107
all,10,scibert,mpnet,130,0.7380767705234673,0.5715806200959226,0.15914105512513857,2.005714722406685,0.14344343945491417,3.0836363636363635
all,25,scibert,mpnet,130,0.9780150158322555,0.7250800006305458,0.21817358117038443,3.0499325483949056,0.1859983264932058,3.898181818181823
all,50,scibert,mpnet,130,1.1934737122611987,0.8895311176406393,0.29990708926442666,3.7201278822092414,0.2053631908196185,4.618542108987967
all,10,scibert,minilm,130,0.6130074648657391,0.4459847854298371,0.12028705748350484,1.8226316025255862,0.07496251874062887,2.7563636363636372
all,25,scibert,minilm,130,0.7963471508531282,0.5577434690808014,0.1656302487214019,2.5301020781990387,0.14439972905128107,3.4961075725406907
all,50,scibert,minilm,130,0.9883057929106317,0.720580573540705,0.21714329558637488,3.231663464331676,0.1594612901940462,4.6047860768672955
all,10,scibert,pubmedbert,130,0.3285634546001225,0.19777519492776285,0.006008648323043847,1.2117943158024431,-0.047483380816715215,1.9289340101522834
all,25,scibert,pubmedbert,130,0.380845535289539,0.20226216691560106,0.025398367100789576,1.6567457515081023,0.013725490196070389,2.301090909090908
all,50,scibert,pubmedbert,130,0.4498465539625076,0.23597754282469463,0.04036405594338155,1.954040989441435,0.02596946832778002,2.6167272727272817
all,10,scibert,biobert,130,0.35412918852573483,0.20819656367646877,0.012862453124514867,1.4632627676644716,-0.0048709206039943,1.8188251946213707
all,25,scibert,biobert,130,0.4396551892542887,0.23148774978528075,0.03974133089989729,1.8372084789323038,-0.0007018775223743834,2.526468455402464
all,50,scibert,biobert,130,0.5229424490055523,0.2664268876318432,0.06852261877515031,2.4533614661493583,0.04064272211720121,2.7802755620014494
all,10,scibert,simcse,130,0.3464706168423293,0.1940004364209602,0.024924593928858096,1.4396060606801273,-0.0236294896030248,1.7621464829586653
all,25,scibert,simcse,130,0.45960000283585295,0.25382549311584734,0.05421058202278388,2.0420661275781895,0.0018903591682439824,2.6181818181818195
all,50,scibert,simcse,130,0.5660818605141993,0.30483758949751416,0.06822903271041993,2.4666987434818206,0.042533081285445196,3.3952139231327063
all,10,bert,mpnet,130,0.7870995272016238,0.5888772614759202,0.15591101267764015,2.420951499839874,0.10382255781028749,2.9877656149388283
all,25,bert,mpnet,130,1.0308081420007131,0.7794709600333336,0.22179589760002485,3.202121560766545,0.16607562656891228,4.0901481004507385
all,50,bert,mpnet,130,1.2683656237822059,0.9815454710906668,0.29535420218614467,4.205261992590744,0.18352791170259397,4.782545454545456
all,10,bert,minilm,130,0.6669568742018557,0.49976403747676035,0.1430672448594869,1.940244358421678,0.10798103358967137,2.5018129079042772
all,25,bert,minilm,130,0.8758686524590248,0.6276837088135062,0.18166790804095695,2.8021598132286725,0.13643064908156338,3.5636363636363604
all,50,bert,minilm,130,1.0912494779412831,0.8104732618392729,0.228656093444879,3.4317075772504047,0.15579551340797748,4.614938361131254
all,10,bert,pubmedbert,130,0.23074066091995135,0.1117680033396129,-0.0384989149773092,1.0882462733934364,-0.06965174129353047,1.682378535170409
all,25,bert,pubmedbert,130,0.31284779525456524,0.13741026191207983,0.009701400324596404,1.579209554794541,-0.025267590805405638,2.347636363636363
all,50,bert,pubmedbert,130,0.38241353246561055,0.16919387311229717,0.026804247287413596,2.082713671146443,0.01298473416389001,2.704858593183468
all,10,bert,biobert,130,0.24018830693703946,0.1144717487777086,-0.030427995610323166,1.101262526266557,-0.06316812439261521,1.4909090909090927
all,25,bert,biobert,130,0.33505730447945803,0.15041084918616388,0.013297904546235723,1.7488419899928327,-0.014739427969817642,2.120727272727274
all,50,bert,biobert,130,0.4102470787481752,0.1734273836297956,0.03238348790668644,2.0274573425357305,0.02076451156205472,2.748368382886157
all,10,bert,simcse,130,0.47526345596439934,0.2891607074501701,0.03472701258381505,1.627557126984,0.014756517461878005,2.3350253807106593
all,25,bert,simcse,130,0.5994943534751958,0.35517207215238766,0.06334009739486945,2.215170361635421,0.03591682419659681,3.016727272727271
all,50,bert,simcse,130,0.7171213782887765,0.4210067348726476,0.0899013802579672,2.626211801487983,0.041587901701323204,3.7541818181818174
all,10,mpnet,minilm,130,0.5060130617894344,0.40430187830751696,0.037340831893140636,1.550853320170814,0.0051813471502626385,2.3350253807106647
all,25,mpnet,minilm,130,0.5628724575339457,0.4235674817080426,0.11673551190603315,1.8739964862671366,-0.13772749631086878,2.711272727272729
all,50,mpnet,minilm,130,0.6306604635908175,0.47172113508950897,0.09366061500755085,2.2283277483607447,-0.02852926709295822,2.765090909090906
all,10,mpnet,pubmedbert,130,0.7130761317815077,0.5411185038407138,0.15812555034955267,1.804685154478229,0.13685700802265055,2.4072727272727272
all,25,mpnet,pubmedbert,130,0.958706308656897,0.7139701816661514,0.2322020862619438,2.7859534084728264,0.18663585289078466,3.5927272727272723
all,50,mpnet,pubmedbert,130,1.195896498059887,0.9119903288324877,0.2761137236858965,3.5834979324897764,0.20878989520659863,4.373818181818182
all,10,mpnet,biobert,130,0.7451679444621614,0.5911529414230108,0.16099597602326307,1.921927077773428,0.15063168124392623,2.2254545454545442
all,25,mpnet,biobert,130,1.0049762491382161,0.7533911082928224,0.2325335484572752,2.8910877127347665,0.175554506842851,3.4879999999999995
all,50,mpnet,biobert,130,1.2512841182946348,0.9259995282304007,0.3277857595814653,3.696049275685551,0.2321849929211861,4.372257607926394
all,10,mpnet,simcse,130,0.6431815856045497,0.5015188774296575,0.10518913930930379,2.1690496205595258,0.06134969325153339,2.465454545454546
all,25,mpnet,simcse,130,0.8494737975898946,0.6167959121179512,0.16300439128340977,2.8228837136254485,0.11730485715424066,3.4385454545454524
all,50,mpnet,simcse,130,1.0538152465914539,0.7959467903501161,0.21123202001250674,3.6246434742040177,0.14256684065824532,4.276363636363639
all,10,minilm,pubmedbert,130,0.6004145403798553,0.4528491652990019,0.12745923996677816,1.583099428501548,0.10974653775803478,2.523636363636364
all,25,minilm,pubmedbert,130,0.79823499366702,0.5598693808104321,0.1738656583130175,2.3213035011908545,0.15428138821373255,3.464727272727272
all,50,minilm,pubmedbert,130,1.0002633355415675,0.7241144820324952,0.2119437974901736,3.0834688399444516,0.16209108658405413,4.304568527918784
all,10,minilm,biobert,130,0.6267041746820733,0.4530750648921958,0.15048643978447657,1.706689788126785,0.11714547555484733,2.24
all,25,minilm,biobert,130,0.8394283244326439,0.5875928209385622,0.17724916930464776,2.4304830801440347,0.15290231241151808,3.176727272727273
all,50,minilm,biobert,130,1.052870345607966,0.7590943809321682,0.23398875552100248,3.157787686483217,0.17970275331712915,4.146482958665699
all,10,minilm,simcse,130,0.5577996404867253,0.41581502299437995,0.09476770990317462,1.7851860418223444,0.07249879168680362,2.160000000000001
all,25,minilm,simcse,130,0.7423721605346524,0.5302081025842496,0.1377039319980436,2.4566743635699955,0.10455432920269403,3.408266860043513
all,50,minilm,simcse,130,0.9386042594961594,0.664800281446204,0.18677815756442478,3.184164022477546,0.12105032474000882,4.165337200870195
all,10,pubmedbert,biobert,130,0.3144169050699815,0.1630384669352697,0.004745393296173295,1.427877712686205,-0.010362694300514175,1.6465863453815233
all,25,pubmedbert,biobert,130,0.3760664685404205,0.18888408680511892,0.026311374400544707,1.721900383029379,0.010518012095717122,2.3043170559094217
all,50,pubmedbert,biobert,130,0.44061799759865833,0.19023844568737402,0.03818074791675258,2.113804917348338,0.026671345850148853,2.845010615711252
all,10,pubmedbert,simcse,130,0.36898250139163374,0.23246841144691222,0.024716707767828486,1.401783997979467,0.004833252779118391,1.9199999999999995
all,25,pubmedbert,simcse,130,0.48441098450221615,0.26866125013748493,0.05332147722745352,1.9263117355673907,0.02835538752363198,2.804363636363638
all,50,pubmedbert,simcse,130,0.6034312019286817,0.3435325287017954,0.0731587456534677,2.4024832465370842,0.04820415879017159,3.3473531544597535
all,10,biobert,simcse,130,0.3662762925004475,0.2326184126507147,0.015278376773371002,1.3706536322659948,-0.038872691933916625,1.6896301667875284
all,25,biobert,simcse,130,0.4937081558696012,0.2727248457648379,0.0484297902420959,1.8538397396882182,0.022684310018905585,2.5919999999999996
all,50,biobert,simcse,130,0.6141385005266548,0.35779978319704364,0.06671968464014424,2.417948014415132,0.050967437470500476,3.4589090909090903
1024,10,specter,specter2,130,0.3884615384615387,0.20000000000000018,-1.0550000000000008,2.3775000000000013,-2.300000000000002,3.0000000000000027
1024,25,specter,specter2,130,0.5276923076923077,0.41999999999999815,-0.5199999999999982,2.3510000000000004,-1.0000000000000009,2.9999999999999973
1024,50,specter,specter2,130,0.4867692307692307,0.36999999999999533,-0.3754999999999987,1.5329999999999997,-0.7399999999999962,2.7600000000000016
1024,10,specter,scincl,130,0.24076923076923085,0.1999999999999974,-1.455,2.0774999999999966,-1.8000000000000016,4.999999999999999
1024,25,specter,scincl,130,0.2901538461538464,0.16000000000000458,-0.7910000000000017,2.102,-1.6000000000000014,2.52
1024,50,specter,scincl,130,0.31384615384615355,0.18000000000000238,-0.5600000000000024,1.773000000000001,-0.8599999999999941,2.6000000000000023
1024,10,specter,scibert,130,0.2853846153846151,0.20000000000000018,-1.1550000000000005,1.6000000000000014,-1.8000000000000016,2.8
1024,25,specter,scibert,130,0.4193846153846154,0.3599999999999992,-0.4400000000000015,1.8039999999999974,-1.040000000000002,2.0800000000000014
1024,50,specter,scibert,130,0.3947692307692309,0.379999999999997,-0.3664999999999972,1.3664999999999976,-0.6199999999999983,1.7400000000000027
1024,10,specter,bert,130,0.2815384615384617,0.30000000000000027,-1.3000000000000012,1.6549999999999971,-1.4000000000000012,2.4999999999999996
1024,25,specter,bert,130,0.3944615384615385,0.32000000000000084,-0.39100000000000007,1.5509999999999997,-0.8399999999999963,2.72
1024,50,specter,bert,130,0.5015384615384613,0.43999999999999595,-0.2865000000000005,1.735,-0.6599999999999995,2.1199999999999997
1024,10,specter,mpnet,130,0.359230769230769,0.30000000000000027,-1.077500000000001,2.0000000000000018,-1.699999999999996,2.6000000000000023
1024,25,specter,mpnet,130,0.35600000000000026,0.24000000000000132,-0.6400000000000047,2.1859999999999964,-1.0000000000000009,3.9600000000000026
1024,50,specter,mpnet,130,0.20969230769230768,0.10999999999999899,-0.5465000000000039,1.3620000000000023,-0.759999999999994,1.7800000000000038
1024,10,specter,minilm,130,0.2076923076923077,0.10000000000000009,-1.255000000000001,2.1550000000000002,-2.200000000000002,4.100000000000003
1024,25,specter,minilm,130,0.2692307692307691,0.20000000000000018,-0.9240000000000043,1.342,-1.2799999999999978,3.440000000000004
1024,50,specter,minilm,130,0.29984615384615365,0.2599999999999991,-0.47100000000000364,1.4310000000000018,-0.880000000000003,1.9199999999999995
1024,10,specter,pubmedbert,130,0.31923076923076915,0.30000000000000027,-0.8000000000000007,1.8324999999999991,-1.3999999999999986,2.2999999999999994
1024,25,specter,pubmedbert,130,0.4009230769230766,0.2800000000000011,-0.3599999999999992,1.4529999999999974,-0.5599999999999994,2.160000000000001
1024,50,specter,pubmedbert,130,0.5118461538461542,0.520000000000001,-0.2619999999999976,1.4554999999999998,-0.4599999999999993,1.8600000000000005
1024,10,specter,biobert,130,0.3353846153846154,0.20000000000000018,-0.9550000000000008,1.954999999999998,-1.8000000000000016,3.3000000000000003
1024,25,specter,biobert,130,0.42338461538461536,0.3599999999999992,-0.4309999999999991,1.563999999999997,-0.7999999999999979,1.9600000000000006
1024,50,specter,biobert,130,0.5666153846153846,0.5000000000000004,-0.17550000000000163,1.5974999999999997,-0.4599999999999993,1.980000000000004
1024,10,specter,simcse,130,0.14923076923076936,0.10000000000000009,-0.9774999999999987,1.4774999999999985,-1.2999999999999985,2.200000000000002
1024,25,specter,simcse,130,0.2310769230769233,0.23999999999999994,-0.7599999999999996,1.0400000000000014,-1.16,2.2800000000000016
1024,50,specter,simcse,130,0.26538461538461516,0.2599999999999991,-0.4554999999999998,1.1199999999999988,-0.6200000000000039,1.4200000000000046
1024,10,specter2,scincl,130,0.4761538461538463,0.34999999999999754,-1.077500000000001,2.3000000000000007,-1.699999999999996,3.200000000000003
1024,25,specter2,scincl,130,0.5138461538461537,0.4399999999999987,-0.5510000000000016,2.1279999999999943,-1.1199999999999988,2.6400000000000032
1024,50,specter2,scincl,130,0.49753846153846204,0.39000000000000146,-0.35099999999999465,1.7529999999999966,-0.8399999999999963,2.679999999999999
1024,10,specter2,scibert,130,0.7692307692307694,0.6999999999999993,-0.49999999999999917,2.4000000000000017,-1.100000000000001,3.5000000000000004
1024,25,specter2,scibert,130,0.9443076923076921,0.8400000000000019,-0.29299999999999854,2.5109999999999992,-0.7199999999999984,3.3200000000000007
1024,50,specter2,scibert,130,1.0319999999999998,0.8500000000000008,-0.015500000000002593,2.5955000000000013,-0.11999999999999789,2.9799999999999995
1024,10,specter2,bert,130,0.6661538461538461,0.5499999999999992,-0.7550000000000007,2.654999999999998,-1.3000000000000012,3.1
1024,25,specter2,bert,130,0.8553846153846153,0.7800000000000016,-0.2709999999999979,2.4040000000000012,-0.4799999999999971,2.9200000000000004
1024,50,specter2,bert,130,0.9421538461538461,0.7799999999999974,0.02449999999999855,2.373,-0.2799999999999969,3.38
1024,10,specter2,mpnet,130,0.6,0.6000000000000005,-0.8775000000000007,2.1774999999999998,-1.2999999999999956,3.0000000000000027
1024,25,specter2,mpnet,130,0.6200000000000001,0.5799999999999972,-0.48000000000000137,2.1550000000000002,-1.8000000000000016,3.639999999999999
1024,50,specter2,mpnet,130,0.5113846153846153,0.40000000000000036,-0.5305000000000032,1.7574999999999932,-0.8599999999999997,2.400000000000002
1024,10,specter2,minilm,130,0.5784615384615387,0.6000000000000005,-1.0774999999999966,2.477499999999997,-1.3000000000000012,2.899999999999997
1024,25,specter2,minilm,130,0.6929230769230772,0.5800000000000027,-0.422000000000001,2.2000000000000006,-0.9200000000000041,3.079999999999999
1024,50,specter2,minilm,130,0.6403076923076925,0.539999999999996,-0.291,1.911,-1.0800000000000032,2.500000000000002
1024,10,specter2,pubmedbert,130,0.6661538461538463,0.6000000000000005,-0.7000000000000006,2.2774999999999985,-0.899999999999998,2.6999999999999997
1024,25,specter2,pubmedbert,130,0.8575384615384616,0.7599999999999996,-0.3510000000000045,2.634999999999997,-0.4400000000000015,3.2799999999999994
1024,50,specter2,pubmedbert,130,1.0603076923076922,0.8800000000000002,-0.011000000000003087,2.635499999999998,-0.10000000000000009,3.4400000000000013
1024,10,specter2,biobert,130,0.7446153846153845,0.7000000000000006,-0.5775000000000005,2.5000000000000018,-1.100000000000001,2.8
1024,25,specter2,biobert,130,0.8953846153846152,0.8799999999999975,-0.46200000000000213,2.5419999999999985,-0.9199999999999986,2.879999999999999
1024,50,specter2,biobert,130,1.0823076923076922,0.8800000000000002,0.009000000000000261,2.7129999999999996,-0.12000000000000344,3.300000000000003
1024,10,specter2,simcse,130,0.4053846153846154,0.30000000000000027,-0.7775000000000006,1.900000000000001,-1.3999999999999986,2.200000000000002
1024,25,specter2,simcse,130,0.6036923076923076,0.520000000000001,-0.6040000000000012,2.003999999999997,-1.0000000000000009,2.72
1024,50,specter2,simcse,130,0.6881538461538461,0.5899999999999989,-0.26650000000000207,2.130999999999998,-0.5000000000000004,3.1
1024,10,scincl,scibert,130,0.403076923076923,0.40000000000000036,-0.8774999999999965,1.9999999999999991,-1.8000000000000016,2.9999999999999973
1024,25,scincl,scibert,130,0.5566153846153847,0.5200000000000025,-0.43099999999999694,1.7329999999999988,-0.6400000000000017,1.880000000000004
1024,50,scincl,scibert,130,0.6115384615384614,0.5000000000000004,-0.17750000000000016,1.9130000000000011,-0.24000000000000132,2.2799999999999985
1024,10,scincl,bert,130,0.40615384615384614,0.30000000000000027,-0.7775000000000006,2.055,-1.799999999999999,2.4999999999999996
1024,25,scincl,bert,130,0.5461538461538461,0.520000000000001,-0.422000000000001,1.6529999999999976,-0.6400000000000017,2.2399999999999975
1024,50,scincl,bert,130,0.6926153846153844,0.6099999999999967,-0.09099999999999983,1.9154999999999993,-0.31999999999999806,2.2999999999999963
1024,10,scincl,mpnet,130,0.5238461538461543,0.5000000000000004,-1.0000000000000009,2.477499999999997,-1.4000000000000012,3.9999999999999982
1024,25,scincl,mpnet,130,0.3655384615384611,0.2799999999999969,-0.7949999999999987,1.8000000000000016,-1.200000000000001,4.560000000000003
1024,50,scincl,mpnet,130,0.3912307692307689,0.33999999999999586,-0.5374999999999963,1.5775000000000006,-0.759999999999994,2.72
1024,10,scincl,minilm,130,0.259230769230769,0.20000000000000018,-1.3775000000000013,2.2774999999999954,-1.7000000000000015,3.3999999999999977
1024,25,scincl,minilm,130,0.3516923076923073,0.33999999999999864,-0.6619999999999949,1.4710000000000016,-1.2800000000000034,2.52
1024,50,scincl,minilm,130,0.45200000000000057,0.3200000000000036,-0.370999999999998,1.739999999999997,-0.880000000000003,2.3599999999999954
1024,10,scincl,pubmedbert,130,0.5107692307692309,0.40000000000000036,-0.49999999999999983,2.077499999999999,-0.7000000000000006,3.0
1024,25,scincl,pubmedbert,130,0.5295384615384612,0.3799999999999998,-0.40000000000000036,1.781999999999996,-0.4400000000000015,2.32
1024,50,scincl,pubmedbert,130,0.679846153846154,0.5900000000000016,-0.05549999999999944,1.866499999999998,-0.2799999999999969,2.400000000000002
1024,10,scincl,biobert,130,0.45615384615384624,0.40000000000000036,-0.7550000000000007,1.955,-1.1999999999999984,3.0
1024,25,scincl,biobert,130,0.6153846153846154,0.5400000000000016,-0.39100000000000007,2.0529999999999977,-0.6799999999999973,2.5600000000000014
1024,50,scincl,biobert,130,0.7478461538461537,0.6000000000000005,-0.07100000000000203,2.2064999999999997,-0.3599999999999992,2.579999999999999
1024,10,scincl,simcse,130,0.27615384615384614,0.24999999999999883,-0.9774999999999987,1.6999999999999988,-1.4000000000000012,2.9000000000000026
1024,25,scincl,simcse,130,0.33692307692307677,0.31999999999999806,-0.741999999999999,1.36,-1.16,2.7599999999999985
1024,50,scincl,simcse,130,0.44938461538461516,0.32000000000000084,-0.16650000000000262,1.5354999999999972,-0.33999999999999586,1.9600000000000006
1024,10,scibert,bert,130,-0.36,-0.30000000000000027,-2.1324999999999976,0.9775,-2.399999999999997,1.7000000000000015
1024,25,scibert,bert,130,-0.3535384615384618,-0.2599999999999991,-1.5110000000000001,0.661999999999993,-1.9600000000000006,1.1199999999999988
1024,50,scibert,bert,130,-0.4336923076923082,-0.32999999999999696,-1.2864999999999915,0.3309999999999965,-2.52,0.539999999999996
1024,10,scibert,mpnet,130,0.20384615384615384,0.20000000000000018,-0.9999999999999997,1.577499999999998,-2.599999999999997,2.1999999999999966
1024,25,scibert,mpnet,130,0.3286153846153848,0.24000000000000132,-0.573000000000001,1.4219999999999968,-1.0000000000000009,2.1199999999999997
1024,50,scibert,mpnet,130,0.37830769230769223,0.30999999999999917,-0.3354999999999976,1.4000000000000012,-0.7199999999999984,1.5999999999999959
1024,10,scibert,minilm,130,0.133846153846154,0.050000000000000044,-0.9999999999999997,2.3324999999999956,-1.799999999999996,2.5999999999999996
1024,25,scibert,minilm,130,0.18646153846153776,0.20000000000000018,-0.7330000000000043,1.0710000000000026,-1.0000000000000009,1.9600000000000006
1024,50,scibert,minilm,130,0.20476923076923062,0.14000000000000123,-0.49100000000000016,1.1574999999999969,-0.6799999999999973,1.6199999999999992
1024,10,scibert,pubmedbert,130,-0.25384615384615417,-0.20000000000000018,-1.5775000000000015,1.0999999999999985,-2.0999999999999908,1.9000000000000017
1024,25,scibert,pubmedbert,130,-0.27169230769230757,-0.28000000000000247,-1.2800000000000034,0.7420000000000039,-1.8399999999999972,1.2400000000000078
1024,50,scibert,pubmedbert,130,-0.22292307692307706,-0.20000000000000018,-1.3729999999999931,0.44650000000000334,-1.7799999999999927,0.9000000000000008
1024,10,scibert,biobert,130,-0.256153846153846,-0.20000000000000018,-2.1550000000000007,1.4775000000000005,-4.399999999999999,1.6000000000000014
1024,25,scibert,biobert,130,-0.1818461538461534,-0.20000000000000018,-1.1109999999999984,0.8840000000000073,-1.4399999999999968,1.4800000000000035
1024,50,scibert,biobert,130,-0.1583076923076922,-0.15000000000000013,-1.2955000000000017,0.5600000000000024,-2.2199999999999998,1.1199999999999988
1024,10,scibert,simcse,130,-0.29153846153846136,-0.30000000000000027,-1.6000000000000014,1.0000000000000009,-3.299999999999997,1.5000000000000013
1024,25,scibert,simcse,130,-0.2827692307692307,-0.31999999999999806,-1.36,0.6620000000000016,-1.6400000000000026,1.4000000000000012
1024,50,scibert,simcse,130,-0.31661538461538474,-0.31999999999999806,-0.9910000000000007,0.3599999999999992,-1.479999999999998,0.6800000000000028
1024,10,bert,mpnet,130,0.3376923076923078,0.30000000000000027,-0.9549999999999986,1.9000000000000017,-1.2999999999999985,3.2
1024,25,bert,mpnet,130,0.3963076923076921,0.2799999999999969,-0.5329999999999998,1.7599999999999998,-0.8000000000000007,3.0000000000000027
1024,50,bert,mpnet,130,0.4686153846153844,0.40000000000000313,-0.36200000000000204,1.5574999999999972,-0.9000000000000008,2.2399999999999975
1024,10,bert,minilm,130,0.16692307692307687,0.10000000000000009,-1.2775000000000012,1.7000000000000008,-1.8000000000000016,2.5999999999999996
1024,25,bert,minilm,130,0.2310769230769229,0.20000000000000018,-0.7240000000000041,1.2800000000000034,-1.16,1.5600000000000003
1024,50,bert,minilm,130,0.2486153846153849,0.20000000000000018,-0.4754999999999976,1.0755000000000023,-0.9599999999999997,1.9999999999999962
1024,10,bert,pubmedbert,130,-0.4253846153846154,-0.3500000000000003,-2.077500000000002,1.154999999999995,-3.599999999999998,1.9000000000000017
1024,25,bert,pubmedbert,130,-0.4784615384615384,-0.3599999999999992,-1.901999999999999,0.736999999999999,-2.4799999999999986,1.3200000000000045
1024,50,bert,pubmedbert,130,-0.5779999999999994,-0.5199999999999982,-1.6619999999999946,0.15550000000000241,-2.2600000000000007,0.33999999999999586
1024,10,bert,biobert,130,-0.38461538461538486,-0.40000000000000036,-2.0549999999999975,1.177499999999996,-2.200000000000002,2.2999999999999963
1024,25,bert,biobert,130,-0.4575384615384616,-0.40000000000000036,-1.6129999999999975,0.391000000000001,-2.4799999999999986,0.5199999999999982
1024,50,bert,biobert,130,-0.5026153846153845,-0.4400000000000015,-1.7464999999999964,0.22000000000000228,-2.52,0.44000000000000705
1024,10,bert,simcse,130,-0.24153846153846162,-0.20000000000000018,-2.0775000000000006,1.177499999999996,-2.599999999999997,2.2999999999999963
1024,25,bert,simcse,130,-0.14953846153846154,-0.11999999999999789,-1.1019999999999983,0.6710000000000023,-1.2800000000000034,1.2800000000000034
1024,50,bert,simcse,130,-0.16338461538461532,-0.12000000000000066,-0.9555000000000002,0.4909999999999998,-1.319999999999999,0.6599999999999995
1024,10,mpnet,minilm,130,0.16000000000000014,0.15000000000000013,-1.3774999999999926,1.5000000000000013,-1.5999999999999903,3.099999999999997
1024,25,mpnet,minilm,130,0.19846153846153883,0.21999999999999797,-0.875000000000001,1.493000000000003,-1.4000000000000012,1.9199999999999995
1024,50,mpnet,minilm,130,0.17000000000000018,0.14000000000000679,-0.47549999999999454,1.0819999999999999,-1.1399999999999966,1.6799999999999926
1024,10,mpnet,pubmedbert,130,0.2707692307692308,0.2500000000000002,-1.1774999999999989,1.8000000000000016,-1.8000000000000016,2.2999999999999994
1024,25,mpnet,pubmedbert,130,0.3809230769230771,0.2799999999999969,-0.510999999999998,1.6749999999999976,-0.68,2.0400000000000027
1024,50,mpnet,pubmedbert,130,0.4666153846153848,0.39000000000000146,-0.2954999999999995,1.3755000000000026,-0.539999999999996,1.680000000000001
1024,10,mpnet,biobert,130,0.2761538461538461,0.2999999999999975,-0.7775000000000006,1.6000000000000014,-1.200000000000001,2.9
1024,25,mpnet,biobert,130,0.39261538461538453,0.33999999999999864,-0.45299999999999757,1.5819999999999965,-0.6799999999999973,2.400000000000002
1024,50,mpnet,biobert,130,0.5050769230769233,0.41999999999999815,-0.20000000000000018,1.6509999999999998,-0.599999999999995,1.8399999999999972
1024,10,mpnet,simcse,130,0.1730769230769231,0.10000000000000009,-0.9000000000000008,1.6775,-1.100000000000001,2.8
1024,25,mpnet,simcse,130,0.24369230769230743,0.21999999999999936,-0.741999999999999,1.403999999999999,-1.200000000000001,2.0399999999999974
1024,50,mpnet,simcse,130,0.272153846153846,0.24000000000000132,-0.49100000000000016,1.1509999999999994,-0.9399999999999964,1.6400000000000026
1024,10,minilm,pubmedbert,130,0.0076923076923076225,0.0,-1.4324999999999992,1.2774999999999996,-1.6000000000000014,1.6999999999999988
1024,25,minilm,pubmedbert,130,0.18123076923076936,0.16000000000000042,-0.661999999999998,1.3999999999999986,-1.36,1.5999999999999988
1024,50,minilm,pubmedbert,130,0.2478461538461536,0.19000000000000128,-0.5064999999999985,1.275499999999998,-0.7799999999999974,1.9400000000000028
1024,10,minilm,biobert,130,0.17153846153846158,0.1999999999999988,-0.9775000000000008,1.8000000000000016,-1.8000000000000016,2.100000000000002
1024,25,minilm,biobert,130,0.1769230769230771,0.16000000000000042,-0.8619999999999969,1.2709999999999984,-1.2800000000000034,1.7600000000000005
1024,50,minilm,biobert,130,0.29907692307692274,0.24000000000000132,-0.36650000000000155,1.1509999999999994,-0.6400000000000017,1.5600000000000003
1024,10,minilm,simcse,130,0.04307692307692309,0.0,-1.2000000000000004,1.6774999999999993,-2.300000000000002,2.200000000000002
1024,25,minilm,simcse,130,0.10338461538461562,0.08000000000000229,-0.9330000000000002,1.2479999999999953,-2.0400000000000027,1.4400000000000024
1024,50,minilm,simcse,130,0.1723076923076923,0.14000000000000123,-0.5355000000000009,0.9800000000000019,-0.8799999999999975,1.3400000000000023
1024,10,pubmedbert,biobert,130,-0.41384615384615375,-0.30000000000000027,-2.100000000000002,1.0775000000000001,-2.6999999999999913,1.5000000000000013
1024,25,pubmedbert,biobert,130,-0.33538461538461545,-0.27999999999999137,-1.860999999999996,0.6930000000000065,-2.9200000000000004,1.759999999999995
1024,50,pubmedbert,biobert,130,-0.3384615384615386,-0.30000000000000027,-1.5085000000000064,0.40199999999999697,-2.0999999999999908,0.660000000000005
1024,10,pubmedbert,simcse,130,-0.32230769230769246,-0.30000000000000027,-1.7325000000000015,0.8775,-2.099999999999999,1.799999999999996
1024,25,pubmedbert,simcse,130,-0.2646153846153844,-0.31999999999999806,-1.16,0.8000000000000007,-1.8399999999999972,1.4800000000000035
1024,50,pubmedbert,simcse,130,-0.35476923076923067,-0.3400000000000014,-1.1419999999999995,0.32649999999999685,-1.9400000000000028,0.6599999999999995
1024,10,biobert,simcse,130,-0.22076923076923072,-0.20000000000000018,-1.5000000000000013,0.9000000000000001,-2.2999999999999963,1.200000000000001
1024,25,biobert,simcse,130,-0.23784615384615418,-0.20000000000000018,-1.3730000000000018,0.6400000000000017,-1.5600000000000003,0.9599999999999997
1024,50,biobert,simcse,130,-0.3035384615384613,-0.30000000000000027,-1.1109999999999984,0.5664999999999981,-1.5999999999999959,0.7599999999999996
2048,10,specter,specter2,63,0.31904761904761925,0.20000000000000018,-1.0450000000000008,2.100000000000002,-1.200000000000001,2.500000000000002
2048,25,specter,specter2,63,0.34412698412698406,0.3200000000000036,-0.5960000000000004,1.5699999999999996,-0.6799999999999973,1.759999999999995
2048,50,specter,specter2,63,0.3704761904761904,0.31999999999999806,-0.29400000000000037,1.36,-0.38000000000000256,1.379999999999998
2048,10,specter,scincl,63,0.16507936507936496,0.20000000000000018,-1.2350000000000012,1.7449999999999957,-1.7000000000000015,1.8000000000000016
2048,25,specter,scincl,63,0.2412698412698421,0.24000000000000687,-0.6539999999999996,1.4319999999999984,-0.8400000000000074,1.8799999999999983
2048,50,specter,scincl,63,0.190476190476191,0.15999999999999903,-0.3469999999999976,0.8160000000000011,-0.41999999999999815,1.0800000000000032
2048,10,specter,scibert,63,0.22222222222222224,0.20000000000000018,-0.7900000000000007,1.445000000000001,-1.0000000000000009,2.0000000000000018
2048,25,specter,scibert,63,0.207619047619048,0.20000000000000018,-0.45799999999999796,0.8399999999999991,-0.8000000000000007,0.9199999999999986
2048,50,specter,scibert,63,0.3196825396825398,0.30000000000000027,-0.21999999999999797,0.8920000000000015,-0.3799999999999998,1.0599999999999998
2048,10,specter,bert,63,0.16507936507936502,0.10000000000000009,-0.6000000000000005,1.3450000000000009,-0.7000000000000006,1.4000000000000012
2048,25,specter,bert,63,0.1961904761904761,0.20000000000000018,-0.3999999999999988,1.0099999999999978,-0.9599999999999997,1.3200000000000016
2048,50,specter,bert,63,0.3453968253968257,0.3599999999999992,-0.29000000000000026,1.0010000000000003,-0.4799999999999971,1.200000000000001
2048,10,specter,mpnet,63,0.12539682539682523,0.10000000000000009,-1.199999999999998,1.7999999999999985,-1.4999999999999958,1.8999999999999961
2048,25,specter,mpnet,63,0.22539682539682557,0.31999999999999806,-0.7199999999999984,0.9739999999999971,-1.36,1.16
2048,50,specter,mpnet,63,0.17714285714285577,0.17999999999999683,-0.27799999999999964,0.5690000000000008,-0.37999999999999146,0.7399999999999962
2048,10,specter,minilm,63,0.16031746031746025,0.10000000000000009,-0.9899999999999978,1.4900000000000004,-1.200000000000001,2.4999999999999964
2048,25,specter,minilm,63,0.1447619047619045,0.23999999999999577,-0.7200000000000009,1.0760000000000027,-1.1199999999999988,1.36
2048,50,specter,minilm,63,0.1307936507936505,0.08000000000000229,-0.3089999999999993,0.7340000000000013,-0.3599999999999992,0.8399999999999963
2048,10,specter,pubmedbert,63,0.23968253968253977,0.20000000000000018,-0.6900000000000006,1.489999999999999,-0.8000000000000007,2.099999999999999
2048,25,specter,pubmedbert,63,0.281904761904762,0.28000000000000247,-0.4939999999999975,1.0540000000000007,-0.9199999999999986,1.6399999999999997
2048,50,specter,pubmedbert,63,0.3853968253968256,0.33999999999999586,-0.1089999999999991,0.9559999999999993,-0.15999999999999903,1.2800000000000007
2048,10,specter,biobert,63,0.25555555555555554,0.20000000000000018,-0.8449999999999995,1.3450000000000009,-0.9000000000000008,2.3999999999999995
2048,25,specter,biobert,63,0.32698412698412715,0.32000000000000084,-0.41000000000000064,0.9740000000000002,-0.7200000000000012,1.1199999999999988
2048,50,specter,biobert,63,0.42476190476190545,0.42000000000000093,-0.30000000000000027,1.1519999999999966,-0.3999999999999948,1.6199999999999992
2048,10,specter,simcse,63,0.2555555555555556,0.10000000000000009,-0.599999999999999,1.679999999999997,-0.6000000000000005,2.099999999999999
2048,25,specter,simcse,63,0.17650793650793647,0.15999999999999903,-0.31999999999999806,0.7779999999999974,-0.3599999999999992,0.8399999999999991
2048,50,specter,simcse,63,0.21428571428571405,0.17999999999999683,-0.3359999999999988,0.9859999999999971,-0.4399999999999987,1.2599999999999971
2048,10,specter2,scincl,63,0.33968253968253953,0.30000000000000027,-1.245000000000001,1.9999999999999987,-1.5000000000000013,3.6999999999999975
2048,25,specter2,scincl,63,0.3815873015873014,0.3200000000000036,-0.5519999999999992,1.8979999999999986,-0.9200000000000041,2.0799999999999983
2048,50,specter2,scincl,63,0.4292063492063494,0.43999999999999595,-0.3630000000000008,1.3560000000000028,-0.7800000000000029,1.8999999999999961
2048,10,specter2,scibert,63,0.48095238095238074,0.49999999999999767,-0.8000000000000007,1.8699999999999979,-0.899999999999998,2.200000000000002
2048,25,specter2,scibert,63,0.6533333333333335,0.5199999999999982,-0.15599999999999892,1.756,-0.2799999999999997,2.0799999999999983
2048,50,specter2,scibert,63,0.8050793650793651,0.6800000000000028,0.0840000000000024,2.234,0.019999999999997797,2.400000000000002
2048,10,specter2,bert,63,0.46349206349206384,0.40000000000000036,-0.4450000000000004,1.5999999999999999,-0.5000000000000004,1.799999999999999
2048,25,specter2,bert,63,0.5669841269841269,0.40000000000000036,-0.23599999999999996,1.614,-0.32000000000000084,2.04
2048,50,specter2,bert,63,0.7107936507936505,0.58,-0.05800000000000166,2.027000000000001,-0.32000000000000084,2.100000000000002
2048,10,specter2,mpnet,63,0.342857142857143,0.30000000000000027,-0.9000000000000008,1.9899999999999982,-1.0000000000000009,2.100000000000002
2048,25,specter2,mpnet,63,0.4736507936507935,0.40000000000000036,-0.7260000000000016,1.8719999999999974,-0.880000000000003,2.4399999999999977
2048,50,specter2,mpnet,63,0.5298412698412693,0.5199999999999982,-0.2160000000000009,1.6779999999999982,-0.4400000000000015,1.8000000000000016
2048,10,specter2,minilm,63,0.3825396825396822,0.40000000000000036,-0.8000000000000007,1.8699999999999968,-1.0000000000000009,2.6000000000000023
2048,25,specter2,minilm,63,0.527619047619048,0.48000000000000265,-0.5339999999999986,1.6639999999999995,-0.6000000000000005,2.0399999999999974
2048,50,specter2,minilm,63,0.5730158730158729,0.599999999999995,-0.2350000000000002,1.4789999999999985,-0.40000000000000036,1.7799999999999983
2048,10,specter2,pubmedbert,63,0.5888888888888888,0.5000000000000004,-0.3350000000000003,2.090000000000001,-1.1999999999999984,2.5999999999999996
2048,25,specter2,pubmedbert,63,0.6203174603174605,0.5200000000000038,-0.2799999999999997,1.654,-0.40000000000000036,2.160000000000001
2048,50,specter2,pubmedbert,63,0.7361904761904763,0.6199999999999983,0.0,1.6890000000000012,-0.18000000000000238,2.099999999999996
2048,10,specter2,biobert,63,0.5523809523809523,0.30000000000000027,-0.40000000000000036,2.1899999999999995,-0.6999999999999978,2.5999999999999996
2048,25,specter2,biobert,63,0.7212698412698414,0.6000000000000005,-0.17800000000000107,1.955999999999999,-0.3599999999999992,2.4799999999999986
2048,50,specter2,biobert,63,0.8212698412698409,0.7400000000000018,0.012999999999996074,2.078999999999999,-0.060000000000004494,2.460000000000001
2048,10,specter2,simcse,63,0.3492063492063492,0.30000000000000027,-0.49000000000000044,1.3349999999999986,-0.6000000000000005,1.899999999999999
2048,25,specter2,simcse,63,0.4539682539682541,0.40000000000000036,-0.17799999999999983,1.1479999999999988,-0.20000000000000018,1.36
2048,50,specter2,simcse,63,0.5698412698412698,0.47999999999999987,-0.049000000000001404,1.435999999999998,-0.10000000000000009,1.5000000000000013
2048,10,scincl,scibert,63,0.29523809523809524,0.20000000000000018,-0.6899999999999978,1.3899999999999977,-0.8000000000000007,2.5999999999999996
2048,25,scincl,scibert,63,0.3796825396825396,0.3599999999999992,-0.2399999999999998,1.319999999999999,-0.31999999999999806,1.4000000000000012
2048,50,scincl,scibert,63,0.48285714285714304,0.41999999999999815,-0.009000000000000256,1.423,-0.05999999999999894,1.7199999999999993
2048,10,scincl,bert,63,0.24126984126984127,0.20000000000000018,-0.5450000000000005,1.3900000000000003,-0.7000000000000006,1.6000000000000014
2048,25,scincl,bert,63,0.3739682539682539,0.2799999999999997,-0.16000000000000028,1.4499999999999993,-0.20000000000000018,1.8399999999999999
2048,50,scincl,bert,63,0.47809523809523796,0.40000000000000036,-0.0689999999999992,1.4180000000000001,-0.08000000000000229,1.579999999999998
2048,10,scincl,mpnet,63,0.3079365079365079,0.30000000000000027,-1.325000000000001,2.100000000000002,-2.0000000000000018,2.200000000000002
2048,25,scincl,mpnet,63,0.32190476190476275,0.23999999999999577,-0.40000000000000036,1.551999999999997,-0.48000000000000265,1.9600000000000006
2048,50,scincl,mpnet,63,0.27015873015873054,0.21999999999999797,-0.3469999999999976,1.1319999999999972,-0.5000000000000004,1.5199999999999991
2048,10,scincl,minilm,63,0.3730158730158729,0.30000000000000027,-0.6800000000000006,1.5999999999999983,-1.0000000000000009,2.300000000000002
2048,25,scincl,minilm,63,0.32761904761904836,0.28000000000000247,-0.5559999999999993,1.4980000000000038,-0.6000000000000005,1.6000000000000014
2048,50,scincl,minilm,63,0.28095238095238,0.20000000000000018,-0.29799999999999993,1.1230000000000029,-0.38000000000000256,1.8399999999999972
2048,10,scincl,pubmedbert,63,0.3428571428571427,0.20000000000000018,-0.6900000000000006,1.6449999999999996,-0.899999999999998,2.1999999999999993
2048,25,scincl,pubmedbert,63,0.35936507936507917,0.2799999999999997,-0.29799999999999865,1.2139999999999984,-0.68,1.2800000000000007
2048,50,scincl,pubmedbert,63,0.5095238095238094,0.4599999999999993,-0.08700000000000097,1.4049999999999998,-0.21999999999999797,1.5199999999999991
2048,10,scincl,biobert,63,0.35396825396825365,0.20000000000000018,-0.5000000000000004,1.9899999999999998,-0.6000000000000005,2.099999999999999
2048,25,scincl,biobert,63,0.46031746031746074,0.4400000000000015,-0.23999999999999855,1.3520000000000008,-0.40000000000000036,1.5999999999999988
2048,50,scincl,biobert,63,0.539047619047619,0.539999999999996,-0.049000000000000155,1.3360000000000007,-0.15999999999999903,1.6799999999999982
2048,10,scincl,simcse,63,0.3,0.30000000000000027,-0.5450000000000005,1.3999999999999997,-0.9000000000000008,1.4000000000000012
2048,25,scincl,simcse,63,0.32761904761904775,0.24000000000000132,-0.2360000000000012,1.067999999999998,-0.40000000000000036,1.200000000000001
2048,50,scincl,simcse,63,0.34444444444444444,0.30000000000000027,-0.08899999999999825,1.1159999999999985,-0.28000000000000247,1.16
2048,10,scibert,bert,63,-0.2952380952380954,-0.30000000000000027,-1.6250000000000013,0.6450000000000001,-2.4999999999999964,1.1999999999999955
2048,25,scibert,bert,63,-0.25587301587301625,-0.23999999999999577,-1.462000000000001,0.6759999999999968,-1.9600000000000006,0.8000000000000007
2048,50,scibert,bert,63,-0.275238095238096,-0.22000000000000353,-1.2230000000000005,0.31999999999999806,-1.4399999999999968,0.3599999999999992
2048,10,scibert,mpnet,63,0.20317460317460329,0.10000000000000009,-0.7350000000000007,1.9049999999999967,-1.0000000000000009,3.0
2048,25,scibert,mpnet,63,0.2507936507936509,0.20000000000000018,-0.5559999999999993,1.1659999999999964,-0.6400000000000017,2.400000000000002
2048,50,scibert,mpnet,63,0.3209523809523806,0.30000000000000027,-0.1890000000000014,0.8719999999999996,-0.22000000000000353,1.419999999999999
2048,10,scibert,minilm,63,0.1301587301587303,0.0,-0.644999999999999,1.4349999999999987,-1.4999999999999987,1.8000000000000016
2048,25,scibert,minilm,63,0.10984126984127013,0.11999999999999789,-0.493999999999999,0.7779999999999999,-0.7199999999999984,1.2800000000000034
2048,50,scibert,minilm,63,0.15492063492063504,0.14000000000000123,-0.30499999999999916,0.7359999999999958,-0.38000000000000256,0.8200000000000041
2048,10,scibert,pubmedbert,63,-0.17460317460317473,-0.10000000000000009,-1.5350000000000015,1.3699999999999906,-2.100000000000002,1.9000000000000017
2048,25,scibert,pubmedbert,63,-0.25079365079365,-0.12000000000000344,-1.2759999999999951,0.450000000000004,-1.5599999999999947,0.9199999999999986
2048,50,scibert,pubmedbert,63,-0.22444444444444334,-0.20000000000000018,-0.804999999999994,0.26000000000000467,-1.2399999999999967,0.6399999999999961
2048,10,scibert,biobert,63,-0.15555555555555559,-0.20000000000000018,-1.4800000000000013,1.3900000000000003,-2.100000000000002,2.599999999999997
2048,25,scibert,biobert,63,-0.1904761904761902,-0.20000000000000018,-1.1480000000000026,0.5960000000000025,-1.7199999999999938,1.0399999999999965
2048,50,scibert,biobert,63,-0.1476190476190479,-0.08000000000000229,-0.9400000000000044,0.5180000000000063,-1.1399999999999966,0.660000000000005
2048,10,scibert,simcse,63,-0.126984126984127,-0.10000000000000009,-1.2449999999999999,0.9999999999999981,-1.5999999999999988,1.0000000000000009
2048,25,scibert,simcse,63,-0.12063492063492057,-0.11999999999999789,-0.9960000000000023,0.5559999999999964,-1.1199999999999988,1.0799999999999976
2048,50,scibert,simcse,63,-0.19111111111111098,-0.15999999999999903,-0.7299999999999992,0.2690000000000005,-1.4600000000000002,0.4799999999999971
2048,10,bert,mpnet,63,0.1476190476190476,0.20000000000000018,-1.1449999999999998,1.200000000000001,-1.4000000000000012,1.5000000000000013
2048,25,bert,mpnet,63,0.2634920634920631,0.20000000000000018,-0.4359999999999989,1.2179999999999989,-0.48000000000000265,1.2800000000000007
2048,50,bert,mpnet,63,0.3628571428571432,0.30000000000000027,-0.2399999999999998,1.2290000000000034,-0.24000000000000132,1.7199999999999993
2048,10,bert,minilm,63,0.006349206349206355,0.0,-0.7450000000000007,0.7899999999999986,-1.200000000000001,1.200000000000001
2048,25,bert,minilm,63,0.07301587301587284,0.08000000000000229,-0.458000000000002,0.6599999999999984,-0.7599999999999996,1.6000000000000014
2048,50,bert,minilm,63,0.1580952380952383,0.11999999999999789,-0.38500000000000145,0.945999999999999,-0.7199999999999984,1.2400000000000022
2048,10,bert,pubmedbert,63,-0.33015873015873,-0.30000000000000027,-1.4900000000000013,0.6000000000000005,-1.9999999999999962,0.6999999999999951
2048,25,bert,pubmedbert,63,-0.3009523809523807,-0.24000000000000132,-1.246,0.3200000000000036,-1.4400000000000024,0.40000000000000036
2048,50,bert,pubmedbert,63,-0.38634920634920605,-0.30000000000000027,-1.4889999999999994,0.24099999999999933,-1.6000000000000014,0.3400000000000014
2048,10,bert,biobert,63,-0.26825396825396847,-0.30000000000000027,-1.200000000000001,1.0000000000000009,-1.3000000000000012,1.0000000000000009
2048,25,bert,biobert,63,-0.31936507936507896,-0.28000000000000247,-1.1379999999999992,0.4400000000000015,-1.7600000000000005,1.0000000000000009
2048,50,bert,biobert,63,-0.3774603174603176,-0.2799999999999969,-1.2049999999999998,0.24900000000000025,-1.7000000000000015,0.30000000000000027
2048,10,bert,simcse,63,-0.2000000000000001,-0.20000000000000018,-1.5900000000000014,0.9450000000000004,-2.8000000000000025,1.100000000000001
2048,25,bert,simcse,63,-0.2603174603174604,-0.23999999999999577,-1.1959999999999984,0.6500000000000011,-1.7200000000000049,1.1999999999999955
2048,50,bert,simcse,63,-0.14825396825396805,-0.18000000000000238,-0.7069999999999967,0.4689999999999982,-0.7599999999999996,0.5000000000000004
2048,10,mpnet,minilm,63,0.1809523809523809,0.10000000000000009,-1.145000000000001,1.6450000000000011,-2.100000000000002,3.200000000000003
2048,25,mpnet,minilm,63,0.21523809523809537,0.20000000000000018,-0.48000000000000265,0.9780000000000031,-0.6400000000000072,1.0000000000000009
2048,50,mpnet,minilm,63,0.15206349206349118,0.11999999999999789,-0.37200000000000233,0.8570000000000033,-0.48000000000000265,1.4399999999999968
2048,10,mpnet,pubmedbert,63,0.2031746031746031,0.10000000000000009,-0.5900000000000005,1.3899999999999997,-0.8000000000000007,1.899999999999999
2048,25,mpnet,pubmedbert,63,0.24507936507936498,0.2799999999999997,-0.2940000000000001,1.0019999999999984,-0.4799999999999971,1.680000000000001
2048,50,mpnet,pubmedbert,63,0.33142857142857124,0.26000000000000467,-0.1180000000000006,1.1889999999999992,-0.26000000000000467,1.319999999999999
2048,10,mpnet,biobert,63,0.22857142857142848,0.20000000000000018,-0.7999999999999992,1.3999999999999997,-1.0000000000000009,2.8
2048,25,mpnet,biobert,63,0.32634920634920633,0.28000000000000247,-0.27599999999999986,1.0859999999999972,-0.3200000000000036,1.2799999999999978
2048,50,mpnet,biobert,63,0.38444444444444464,0.31999999999999806,-0.12499999999999678,0.9559999999999983,-0.20000000000000018,1.3800000000000008
2048,10,mpnet,simcse,63,0.17777777777777784,0.10000000000000009,-0.9450000000000008,1.9349999999999992,-1.799999999999999,2.100000000000002
2048,25,mpnet,simcse,63,0.18984126984126984,0.15999999999999903,-0.511999999999998,0.8679999999999991,-0.8000000000000007,1.16
2048,50,mpnet,simcse,63,0.20412698412698413,0.14000000000000123,-0.2399999999999998,1.0980000000000005,-0.6199999999999983,1.36
2048,10,minilm,pubmedbert,63,0.07460317460317437,0.0,-0.7000000000000006,0.8449999999999991,-0.8000000000000007,0.9000000000000008
2048,25,minilm,pubmedbert,63,0.11809523809523817,0.11999999999999789,-0.529999999999999,0.7779999999999999,-0.68,0.9599999999999997
2048,50,minilm,pubmedbert,63,0.19015873015873014,0.14000000000000123,-0.2690000000000006,0.881000000000001,-0.5199999999999982,1.0000000000000009
2048,10,minilm,biobert,63,0.0603174603174602,0.0,-1.1249999999999998,1.3449999999999982,-1.799999999999999,1.9000000000000017
2048,25,minilm,biobert,63,0.15365079365079362,0.20000000000000018,-0.5600000000000006,0.8979999999999994,-0.6400000000000017,1.2399999999999993
2048,50,minilm,biobert,63,0.25936507936507974,0.20000000000000018,-0.26700000000000085,1.0960000000000005,-0.40000000000000036,1.200000000000001
2048,10,minilm,simcse,63,0.09365079365079343,0.0,-0.7449999999999994,1.1900000000000002,-0.8000000000000007,1.4000000000000012
2048,25,minilm,simcse,63,0.09079365079365055,0.07999999999999674,-0.4980000000000004,0.7739999999999995,-0.6000000000000005,0.8799999999999975
2048,50,minilm,simcse,63,0.055555555555555754,0.02000000000000335,-0.4450000000000004,0.5269999999999997,-0.5599999999999994,0.7999999999999952
2048,10,pubmedbert,biobert,63,-0.18888888888888905,-0.10000000000000009,-1.3899999999999957,0.6899999999999997,-2.100000000000002,1.0999999999999899
2048,25,pubmedbert,biobert,63,-0.31809523809523876,-0.20000000000000018,-1.2680000000000036,0.2760000000000026,-1.4399999999999968,0.8000000000000007
2048,50,pubmedbert,biobert,63,-0.2777777777777775,-0.23999999999999577,-1.1249999999999971,0.31999999999999806,-1.6599999999999948,0.35999999999999366
2048,10,pubmedbert,simcse,63,-0.1412698412698412,0.0,-1.100000000000001,0.8000000000000007,-1.5999999999999988,0.9000000000000008
2048,25,pubmedbert,simcse,63,-0.15492063492063488,-0.15999999999999903,-0.7559999999999995,0.4539999999999989,-0.9599999999999997,0.5199999999999982
2048,50,pubmedbert,simcse,63,-0.18984126984126976,-0.15999999999999903,-0.7579999999999967,0.3690000000000006,-1.419999999999999,0.7000000000000006
2048,10,biobert,simcse,63,-0.24126984126984125,-0.30000000000000027,-1.345,0.7899999999999986,-1.5000000000000013,1.100000000000001
2048,25,biobert,simcse,63,-0.21269841269841241,-0.15999999999999903,-0.9740000000000001,0.39600000000000296,-1.16,0.4799999999999971
2048,50,biobert,simcse,63,-0.27238095238095245,-0.26000000000000467,-0.8029999999999998,0.2249999999999995,-1.3800000000000034,0.28000000000000247
