scope,k,field_id,n,mean,median,p025,p975,min,max
all,10,11,225,0.5926744081228478,0.4679691049522927,0.08100904742695758,1.601618409259471,0.05148005148005175,1.8718764198091793
all,25,11,225,0.7772332625301638,0.6283954074488951,0.10509959853243545,2.215014965958614,0.06048906048905511,2.50795093139482
all,50,11,225,0.9228532959351254,0.7651741293532355,0.13468225196032302,2.5284087757182228,0.09234234234234417,2.985915492957747
1024,10,11,225,0.1555555555555555,0.20000000000000018,-1.140000000000001,1.4000000000000012,-1.8000000000000016,1.5000000000000013
1024,25,11,225,0.27964444444444425,0.20000000000000018,-0.7199999999999984,1.6159999999999999,-1.1999999999999955,2.679999999999999
1024,50,11,225,0.32515555555555514,0.21999999999999797,-0.6279999999999997,1.6959999999999988,-0.940000000000002,2.300000000000002
2048,10,11,180,0.2833333333333333,0.30000000000000027,-1.100000000000001,1.8000000000000003,-2.4999999999999964,2.500000000000002
2048,25,11,180,0.2897777777777777,0.24000000000000132,-0.740999999999999,1.6839999999999988,-1.0800000000000032,2.4399999999999977
2048,50,11,180,0.282666666666667,0.24000000000000132,-0.7210000000000012,1.7859999999999996,-0.8599999999999941,2.300000000000002
all,10,12,225,1.0339987573679557,0.8664459161147886,0.1140048455818865,2.384038742019511,0.02013422818791799,2.9877656149388283
all,25,12,225,1.4030682643579389,1.1324503311258283,0.14582750842407233,3.2483370325470866,0.04149377593360981,4.0901481004507385
all,50,12,225,1.7824602678313062,1.4630705394190868,0.2081498172625107,4.1573728267868635,0.13691275167785344,4.645202833226014
1024,10,12,225,0.4542222222222221,0.40000000000000036,-1.7800000000000016,2.6400000000000015,-3.599999999999998,3.200000000000003
1024,25,12,225,0.5086222222222223,0.5200000000000038,-1.7520000000000002,2.5599999999999996,-2.9200000000000004,3.3200000000000007
1024,50,12,225,0.5462222222222223,0.6000000000000005,-1.4999999999999991,2.748000000000001,-2.52,3.4400000000000013
2048,10,12,90,0.19111111111111106,0.20000000000000018,-1.155000000000001,1.3775000000000004,-1.2999999999999985,1.5000000000000013
2048,25,12,90,0.34800000000000025,0.4600000000000021,-0.8529999999999979,1.434999999999997,-1.0799999999999976,1.5200000000000047
2048,50,12,90,0.3924444444444442,0.4400000000000001,-0.7264999999999977,1.341999999999999,-1.0399999999999965,1.5399999999999996
all,10,13,225,0.40882646873509254,0.35834896810506556,0.03585536311151549,1.054837686729964,0.010235414534287557,1.2798092209856922
all,25,13,225,0.4533189947489395,0.40525328330206223,0.05357438030023198,1.1459532672289583,0.021013133208258594,1.6120826709062008
all,50,13,225,0.4842631933658519,0.4101748807631256,0.06776735459662286,1.313377388728204,0.04557885141294182,1.7702702702702688
1024,10,13,225,0.20355555555555557,0.10000000000000009,-1.100000000000001,2.0,-1.6000000000000014,2.4999999999999964
1024,25,13,225,0.24853333333333338,0.20000000000000018,-0.6560000000000055,1.408,-0.8399999999999963,2.2399999999999975
1024,50,13,225,0.2176888888888886,0.13999999999999568,-0.6680000000000008,1.3480000000000016,-0.9599999999999997,2.1399999999999975
2048,10,13,225,0.30933333333333335,0.2999999999999975,-0.9000000000000008,1.8400000000000023,-1.4999999999999987,2.300000000000002
2048,25,13,225,0.27502222222222233,0.20000000000000018,-0.4960000000000031,1.3759999999999997,-1.16,2.0799999999999983
2048,50,13,225,0.21795555555555554,0.18000000000000238,-0.5759999999999998,1.1760000000000006,-0.7599999999999996,1.8799999999999983
all,10,14,225,0.7055973544354046,0.6105263157894725,0.05483870967741944,1.6973715460989427,0.012096774193548487,2.5614877024595084
all,25,14,225,0.8808587599162728,0.7743440233236143,0.08117302052785824,2.1037900874635564,0.0299586776859484,2.872225554889021
all,50,14,225,1.0928406909673438,0.9368421052631581,0.09465609170887569,2.5415743440233243,0.05371900826446341,3.5980803839232163
1024,10,14,225,0.24044444444444452,0.2999999999999975,-1.5400000000000014,2.080000000000003,-1.9000000000000017,3.2
1024,25,14,225,0.4901333333333332,0.40000000000000036,-1.0000000000000009,2.248000000000003,-1.7600000000000005,3.2799999999999994
1024,50,14,225,0.48737777777777774,0.3999999999999948,-0.9480000000000011,1.8640000000000017,-1.7000000000000015,2.639999999999998
2048,10,14,90,0.019999999999999955,0.0,-0.8000000000000007,0.9774999999999957,-1.0000000000000009,1.4000000000000012
2048,25,14,90,0.18844444444444466,0.20000000000000018,-0.422000000000001,0.8529999999999982,-0.7999999999999952,1.200000000000001
2048,50,14,90,0.1219999999999999,0.14000000000000123,-0.3200000000000036,0.5554999999999997,-0.43999999999999595,0.7000000000000006
all,10,15,225,0.5584824853664145,0.4992511233150282,0.0,1.3511742217367566,-0.06316812439261521,1.796832332058984
all,25,15,225,0.763000735630148,0.6549222797927468,0.098736637512149,1.8167121791370822,0.054421768707485496,2.3069361004915354
all,50,15,225,0.9288906740195532,0.7968047928107846,0.1344995140913552,2.044347351174221,0.07871720116617853,2.5636264336428183
1024,10,15,225,-0.01911111111111126,0.0,-1.9800000000000018,1.6999999999999982,-2.500000000000002,2.0000000000000018
1024,25,15,225,0.06577777777777763,0.11999999999999789,-1.0159999999999991,1.2399999999999989,-1.8399999999999972,1.8000000000000016
1024,50,15,225,0.034311111111111514,0.0200000000000089,-0.915999999999999,1.0679999999999992,-1.16,1.4600000000000002
2048,10,15,45,0.07555555555555574,0.0,-0.7900000000000007,0.8900000000000007,-0.8000000000000007,1.200000000000001
2048,25,15,45,0.13511111111111174,0.12000000000000066,-0.3159999999999985,0.7920000000000006,-0.3200000000000036,0.9599999999999997
2048,50,15,45,0.031999999999999924,0.0,-0.4159999999999986,0.47800000000000226,-0.41999999999999815,0.539999999999996
all,10,16,225,1.2153845955493787,1.2362796071634903,0.4464285714285715,2.270237370663421,0.3413865546218475,2.6232501521606775
all,25,16,225,1.5946271959536473,1.5313451004260488,0.6920168067226856,2.648326232501521,0.5525210084033616,2.965307364576994
all,50,16,225,2.022292379345724,2.071819841752892,0.9292016806722692,3.1600231080300425,0.764705882352934,3.4449178332318917
1024,10,16,225,0.28933333333333333,0.20000000000000018,-1.4400000000000013,2.14,-2.399999999999997,3.200000000000003
1024,25,16,225,0.6389333333333336,0.6399999999999961,-1.0159999999999991,2.1920000000000046,-2.1199999999999997,3.639999999999999
1024,50,16,225,0.8095999999999999,0.8799999999999975,-0.9799999999999998,2.3400000000000025,-1.5999999999999959,2.679999999999999
all,10,17,225,0.8004171709471566,0.7414863277973499,0.08132814962698522,1.9212598425196854,0.02101502574340941,2.3897637795275593
all,25,17,225,0.9653664599398722,0.8971649052172459,0.10667227067353181,2.303622047244095,0.06346537774508665,2.8456692913385817
all,50,17,225,1.1084647058293486,0.989431303472571,0.12646842492382074,2.754173228346457,0.07103078701271581,3.144881889763779
1024,10,17,225,0.2075555555555554,0.20000000000000018,-1.6400000000000015,1.8800000000000028,-2.2999999999999963,2.9999999999999973
1024,25,17,225,0.1813333333333333,0.16000000000000458,-1.272000000000001,1.2960000000000007,-1.7199999999999993,2.2799999999999985
1024,50,17,225,0.13280000000000022,0.15999999999999903,-1.407999999999996,1.2359999999999995,-1.9400000000000028,1.9600000000000006
2048,10,17,225,0.3377777777777778,0.20000000000000018,-1.34,2.1399999999999997,-2.100000000000002,3.0
2048,25,17,225,0.4167111111111112,0.3599999999999992,-0.8400000000000019,1.7359999999999978,-1.1199999999999988,2.400000000000002
2048,50,17,225,0.36239999999999967,0.38000000000000256,-0.9040000000000026,1.5080000000000007,-1.6000000000000014,2.400000000000002
all,10,18,225,0.7424456482336014,0.6723963599595539,0.019926941116038543,1.8552556002297536,-0.019483682415971648,2.1424468696151666
all,25,18,225,0.8951365543509111,0.8305274971941667,0.1163556057696502,2.089373923032737,0.0584510472479316,2.763928776565189
all,50,18,225,1.0132856527017715,0.9585439838220411,0.10131514856307255,2.444572085008616,0.04578665367754309,3.0695002871912678
1024,10,18,225,0.4191111111111112,0.30000000000000027,-1.2999999999999978,2.3400000000000016,-2.100000000000002,2.9000000000000026
1024,25,18,225,0.35999999999999976,0.28000000000000247,-1.0000000000000009,1.8800000000000006,-1.479999999999998,2.5600000000000014
1024,50,18,225,0.27022222222222214,0.25999999999999357,-0.9000000000000008,1.4720000000000026,-1.5600000000000003,2.2199999999999998
2048,10,18,45,-0.062222222222221846,0.0,-1.080000000000001,0.9800000000000005,-1.100000000000001,1.100000000000001
2048,25,18,45,-0.07822222222222225,-0.040000000000001146,-0.5599999999999994,0.476,-1.1199999999999988,0.5200000000000038
2048,50,18,45,-0.11555555555555605,-0.13999999999999568,-0.5600000000000044,0.4480000000000038,-0.7199999999999984,0.6799999999999917
all,10,19,225,0.6082335567460195,0.5732152162584686,0.04896783485357826,1.2939747518399205,-0.03360537686029619,1.6399572649572647
all,25,19,225,0.7325359292344448,0.7566440854611778,0.07615574862825936,1.513638838750817,0.03173029251363757,1.9829059829059859
all,50,19,225,0.8721238702278068,0.8792735042735034,0.10930366012751769,1.8624547493188148,0.05664906385021151,2.5288461538461537
1024,10,19,225,0.1742222222222222,0.10000000000000009,-1.2399999999999989,2.099999999999996,-2.1999999999999966,2.8
1024,25,19,225,0.2540444444444444,0.20000000000000018,-0.9920000000000007,1.6480000000000012,-1.4399999999999968,2.24
1024,50,19,225,0.24231111111111128,0.21999999999999797,-1.1919999999999953,1.8039999999999983,-1.6000000000000014,2.2799999999999985
2048,10,19,45,-0.14444444444444451,0.10000000000000009,-1.6800000000000015,0.7900000000000006,-1.7000000000000015,0.8000000000000007
2048,25,19,45,-0.056888888888888794,-0.039999999999995595,-0.7600000000000046,0.7159999999999982,-0.8399999999999963,0.880000000000003
2048,50,19,45,0.09911111111111046,0.14000000000000123,-0.5740000000000028,0.8139999999999985,-0.660000000000005,0.8799999999999975
all,10,20,225,0.8766194500115518,0.763888888888889,0.08215085884988761,2.23919478981646,0.0,2.5103611604499725
all,25,20,225,1.079540157400291,0.9568181818181809,0.0869195258202149,2.606986382474838,0.04042445679636186,3.272942569567791
all,50,20,225,1.2459678971295902,1.1410256410256392,0.1238914502198396,3.0056818181818175,0.02912621359223433,4.157489638839546
1024,10,20,225,0.1582222222222222,0.20000000000000018,-1.28,2.04,-2.599999999999997,3.5000000000000004
1024,25,20,225,0.35928888888888927,0.24000000000000132,-0.9599999999999997,2.0160000000000005,-1.5199999999999991,2.4799999999999986
1024,50,20,225,0.4079111111111109,0.35999999999999366,-0.7999999999999963,2.080000000000003,-1.2800000000000034,2.9600000000000017
2048,10,20,45,0.282222222222222,0.40000000000000036,-0.8000000000000007,1.4700000000000004,-0.9000000000000008,1.6000000000000014
2048,25,20,45,0.19822222222222158,0.31999999999999806,-0.9080000000000038,1.0280000000000016,-0.9600000000000025,1.0800000000000005
2048,50,20,45,0.10799999999999978,0.18000000000000238,-0.5980000000000002,0.6699999999999974,-0.7400000000000018,0.7999999999999952
all,10,21,225,0.8351564181868518,0.770456960680127,0.023866348448686736,2.1386363636363637,-0.05442850074220962,2.6172106824925794
all,25,21,225,1.1308682276358824,1.047821466524973,0.059952267303107216,2.774545454545453,0.034367541766111565,3.3970326409495573
all,50,21,225,1.3565887966366017,1.2569732937685485,0.0822911694510764,3.257045454545452,0.06396181384247801,4.078338278931754
1024,10,21,225,0.13244444444444456,0.20000000000000018,-1.7999999999999927,1.640000000000001,-3.299999999999997,2.2999999999999963
1024,25,21,225,-0.17368888888888914,-0.24000000000000132,-1.3759999999999983,1.5919999999999994,-1.959999999999995,2.839999999999998
1024,50,21,225,0.10195555555555535,0.0200000000000089,-1.1999999999999988,1.908000000000003,-1.980000000000004,3.300000000000003
2048,10,21,45,0.01333333333333316,0.10000000000000009,-0.6000000000000005,0.6800000000000003,-1.0000000000000009,0.9000000000000008
2048,25,21,45,0.07288888888888856,0.11999999999999789,-0.4639999999999983,0.46799999999999714,-0.5200000000000038,0.520000000000001
2048,50,21,45,0.04355555555555568,0.07999999999999674,-0.4740000000000022,0.42000000000000315,-0.5600000000000049,0.5000000000000004
all,10,22,225,0.6092954975873323,0.5496571554965718,0.04627589246363861,1.4069724770642191,0.02038342882327293,1.9357798165137607
all,25,22,225,0.771267982134864,0.6673532440782726,0.05566328779197938,1.8190091743119272,0.017849272807402006,2.493944954128441
all,50,22,225,0.9177889756800091,0.7863129565551685,0.07122080211546922,2.143752981499182,0.034817100044076676,2.842568807339449
1024,10,22,225,0.4133333333333334,0.40000000000000036,-1.5999999999999999,2.500000000000002,-2.300000000000002,3.6999999999999975
1024,25,22,225,0.4076444444444446,0.31999999999999806,-0.8799999999999997,2.4560000000000017,-1.8399999999999972,2.879999999999999
1024,50,22,225,0.3152888888888891,0.28000000000000247,-0.8040000000000013,1.9400000000000017,-1.4600000000000057,2.939999999999998
2048,10,22,225,0.2044444444444443,0.10000000000000009,-1.040000000000001,1.899999999999999,-1.799999999999999,3.6999999999999975
2048,25,22,225,0.1504000000000002,0.15999999999999903,-0.8560000000000023,1.1200000000000014,-1.4400000000000024,2.160000000000001
2048,50,22,225,0.36702222222222214,0.3400000000000014,-0.7199999999999984,1.2999999999999996,-1.7000000000000015,1.799999999999999
all,10,23,225,0.5251657507951963,0.4470652770159067,0.016494121775748608,1.425088478175383,-0.031584488506758435,1.8579818473037912
all,25,23,225,0.629412293261833,0.5244103126714222,0.012629735106759467,1.7620133700353926,-0.025267590805405638,2.351308061932728
all,50,23,225,0.7661212475396331,0.6316066263476194,0.040779084049835664,2.221156114825009,0.01298473416389001,2.7197010144153766
1024,10,23,225,0.03777777777777792,0.09999999999999731,-1.4400000000000013,1.7400000000000022,-2.6999999999999913,2.500000000000002
1024,25,23,225,0.20142222222222217,0.23999999999999577,-0.6959999999999977,1.1199999999999988,-0.9599999999999997,1.2799999999999978
1024,50,23,225,0.29448888888888886,0.2799999999999969,-0.5639999999999978,1.4720000000000015,-1.100000000000001,2.0000000000000018
2048,10,23,180,0.16777777777777758,0.1999999999999988,-0.8524999999999993,1.3050000000000008,-1.4000000000000012,2.0000000000000018
2048,25,23,180,0.22555555555555565,0.15999999999999903,-0.6629999999999994,1.440000000000001,-1.040000000000002,2.4799999999999986
2048,50,23,180,0.2804444444444444,0.22999999999999687,-0.4610000000000021,1.4640000000000009,-0.8400000000000019,2.460000000000001
all,10,24,225,0.26734158008794306,0.2592414786365821,0.00976734128427248,0.6227250368912964,-0.03384912959381037,0.9690113133300565
all,25,24,225,0.34575769000685785,0.3246433841613383,0.028913147842785092,0.8930097667827058,-0.13772749631086878,1.1765863256271492
all,50,24,225,0.4147456201874761,0.3898223715794513,0.051855253362277365,1.0532744631850848,-0.02852926709295822,1.2946384653221843
1024,10,24,225,0.10888888888888894,0.10000000000000009,-1.0000000000000009,1.100000000000001,-1.3000000000000012,1.3000000000000012
1024,25,24,225,0.12266666666666667,0.15999999999999903,-0.7599999999999996,0.9280000000000017,-0.9600000000000053,1.8000000000000016
1024,50,24,225,0.0944888888888887,0.08000000000000229,-0.6400000000000072,0.8240000000000006,-0.8799999999999919,0.9800000000000031
2048,10,24,135,0.004444444444444198,0.0,-0.7650000000000007,0.8000000000000007,-1.200000000000001,1.5999999999999959
2048,25,24,135,-0.04444444444444433,0.0,-0.6920000000000012,0.52,-1.1199999999999988,0.8400000000000074
2048,50,24,135,0.026666666666666505,0.05999999999999339,-0.4849999999999982,0.41999999999999815,-0.7199999999999984,0.5799999999999972
all,10,25,225,0.5172763218950445,0.4579339723109699,0.052950380177689826,1.1986813291153242,0.003434065934065922,1.5507726269315651
all,25,25,225,0.6665218236127696,0.6089913109180195,0.08615043019705892,1.4802333044171267,0.06217041354426578,1.8543046357615889
all,50,25,225,0.8220073107718511,0.7404608991310957,0.12568681318681274,1.801703940362087,0.05495420482931057,2.3178807947019875
1024,10,25,225,0.05155555555555566,0.0,-1.240000000000001,1.9000000000000001,-2.200000000000002,2.400000000000002
1024,25,25,225,0.2512000000000001,0.16000000000000458,-0.6720000000000037,1.5120000000000011,-1.1200000000000043,2.4799999999999986
1024,50,25,225,0.25164444444444434,0.20000000000000018,-0.6599999999999961,1.4639999999999969,-1.16,1.9800000000000013
2048,10,25,135,0.157037037037037,0.20000000000000018,-1.200000000000001,1.5000000000000004,-2.100000000000002,1.9000000000000017
2048,25,25,135,0.15851851851851817,0.15999999999999903,-0.6000000000000005,1.025999999999999,-1.0800000000000032,1.319999999999999
2048,50,25,135,0.3173333333333329,0.3599999999999992,-0.5729999999999943,1.2389999999999988,-0.7199999999999984,1.6799999999999982
all,10,26,225,1.917820049146146,1.8607764390896953,0.9198361614979517,3.104,0.5558806319485077,3.3720087019579403
all,25,26,225,2.7192394528376784,2.7827317763623487,1.2999414862492709,3.94296328894036,1.0438853130485704,4.351026185421092
all,50,26,225,3.5793043874164394,3.788487282463188,1.6507899356348754,4.9358576336614535,1.376243417203038,5.24699221514508
1024,10,26,225,0.2991111111111111,0.30000000000000027,-1.8000000000000016,2.9400000000000004,-4.399999999999999,4.999999999999999
1024,25,26,225,0.5203555555555555,0.6000000000000005,-1.6079999999999994,2.536000000000001,-2.639999999999998,4.560000000000003
1024,50,26,225,0.567911111111111,0.6599999999999995,-1.1959999999999993,2.3759999999999963,-2.52,2.72
all,10,27,225,0.28136487473157595,0.24106466908395685,0.02740349081812421,0.8405752753977963,0.009164441965173187,0.9446384039900252
all,25,27,225,0.3351203860573891,0.28472340667462515,0.04666262775645636,0.9658506731946126,0.024066621508544994,1.0875152998776005
all,50,27,225,0.3799868019639966,0.3149695832622673,0.05339283579710585,1.118930348547237,0.03434673466948257,1.3433292533659742
1024,10,27,225,0.1480000000000001,0.10000000000000009,-1.0000000000000009,1.4000000000000012,-1.699999999999996,2.1999999999999993
1024,25,27,225,0.16604444444444458,0.1600000000000018,-0.9599999999999997,1.2080000000000009,-1.639999999999997,1.7199999999999993
1024,50,27,225,0.1961777777777779,0.22000000000000075,-0.8440000000000003,1.2679999999999998,-1.1400000000000021,2.059999999999998
2048,10,27,225,0.031111111111110937,0.0,-1.040000000000001,1.139999999999999,-1.5999999999999988,1.899999999999999
2048,25,27,225,0.18417777777777777,0.1600000000000018,-0.7199999999999984,1.0160000000000016,-1.040000000000002,1.479999999999998
2048,50,27,225,0.21671111111111113,0.1600000000000018,-0.44000000000000034,1.1720000000000006,-0.7399999999999962,1.6199999999999992
all,10,28,225,0.2851754367606463,0.26947574718275136,0.009661835748795422,0.6918177364037232,-0.047483380816715215,0.7843137254901961
all,25,28,225,0.34357910740440634,0.33808167141500534,0.04538964303670179,0.7937254901960813,0.013725490196070389,0.9642332190102909
all,50,28,225,0.3804096361929238,0.3758967001434743,0.05788375342515639,0.9105882352941153,0.045098039215685226,1.0328270455658983
1024,10,28,225,0.09466666666666658,0.10000000000000009,-1.100000000000001,1.2999999999999945,-1.3999999999999986,1.5000000000000013
1024,25,28,225,0.04995555555555505,0.03999999999999837,-0.7359999999999989,0.9520000000000011,-1.0000000000000009,1.2400000000000022
1024,50,28,225,0.0778666666666665,0.10000000000000009,-0.596000000000002,0.7400000000000018,-0.9600000000000053,0.9800000000000031
2048,10,28,135,0.019999999999999952,0.0,-0.8650000000000008,0.9000000000000008,-1.200000000000001,1.3000000000000012
2048,25,28,135,0.18162962962962986,0.23999999999999577,-0.4400000000000015,0.8259999999999942,-0.6799999999999917,1.1199999999999988
2048,50,28,135,0.13540740740740786,0.12000000000000344,-0.37999999999999506,0.632999999999997,-0.5200000000000038,1.0199999999999987
all,10,29,225,0.4351459284466149,0.40796019900497527,0.014468731463670448,1.1949367088607612,-0.040506329113920714,1.3917004048582982
all,25,29,225,0.5395931133750634,0.5278592375366598,0.012476370510399184,1.4360555527084526,-0.0058651026392964045,1.7692307692307674
all,50,29,225,0.6718673951139473,0.6471163245356792,0.04041691381773127,1.878316301952544,0.017013232514173637,2.0748987854251
1024,10,29,225,0.22844444444444448,0.20000000000000018,-1.1799999999999966,1.9000000000000017,-1.7000000000000015,2.400000000000002
1024,25,29,225,0.23857777777777772,0.15999999999999903,-1.040000000000002,1.8799999999999983,-1.36,2.2800000000000016
1024,50,29,225,0.40577777777777796,0.30000000000000027,-0.6399999999999961,1.9919999999999998,-0.8199999999999985,2.42
2048,10,29,45,0.15111111111111114,0.20000000000000018,-0.40000000000000036,0.8899999999999957,-0.6000000000000005,1.0000000000000009
2048,25,29,45,0.06488888888888883,0.07999999999999674,-0.39600000000000024,0.40000000000000036,-0.48000000000000265,0.5600000000000049
2048,50,29,45,-0.007555555555555833,-0.019999999999997797,-0.27800000000000213,0.23999999999999577,-0.31999999999999806,0.24000000000000132
all,10,30,225,0.6258318930453336,0.5657412257726535,0.20897830597869485,1.3354838709677421,0.14631685166498487,1.6129032258064528
all,25,30,225,0.8308396723007225,0.7800097991180754,0.28326550913141957,1.7548387096774207,0.15136226034309086,2.247311827956991
all,50,30,225,1.0079078358554374,0.9191572758451727,0.263370332996975,2.1094623655913973,0.11301715438950533,2.618279569892473
1024,10,30,225,0.3471111111111112,0.30000000000000027,-1.240000000000001,1.9999999999999991,-1.7000000000000015,2.6000000000000023
1024,25,30,225,0.30097777777777757,0.31999999999999806,-0.8560000000000023,1.4719999999999982,-1.8000000000000016,2.0399999999999974
1024,50,30,225,0.19866666666666646,0.17999999999999683,-0.7480000000000064,1.2359999999999995,-1.0199999999999987,1.9600000000000006
all,10,31,225,0.8206370919586198,0.7512268780671932,0.15130759651307668,1.6653340948029687,0.11195258478761683,1.9931467732724166
all,25,31,225,1.0660011193226397,0.9812314784326648,0.26052303860523374,2.251970302684181,0.17310087173100785,2.565391205025697
all,50,31,225,1.2856044754757654,1.1810394060536855,0.23536737235367647,2.575671045117076,0.15006226650062793,2.8829240434037673
1024,10,31,225,0.20800000000000005,0.20000000000000018,-1.2999999999999985,1.9399999999999968,-2.099999999999996,2.4999999999999964
1024,25,31,225,0.25475555555555557,0.16000000000000458,-0.9359999999999968,1.496000000000002,-1.319999999999999,2.1199999999999997
1024,50,31,225,0.3668444444444446,0.4400000000000015,-0.7279999999999998,1.419999999999999,-0.8799999999999919,1.8799999999999983
2048,10,31,180,0.1361111111111111,0.10000000000000009,-1.200000000000001,2.200000000000002,-2.100000000000002,3.200000000000003
2048,25,31,180,0.18688888888888913,0.22000000000000075,-0.7199999999999984,1.2610000000000001,-1.4000000000000012,1.5999999999999959
2048,50,31,180,0.38955555555555565,0.3799999999999998,-0.740999999999999,1.5105000000000004,-1.1200000000000043,1.9799999999999984
all,10,32,225,0.5671174744608072,0.4675217211419114,0.03165960887254406,1.5374534727343714,-0.03562340966921096,1.7335473515248805
all,25,32,225,0.7153486929148908,0.6073645014480766,0.06083093807159934,1.9586944890315674,0.013587666579562008,2.170810810810808
all,50,32,225,0.8792456465169299,0.730657840297888,0.07802566503986809,2.3970037453183504,0.026130128037626932,2.686486486486486
1024,10,32,225,0.3177777777777778,0.20000000000000018,-0.8000000000000007,2.079999999999999,-1.5000000000000013,3.0000000000000027
1024,25,32,225,0.4152888888888888,0.3200000000000036,-0.6159999999999988,1.8480000000000014,-1.0000000000000009,2.2800000000000016
1024,50,32,225,0.4864888888888892,0.40000000000000036,-0.6120000000000014,2.056000000000001,-1.1999999999999955,2.42
2048,10,32,90,0.09666666666666666,0.10000000000000009,-0.8775000000000007,0.9000000000000008,-1.200000000000001,1.3999999999999986
2048,25,32,90,0.1408888888888889,0.16000000000000042,-0.5600000000000043,1.022000000000001,-1.16,1.5199999999999991
2048,50,32,90,0.21533333333333304,0.20000000000000018,-0.39100000000000007,0.9419999999999998,-0.7199999999999984,1.379999999999998
all,10,33,225,0.7428395348372682,0.635809586559051,0.07751102064815663,1.915388191538819,0.047593459737471644,2.3802882380288217
all,25,33,225,0.9400750970681349,0.7728545544391369,0.10697325668583058,2.3918177591817784,0.03930298610577698,2.841469084146908
all,50,33,225,1.1253307866638733,0.9158293526601857,0.1204053212535483,2.7620641562064145,0.06448146157979617,3.7219897721989774
1024,10,33,225,0.31377777777777777,0.30000000000000027,-1.4400000000000013,2.34,-2.2999999999999963,3.200000000000003
1024,25,33,225,0.4032000000000001,0.5199999999999982,-1.344000000000003,1.6480000000000012,-2.240000000000003,3.079999999999999
1024,50,33,225,0.5275555555555558,0.6199999999999983,-1.18,1.9760000000000006,-1.7799999999999927,2.400000000000002
2048,10,33,225,0.176888888888889,0.10000000000000009,-1.539999999999997,2.0400000000000023,-2.8000000000000025,2.6000000000000023
2048,25,33,225,0.17440000000000017,0.23999999999999855,-1.487999999999996,1.6960000000000022,-1.9600000000000006,2.0399999999999974
2048,50,33,225,0.3420444444444445,0.40000000000000036,-1.332000000000002,1.687999999999999,-1.6599999999999948,2.0000000000000018
all,10,34,225,0.3221802026087207,0.2773575390821986,0.0,0.8318496538081124,-0.06965174129353047,1.0049751243781073
all,25,34,225,0.4246911163766829,0.35379410343160944,0.035630949331590944,1.1029469861375598,0.013213780084947446,1.2067260138476754
all,50,34,225,0.5231462380022939,0.46785361028683914,0.04643699858423501,1.344355981062915,0.02076451156205472,1.5776458951533123
1024,10,34,225,-0.025777777777777747,0.0,-1.439999999999999,1.1399999999999995,-1.9999999999999962,1.8000000000000016
1024,25,34,225,0.010844444444444509,0.040000000000001146,-1.0000000000000009,0.952,-1.2800000000000034,1.319999999999999
1024,50,34,225,0.1812444444444443,0.15999999999999903,-0.5959999999999976,1.047999999999998,-0.8000000000000007,1.36
2048,10,34,90,-0.006666666666666858,0.0,-0.8000000000000007,0.7774999999999986,-0.9000000000000008,1.0999999999999899
2048,25,34,90,0.030222222222222626,0.040000000000001146,-0.40000000000000036,0.4929999999999977,-0.48000000000000265,0.7199999999999984
2048,50,34,90,0.10511111111111124,0.09000000000000119,-0.27550000000000296,0.5955000000000008,-0.40000000000000036,0.8000000000000007
all,10,35,225,0.3037909367068865,0.24557956777996048,0.03667855418976518,0.9188966420522537,0.0,1.179410294852573
all,25,35,225,0.4152336208662599,0.3398821218074666,0.0815834085385636,1.2510805500982338,0.0555023923444975,1.5572213893053466
all,50,35,225,0.4806760063223216,0.3978010994502734,0.09610437954146178,1.582208895552224,0.06562193927521776,1.886056971514244
1024,10,35,225,0.01866666666666675,0.0,-1.0399999999999976,1.200000000000001,-1.5000000000000013,2.100000000000002
1024,25,35,225,0.13902222222222227,0.040000000000001146,-0.671999999999997,1.1999999999999977,-0.9599999999999997,2.04
1024,50,35,225,0.1551111111111108,0.08000000000000229,-0.5360000000000043,1.1880000000000015,-0.7800000000000029,2.0400000000000027
2048,10,35,90,0.42333333333333345,0.40000000000000036,-0.7775000000000006,1.6000000000000008,-1.200000000000001,2.100000000000002
2048,25,35,90,0.3680000000000002,0.3200000000000022,-0.23099999999999676,1.2530000000000017,-0.6000000000000005,1.36
2048,50,35,90,0.21244444444444477,0.18000000000000238,-0.38000000000000256,0.8064999999999982,-0.5000000000000004,0.9599999999999997
all,10,36,225,0.5913541241507015,0.5356156819436686,0.04455997029335412,1.3635382955771314,0.010030090270812808,1.7393705135284376
all,25,36,225,0.7683534375211054,0.6740220661985957,0.0799108800594106,1.872276159654801,0.04753063497957566,2.4053009387078967
all,50,36,225,0.9206855183012227,0.8094975151849759,0.09119940586706621,2.339039204859194,0.03787597474934623,3.1065709552733303
1024,10,36,225,0.271111111111111,0.30000000000000027,-1.6000000000000014,2.1400000000000015,-2.599999999999991,2.899999999999997
1024,25,36,225,0.4720000000000001,0.40000000000000036,-0.7199999999999984,2.055999999999999,-1.6799999999999982,2.9200000000000004
1024,50,36,225,0.4457777777777775,0.379999999999997,-0.8880000000000021,1.9159999999999997,-0.9800000000000031,2.300000000000002
2048,10,36,45,-0.14666666666666672,-0.10000000000000009,-0.7899999999999957,0.30000000000000027,-0.8000000000000007,0.40000000000000036
2048,25,36,45,0.05777777777777765,0.03999999999999837,-0.5079999999999985,0.7079999999999934,-0.8000000000000007,0.8399999999999963
2048,50,36,45,-0.022666666666666762,0.0,-0.5580000000000052,0.4739999999999971,-0.8199999999999985,0.7399999999999962
