field_id,period_start,rows,distinct_subfields,effective_subfields,largest_subfield_share,mean_abstract_words,mean_title_words,duplicate_doi_rate,duplicate_text_rate,ambiguous_language_rate,short_abstract_rate,type_counts_json
11,2000,2166,11,6.383620072180776,0.415050784856879,189.93213296398892,13.585872576177286,0.0,0.0009233610341643582,0.03462603878116344,0.1084949215143121,"{""article"": 2090, ""conference-paper"": 70, ""review"": 6}"
11,2005,2528,11,6.606842312772423,0.39319620253164556,191.7709651898734,13.759889240506329,0.00039556962025316455,0.0,0.03916139240506329,0.0981012658227848,"{""article"": 2457, ""conference-paper"": 63, ""review"": 8}"
11,2010,3940,11,6.578505868771928,0.41269035532994924,199.68451776649746,14.179949238578681,0.0,0.0,0.03401015228426396,0.06370558375634518,"{""article"": 3801, ""conference-paper"": 127, ""review"": 12}"
11,2015,4298,11,7.098889205662851,0.37505816658911123,218.01302931596092,14.90367612843183,0.0,0.0,0.023964634713820383,0.043973941368078175,"{""article"": 4054, ""conference-paper"": 235, ""review"": 9}"
11,2020,6491,11,7.065086390124747,0.37220767216145434,230.79479279001694,15.340009243568018,0.0,0.0,0.01694654136496688,0.028655060853489445,"{""article"": 6040, ""conference-paper"": 408, ""review"": 43}"
12,2000,2166,13,9.534346132770155,0.19575253924284394,185.76869806094183,9.896583564173591,0.0,0.0009233610341643582,0.1061865189289012,0.20544783010156972,"{""article"": 2114, ""conference-paper"": 46, ""review"": 6}"
12,2005,2166,13,9.624141407193394,0.18467220683287167,197.1759002770083,10.496306555863342,0.0004616805170821791,0.0,0.07617728531855955,0.19067405355494,"{""article"": 2101, ""conference-paper"": 64, ""review"": 1}"
12,2010,2186,13,9.893941697536933,0.18206770356816102,203.37740164684354,11.177493138151876,0.0004574565416285453,0.0,0.05626715462031107,0.1221408966148216,"{""article"": 2075, ""conference-paper"": 108, ""review"": 3}"
12,2015,2732,13,10.009266703865997,0.18777452415812593,212.67935578330892,11.506222547584187,0.0,0.0,0.04319180087847731,0.07942898975109809,"{""article"": 2581, ""conference-paper"": 144, ""review"": 7}"
12,2020,3380,13,9.417371593389975,0.21420118343195266,239.18224852071006,12.96360946745562,0.0002958579881656805,0.001183431952662722,0.057692307692307696,0.06420118343195266,"{""article"": 3218, ""conference-paper"": 156, ""review"": 6}"
13,2000,2739,14,4.650094110363656,0.570281124497992,200.95180722891567,13.728368017524645,0.0,0.0,0.017889740781307048,0.06754289886820007,"{""article"": 2662, ""conference-paper"": 61, ""review"": 16}"
13,2005,4071,14,4.428654890021316,0.5814296241709653,201.98599852616064,13.535740604274134,0.0,0.0,0.019651191353475806,0.06853352984524687,"{""article"": 3900, ""conference-paper"": 147, ""review"": 24}"
13,2010,5251,14,4.7867118892383855,0.5617977528089888,208.461245477052,13.664444867644258,0.0,0.0,0.012949914302037707,0.059988573605027615,"{""article"": 5019, ""conference-paper"": 190, ""review"": 42}"
13,2015,5596,14,5.050569805545066,0.5364546104360257,220.02626876340244,14.175482487491065,0.0,0.00035739814152966406,0.010721944245889922,0.038777698355968546,"{""article"": 5349, ""conference-paper"": 192, ""review"": 55}"
13,2020,6840,14,4.877331314155451,0.5554093567251462,223.08625730994152,14.849122807017544,0.0,0.0,0.00760233918128655,0.03084795321637427,"{""article"": 6549, ""conference-paper"": 191, ""review"": 100}"
14,2000,2166,9,6.049979352276173,0.2853185595567867,142.73407202216066,10.21791320406279,0.0,0.0009233610341643582,0.02169898430286242,0.21283471837488457,"{""article"": 1971, ""conference-paper"": 190, ""review"": 5}"
14,2005,2166,8,6.254023119993915,0.27793167128347185,149.62373037857802,11.000923361034165,0.0,0.0,0.02077562326869806,0.18882733148661127,"{""article"": 1944, ""conference-paper"": 220, ""review"": 2}"
14,2010,2186,8,6.409371225714802,0.26029277218664226,162.96386093321135,11.790484903934127,0.0,0.0,0.018298261665141813,0.11436413540713632,"{""article"": 1955, ""conference-paper"": 227, ""review"": 4}"
14,2015,2660,9,6.505140288126238,0.25225563909774434,185.89473684210526,12.475563909774436,0.0,0.00037593984962406017,0.02142857142857143,0.0462406015037594,"{""article"": 2364, ""conference-paper"": 283, ""review"": 13}"
14,2020,4040,9,6.363923813380132,0.2524752475247525,196.1450495049505,13.659405940594059,0.0,0.0,0.016336633663366337,0.02599009900990099,"{""article"": 3578, ""conference-paper"": 414, ""review"": 48}"
15,2000,2166,6,4.322236231968629,0.43536472760849493,158.06048014773776,13.167128347183748,0.0,0.002770083102493075,0.024007386888273315,0.1352723915050785,"{""article"": 1705, ""conference-paper"": 460, ""review"": 1}"
15,2005,2166,6,4.484758120363924,0.38134810710988,163.432594644506,13.447368421052632,0.0,0.0,0.02169898430286242,0.11357340720221606,"{""article"": 1729, ""conference-paper"": 436, ""review"": 1}"
15,2010,2166,6,4.42613821879105,0.3573407202216066,170.54478301015698,13.937673130193906,0.0,0.0018467220683287165,0.017543859649122806,0.09602954755309326,"{""article"": 1811, ""conference-paper"": 348, ""review"": 7}"
15,2015,2166,6,4.318506305167465,0.3628808864265928,180.92566943674976,14.659279778393351,0.0,0.0,0.01061865189289012,0.0664819944598338,"{""article"": 1766, ""conference-paper"": 397, ""review"": 3}"
15,2020,2166,6,4.30531448627768,0.3799630655586334,200.1477377654663,14.992151431209603,0.0,0.0009233610341643582,0.006925207756232687,0.0443213296398892,"{""article"": 1890, ""conference-paper"": 266, ""review"": 10}"
16,2000,2166,6,4.516315031833834,0.4445983379501385,149.50323176361957,14.403970452446906,0.0,0.0,0.04293628808864266,0.20683287165281625,"{""article"": 2085, ""conference-paper"": 81}"
16,2005,2166,6,4.4511642642186615,0.44829178208679593,151.19205909510617,13.74976915974146,0.0,0.0,0.04478301015697138,0.20914127423822715,"{""article"": 2085, ""conference-paper"": 79, ""review"": 2}"
16,2010,2166,6,4.341963069353623,0.4552169898430286,153.68698060941827,14.035087719298245,0.0,0.0,0.03693444136657433,0.17636195752539244,"{""article"": 2073, ""conference-paper"": 82, ""review"": 11}"
16,2015,2166,6,4.132628909219166,0.5046168051708217,160.09372114496767,14.867959372114496,0.0,0.0,0.03139427516158818,0.15466297322253,"{""article"": 2049, ""conference-paper"": 106, ""review"": 11}"
16,2020,2166,6,4.099481515805269,0.4916897506925208,174.7197599261311,14.886888273314867,0.0,0.0,0.017082179132040628,0.10941828254847645,"{""article"": 2069, ""conference-paper"": 86, ""review"": 11}"
17,2000,3310,11,7.650454577305163,0.24018126888217523,129.3299093655589,9.530815709969788,0.0,0.00030211480362537764,0.01782477341389728,0.21782477341389728,"{""article"": 1632, ""conference-paper"": 1677, ""review"": 1}"
17,2005,5594,11,7.258355479785056,0.2329281372899535,130.8128351805506,10.044690740078655,0.0,0.0003575259206292456,0.01769753307114766,0.19878441186986057,"{""article"": 3220, ""conference-paper"": 2373, ""review"": 1}"
17,2010,7094,11,7.3102583128803325,0.2169438962503524,141.45038060332675,10.348322526078377,0.0,0.000140964195094446,0.018607273752466874,0.1446292641669016,"{""article"": 4290, ""conference-paper"": 2797, ""review"": 7}"
17,2015,6858,11,7.252764649075979,0.2341790609507145,165.85593467483233,10.770487022455526,0.00014581510644502772,0.0005832604257801109,0.020122484689413824,0.0667833187518227,"{""article"": 3625, ""conference-paper"": 3214, ""review"": 19}"
17,2020,9972,11,6.6032751751002765,0.28449659045326914,186.54923786602487,11.734757320497392,0.0,0.00010028078620136381,0.013036502206177296,0.033995186522262334,"{""article"": 5963, ""conference-paper"": 3951, ""review"": 58}"
18,2000,2166,4,2.9448753303585975,0.5572483841181902,152.00046168051708,10.11634349030471,0.0,0.0004616805170821791,0.017543859649122806,0.1814404432132964,"{""article"": 1704, ""conference-paper"": 451, ""review"": 11}"
18,2005,2166,4,2.975313875149953,0.5604801477377654,151.6140350877193,10.73084025854109,0.0,0.0009233610341643582,0.017543859649122806,0.16389658356417358,"{""article"": 1708, ""conference-paper"": 449, ""review"": 9}"
18,2010,2166,4,2.9820079133333777,0.5433979686057249,163.52954755309327,11.418744228993537,0.0,0.0,0.014312096029547553,0.11265004616805172,"{""article"": 1727, ""conference-paper"": 426, ""review"": 13}"
18,2015,2166,4,2.9673760951551844,0.538781163434903,179.69806094182826,11.77331486611265,0.0,0.0009233610341643582,0.01662049861495845,0.07386888273314866,"{""article"": 1652, ""conference-paper"": 499, ""review"": 15}"
18,2020,2166,4,2.9867505181183076,0.5313942751615882,192.62788550323177,12.588642659279778,0.0,0.0,0.0046168051708217915,0.04939981532779317,"{""article"": 1693, ""conference-paper"": 436, ""review"": 37}"
19,2000,2166,8,5.611574577697027,0.3254847645429363,196.06371191135733,13.052631578947368,0.0,0.0,0.04293628808864266,0.0974145891043398,"{""article"": 1851, ""conference-paper"": 313, ""review"": 2}"
19,2005,2166,8,5.472173974786161,0.3494921514312096,191.4556786703601,13.41920590951062,0.0,0.0,0.030009233610341645,0.08818097876269622,"{""article"": 1863, ""conference-paper"": 297, ""review"": 6}"
19,2010,2166,8,5.587820639166376,0.35318559556786705,199.53462603878117,13.640812557710065,0.0,0.0,0.030470914127423823,0.07017543859649122,"{""article"": 1882, ""conference-paper"": 281, ""review"": 3}"
19,2015,2166,8,6.06183587314481,0.2760849492151431,216.4506001846722,14.221606648199446,0.0,0.0,0.022622345337026777,0.04801477377654663,"{""article"": 1804, ""conference-paper"": 360, ""review"": 2}"
19,2020,2166,8,6.157735511004952,0.2839335180055402,223.76869806094183,15.116805170821792,0.0,0.0009233610341643582,0.012927054478301015,0.029085872576177285,"{""article"": 1870, ""conference-paper"": 292, ""review"": 4}"
20,2000,2166,3,2.3255392834150923,0.6823638042474608,153.53970452446907,10.5595567867036,0.0,0.0009233610341643582,0.03185595567867036,0.19575253924284394,"{""article"": 2114, ""conference-paper"": 50, ""review"": 2}"
20,2005,2166,3,2.3011431142729477,0.6874422899353647,152.38180978762696,11.145429362880886,0.0,0.0,0.03462603878116344,0.16251154201292706,"{""article"": 2074, ""conference-paper"": 88, ""review"": 4}"
20,2010,2166,3,2.3489964754910324,0.6685133887349953,170.64681440443212,11.469529085872576,0.0,0.0,0.028624192059095107,0.1061865189289012,"{""article"": 2045, ""conference-paper"": 113, ""review"": 8}"
20,2015,2166,3,2.404374281752194,0.6588180978762697,190.43628808864267,11.955678670360111,0.0,0.0,0.022622345337026777,0.06879039704524469,"{""article"": 2028, ""conference-paper"": 125, ""review"": 13}"
20,2020,2845,3,2.2721503829972916,0.6984182776801406,209.64112478031635,13.124780316344465,0.0,0.0,0.015114235500878734,0.04428822495606327,"{""article"": 2650, ""conference-paper"": 172, ""review"": 23}"
21,2000,2166,5,2.381949140577026,0.6722068328716528,147.859649122807,12.52954755309326,0.0,0.0018467220683287165,0.01662049861495845,0.20867959372114497,"{""article"": 1890, ""conference-paper"": 274, ""review"": 2}"
21,2005,2166,5,2.500262725998832,0.6006463527239151,145.39427516158818,12.097876269621421,0.0,0.0,0.013388734995383195,0.1786703601108033,"{""article"": 1873, ""conference-paper"": 284, ""review"": 9}"
21,2010,2166,5,2.1109570857933786,0.7442289935364728,157.25484764542935,13.095567867036012,0.0,0.0009233610341643582,0.013850415512465374,0.12003693444136658,"{""article"": 1854, ""conference-paper"": 307, ""review"": 5}"
21,2015,2166,5,1.7843439972652726,0.850415512465374,178.49445983379502,13.966297322253,0.0,0.0,0.007848568790397045,0.060480147737765465,"{""article"": 1708, ""conference-paper"": 454, ""review"": 4}"
21,2020,2166,5,1.9153437082689084,0.8222530009233611,196.50554016620498,14.644967682363804,0.0,0.0,0.0046168051708217915,0.029085872576177285,"{""article"": 1818, ""conference-paper"": 341, ""review"": 7}"
22,2000,6990,16,10.231336581771998,0.2934191702432046,136.9928469241774,11.264949928469242,0.0,0.0002861230329041488,0.011015736766809728,0.2123032904148784,"{""article"": 4264, ""conference-paper"": 2722, ""review"": 4}"
22,2005,11310,16,10.694890435720172,0.26772767462422636,138.24942528735633,11.63969938107869,0.0,0.0,0.019805481874447393,0.18709106984969054,"{""article"": 7978, ""conference-paper"": 3328, ""review"": 4}"
22,2010,15203,16,10.968142359272738,0.2526475037821483,148.55837663619022,12.119910543971585,0.0,0.0,0.016509899361968033,0.1309609945405512,"{""article"": 10889, ""conference-paper"": 4305, ""review"": 9}"
22,2015,14738,16,10.198681001353993,0.2847062016555842,170.75308725742977,12.737006378070294,0.0,6.785181164337088e-05,0.01228117790745013,0.06791966345501425,"{""article"": 9356, ""conference-paper"": 5363, ""review"": 19}"
22,2020,18907,16,10.661877846410682,0.25694187338022956,190.21769714920399,13.475485270005818,0.0,5.2890463849367956e-05,0.006188184270376052,0.03511926799598032,"{""article"": 13072, ""conference-paper"": 5774, ""review"": 61}"
23,2000,2166,11,9.53971710539583,0.20867959372114497,186.0470914127424,12.885041551246537,0.0,0.0,0.033702677746999074,0.10480147737765466,"{""article"": 2027, ""conference-paper"": 136, ""review"": 3}"
23,2005,2876,11,9.556720987441373,0.23157162726008346,187.11509040333797,13.308066759388039,0.0,0.0,0.020166898470097356,0.09840055632823366,"{""article"": 2682, ""conference-paper"": 186, ""review"": 8}"
23,2010,4005,11,9.609277403610081,0.20224719101123595,196.3732833957553,13.75505617977528,0.0,0.0,0.02247191011235955,0.07116104868913857,"{""article"": 3605, ""conference-paper"": 385, ""review"": 15}"
23,2015,4018,11,9.254810516996141,0.20059731209556994,219.50771528123445,14.144848183175709,0.0,0.0,0.019661523145843702,0.03733200597312095,"{""article"": 3543, ""conference-paper"": 459, ""review"": 16}"
23,2020,5919,11,9.487799145323345,0.18009798952525766,227.80908937320493,14.90505152897449,0.0,0.0005068423720223011,0.013684744044602128,0.02483527622909275,"{""article"": 5294, ""conference-paper"": 583, ""review"": 42}"
24,2000,2166,5,3.245226800147398,0.5844875346260388,217.76638965835642,14.75854108956602,0.0,0.002770083102493075,0.012927054478301015,0.04847645429362881,"{""article"": 2147, ""conference-paper"": 8, ""review"": 11}"
24,2005,2166,5,3.2388344734621266,0.5844875346260388,214.56048014773776,14.077562326869806,0.0,0.0,0.012927054478301015,0.05632502308402586,"{""article"": 2139, ""conference-paper"": 13, ""review"": 14}"
24,2010,2166,5,3.4011899076106995,0.5701754385964912,226.02446906740536,14.590027700831024,0.0,0.0009233610341643582,0.007848568790397045,0.03508771929824561,"{""article"": 2136, ""conference-paper"": 12, ""review"": 18}"
24,2015,2166,5,3.519929885905328,0.5577100646352724,235.89289012003692,14.807940904893814,0.0,0.0004616805170821791,0.009233610341643583,0.036011080332409975,"{""article"": 2106, ""conference-paper"": 23, ""review"": 37}"
24,2020,2166,5,3.607121299188976,0.5554016620498615,241.12788550323177,15.267313019390581,0.0,0.0004616805170821791,0.006001846722068329,0.03277931671283472,"{""article"": 2099, ""conference-paper"": 22, ""review"": 45}"
25,2000,2166,8,4.247222453952751,0.5290858725761773,145.10203139427517,12.435826408125576,0.0,0.0,0.018005540166204988,0.15004616805170823,"{""article"": 1845, ""conference-paper"": 319, ""review"": 2}"
25,2005,2166,8,4.237332760170967,0.5401662049861495,148.27331486611266,12.433056325023085,0.0,0.0,0.017082179132040628,0.12049861495844875,"{""article"": 1926, ""conference-paper"": 236, ""review"": 4}"
25,2010,2962,8,4.145272613511346,0.5408507765023632,155.7153950033761,12.963875759621876,0.0,0.0,0.01823092505064146,0.09081701553004727,"{""article"": 2659, ""conference-paper"": 297, ""review"": 6}"
25,2015,3152,8,4.12447580151418,0.5399746192893401,174.13134517766497,13.550761421319796,0.0,0.0,0.015545685279187817,0.06376903553299493,"{""article"": 2716, ""conference-paper"": 429, ""review"": 7}"
25,2020,3787,8,3.9501961513453936,0.560866120940058,197.10483232109848,14.141800897808292,0.0,0.0,0.008449960390810668,0.04172167942962767,"{""article"": 3440, ""conference-paper"": 335, ""review"": 12}"
26,2000,2166,10,7.144913585156564,0.2188365650969529,122.08356417359188,10.052169898430286,0.0,0.0009233610341643582,0.07063711911357341,0.31763619575253926,"{""article"": 1979, ""conference-paper"": 186, ""review"": 1}"
26,2005,2166,10,7.3329983734933855,0.2211449676823638,120.37903970452447,10.25623268698061,0.0,0.0009233610341643582,0.07017543859649122,0.31948291782086796,"{""article"": 1973, ""conference-paper"": 192, ""review"": 1}"
26,2010,2166,10,7.331217255674482,0.24469067405355494,123.3628808864266,10.414589104339797,0.0,0.0009233610341643582,0.07340720221606649,0.301477377654663,"{""article"": 2005, ""conference-paper"": 160, ""review"": 1}"
26,2015,2166,10,7.158431078745197,0.23684210526315788,135.4690674053555,11.087257617728532,0.0,0.0009233610341643582,0.06832871652816251,0.25992613111726687,"{""article"": 1991, ""conference-paper"": 170, ""review"": 5}"
26,2020,2166,10,7.0409643982355075,0.23776546629732226,154.00738688827332,12.25854108956602,0.0,0.0009233610341643582,0.05863342566943675,0.16481994459833796,"{""article"": 2020, ""conference-paper"": 137, ""review"": 9}"
27,2000,7128,41,26.679281257677843,0.11938832772166105,222.01473063973063,12.711840628507295,0.0,0.0,0.01585297418630752,0.06860269360269361,"{""article"": 6977, ""conference-paper"": 131, ""review"": 20}"
27,2005,10946,42,26.8061693168028,0.11337474876667275,218.0829526767769,13.03435044765211,0.0,0.0001827151470856934,0.018180157135026492,0.06961447103964918,"{""article"": 10675, ""conference-paper"": 216, ""review"": 55}"
27,2010,15771,42,26.68538907275465,0.11368968359647454,231.09714032084204,13.712510303722022,0.0,6.340752013188764e-05,0.012681504026377528,0.06137847948766724,"{""article"": 15313, ""conference-paper"": 315, ""review"": 143}"
27,2015,18629,42,27.034320577514013,0.11465993880508885,245.20618390681196,14.403510655429706,0.00016103923989478768,5.36797466315959e-05,0.011433786032529926,0.045735144130119705,"{""article"": 17724, ""conference-paper"": 532, ""review"": 373}"
27,2020,26195,42,26.684494824851093,0.10830311128077877,252.99713685817903,15.306356174842527,3.817522427944264e-05,0.0,0.008627600687154038,0.033326970795953426,"{""article"": 24534, ""conference-paper"": 781, ""review"": 880}"
28,2000,2166,8,5.002401871656919,0.34579870729455214,210.21883656509695,12.626038781163436,0.0,0.0,0.008310249307479225,0.05263157894736842,"{""article"": 2057, ""conference-paper"": 101, ""review"": 8}"
28,2005,2166,8,5.293836662860853,0.36795937211449675,208.4741458910434,12.822714681440443,0.0,0.0,0.012927054478301015,0.04801477377654663,"{""article"": 2007, ""conference-paper"": 145, ""review"": 14}"
28,2010,2166,8,4.845971611354752,0.4422899353647276,215.33379501385042,12.936749769159741,0.0,0.0004616805170821791,0.012003693444136657,0.032317636195752536,"{""article"": 2002, ""conference-paper"": 152, ""review"": 12}"
28,2015,2166,8,4.5280248901029125,0.5115420129270545,221.59187442289937,13.331486611265005,0.0004616805170821791,0.0,0.00554016620498615,0.028624192059095107,"{""article"": 1928, ""conference-paper"": 216, ""review"": 22}"
28,2020,2166,8,4.621740176684404,0.4806094182825485,222.8185595567867,13.89843028624192,0.0,0.0,0.0050784856879039705,0.022622345337026777,"{""article"": 1886, ""conference-paper"": 219, ""review"": 61}"
29,2000,2166,4,1.684062861745896,0.868421052631579,214.00415512465375,12.739150507848569,0.0,0.006463527239150508,0.015235457063711912,0.06971375807940905,"{""article"": 2142, ""conference-paper"": 19, ""review"": 5}"
29,2005,2166,4,1.684873117569552,0.871191135734072,207.82733148661126,13.220683287165281,0.0,0.0,0.012927054478301015,0.07756232686980609,"{""article"": 2121, ""conference-paper"": 34, ""review"": 11}"
29,2010,2166,4,1.7141227538409742,0.8665743305632503,215.80193905817174,14.047091412742382,0.0,0.0,0.018467220683287166,0.054016620498614956,"{""article"": 2120, ""conference-paper"": 33, ""review"": 13}"
29,2015,2166,4,1.7226653162317134,0.8647276084949215,239.0415512465374,14.81994459833795,0.0,0.0,0.024469067405355493,0.03277931671283472,"{""article"": 2063, ""conference-paper"": 63, ""review"": 40}"
29,2020,2166,4,1.624104825534325,0.8831948291782087,238.3965835641736,15.995383194829179,0.0,0.0,0.006001846722068329,0.01662049861495845,"{""article"": 2058, ""conference-paper"": 51, ""review"": 57}"
30,2000,2166,3,2.4605435307537498,0.6329639889196675,185.30193905817174,12.734533702677748,0.0,0.0,0.018467220683287166,0.12696214219759927,"{""article"": 2137, ""conference-paper"": 22, ""review"": 7}"
30,2005,2166,4,2.266924301585235,0.6897506925207756,182.0290858725762,12.970914127423823,0.0,0.0,0.019852262234533704,0.10341643582640812,"{""article"": 2135, ""conference-paper"": 27, ""review"": 4}"
30,2010,2166,4,2.4726642070558196,0.6015697137580794,189.40120036934442,13.42382271468144,0.0,0.0,0.01569713758079409,0.07202216066481995,"{""article"": 2125, ""conference-paper"": 24, ""review"": 17}"
30,2015,2166,4,2.744405909384307,0.5143120960295475,209.73361034164358,14.325484764542937,0.0,0.0,0.016158818097876268,0.07017543859649122,"{""article"": 2099, ""conference-paper"": 49, ""review"": 18}"
30,2020,2166,4,2.722610197243665,0.5249307479224377,218.42151431209604,14.995844875346261,0.0,0.0,0.011542012927054479,0.04847645429362881,"{""article"": 2105, ""conference-paper"": 33, ""review"": 28}"
31,2000,2166,8,5.009111814724762,0.3781163434903047,144.22899353647276,11.247460757156048,0.0,0.0,0.02631578947368421,0.17082179132040629,"{""article"": 1697, ""conference-paper"": 469}"
31,2005,2704,8,5.130634973043367,0.3631656804733728,152.13905325443787,11.467455621301776,0.0,0.0,0.02403846153846154,0.15495562130177515,"{""article"": 2169, ""conference-paper"": 534, ""review"": 1}"
31,2010,3094,8,5.47546055050164,0.3290239172592114,159.89657401422107,11.675500969618616,0.0,0.0,0.029734970911441498,0.11861667744020685,"{""article"": 2469, ""conference-paper"": 620, ""review"": 5}"
31,2015,3388,8,5.401691791161208,0.3155253837072019,167.71576151121604,12.131050767414404,0.0,0.0,0.02066115702479339,0.0870720188902007,"{""article"": 2744, ""conference-paper"": 637, ""review"": 7}"
31,2020,3470,8,5.526833114482359,0.29827089337175794,179.94034582132565,12.282420749279538,0.0011527377521613833,0.0,0.019020172910662825,0.05936599423631124,"{""article"": 2970, ""conference-paper"": 496, ""review"": 4}"
32,2000,2166,7,4.466184590338243,0.32917820867959374,171.53508771929825,11.050323176361957,0.0,0.0009233610341643582,0.025392428439519853,0.12557710064635272,"{""article"": 2062, ""conference-paper"": 99, ""review"": 5}"
32,2005,2166,7,4.569649225122148,0.3097876269621422,175.83194829178208,11.414589104339797,0.0,0.0,0.022622345337026777,0.11634349030470914,"{""article"": 2027, ""conference-paper"": 133, ""review"": 6}"
32,2010,2166,7,4.378834189447239,0.33240997229916897,185.11819021237304,12.259926131117266,0.0004616805170821791,0.0,0.018928901200369344,0.0752539242843952,"{""article"": 1985, ""conference-paper"": 161, ""review"": 20}"
32,2015,2577,7,4.4628351799284065,0.3224679860302678,202.569654637175,12.883973612727978,0.0,0.0,0.01785021342646488,0.04540162980209546,"{""article"": 2314, ""conference-paper"": 231, ""review"": 32}"
32,2020,3970,7,4.3333653244211074,0.3876574307304786,219.2410579345088,14.205289672544081,0.0,0.0,0.006045340050377834,0.03047858942065491,"{""article"": 3605, ""conference-paper"": 270, ""review"": 95}"
33,2000,2776,21,9.32520806523882,0.33861671469740634,161.6721902017291,10.891210374639769,0.0,0.0,0.047910662824207494,0.18551873198847263,"{""article"": 2680, ""conference-paper"": 92, ""review"": 4}"
33,2005,4893,22,9.359929187185816,0.3337420805231964,166.507459636215,11.417739628040056,0.00020437359493153485,0.0004087471898630697,0.03208665440425097,0.1759656652360515,"{""article"": 4657, ""conference-paper"": 224, ""review"": 12}"
33,2010,7110,22,9.753027052364272,0.3227848101265823,178.4943741209564,11.9943741209564,0.00014064697609001407,0.0,0.03220815752461322,0.11715893108298171,"{""article"": 6701, ""conference-paper"": 389, ""review"": 20}"
33,2015,8891,22,10.07499261391973,0.29310538747047576,197.47722415926216,12.422899561354178,0.0,0.00022494657518839275,0.03824091778202677,0.06478461365425711,"{""article"": 8184, ""conference-paper"": 673, ""review"": 34}"
33,2020,13879,22,9.696384711414984,0.28236904676129404,209.2318610850926,13.552489372433172,0.0,7.20513005259745e-05,0.03062180272353916,0.03256718783774047,"{""article"": 12883, ""conference-paper"": 911, ""review"": 85}"
34,2000,2166,2,1.5819252393732264,0.8282548476454293,214.03970452446907,13.429824561403509,0.0,0.002770083102493075,0.012465373961218837,0.05909510618651893,"{""article"": 2125, ""conference-paper"": 38, ""review"": 3}"
34,2005,2166,2,1.5491475454183905,0.8411819021237303,216.9819944598338,13.414127423822714,0.0,0.0,0.017543859649122806,0.06879039704524469,"{""article"": 2111, ""conference-paper"": 52, ""review"": 3}"
34,2010,2165,2,1.5190336593273002,0.8526558891454965,226.1921478060046,13.692378752886835,0.0,0.0009237875288683603,0.013856812933025405,0.052655889145496536,"{""article"": 2112, ""conference-paper"": 45, ""review"": 8}"
34,2015,2165,2,1.5337014865418264,0.8471131639722864,235.7214780600462,14.237875288683602,0.0,0.0018475750577367205,0.007390300230946882,0.03741339491916859,"{""article"": 2087, ""conference-paper"": 65, ""review"": 13}"
34,2020,2165,2,1.5053882165702237,0.8577367205542725,250.92378752886836,15.083602771362587,0.0,0.0,0.003695150115473441,0.016628175519630486,"{""article"": 2093, ""conference-paper"": 43, ""review"": 29}"
35,2000,2165,4,3.2196106151677006,0.41431870669745957,203.78845265588916,12.938568129330253,0.0,0.0,0.007852193995381063,0.0697459584295612,"{""article"": 2130, ""conference-paper"": 25, ""review"": 10}"
35,2005,2165,4,3.2380683655794646,0.38983833718244804,202.80323325635104,13.433256351039262,0.0,0.0,0.008314087759815243,0.052655889145496536,"{""article"": 2124, ""conference-paper"": 29, ""review"": 12}"
35,2010,2165,4,3.1859562181956202,0.4124711316397229,210.7311778290993,13.652193995381062,0.0,0.0,0.014780600461893764,0.04341801385681293,"{""article"": 2114, ""conference-paper"": 23, ""review"": 28}"
35,2015,2165,4,3.330457679842415,0.4023094688221709,223.3621247113164,14.648498845265589,0.0,0.0018475750577367205,0.015704387990762125,0.033718244803695153,"{""article"": 2069, ""conference-paper"": 39, ""review"": 57}"
35,2020,2165,4,3.674053408949032,0.37090069284064664,238.5163972286374,15.695612009237875,0.0,0.0,0.006928406466512702,0.028637413394919167,"{""article"": 2030, ""conference-paper"": 34, ""review"": 101}"
36,2000,2165,11,5.183275662962898,0.538568129330254,198.28036951501156,10.940415704387991,0.0,0.0009237875288683603,0.023556581986143188,0.14272517321016168,"{""article"": 2083, ""conference-paper"": 76, ""review"": 6}"
36,2005,2165,11,5.789371682333313,0.48775981524249423,204.42494226327943,11.744572748267899,0.0,0.0018475750577367205,0.019861431870669747,0.12378752886836028,"{""article"": 2091, ""conference-paper"": 59, ""review"": 15}"
36,2010,2165,11,5.774521046395861,0.479445727482679,212.0055427251732,12.686836027713627,0.0,0.0,0.022170900692840646,0.08545034642032333,"{""article"": 2062, ""conference-paper"": 85, ""review"": 18}"
36,2015,2165,11,5.566372860360151,0.5030023094688222,230.1907621247113,13.511778290993071,0.00046189376443418013,0.0,0.019861431870669747,0.0605080831408776,"{""article"": 1981, ""conference-paper"": 142, ""review"": 42}"
36,2020,2833,11,5.791973407370371,0.4797034945287681,244.16519590540062,14.663254500529474,0.0,0.0,0.013766325450052947,0.03353335686551359,"{""article"": 2556, ""conference-paper"": 188, ""review"": 89}"
