field_id,model,input_condition,effect_full1000,median_effect500,absolute_median_change,central95_width500,passes_operational_screen
11,specter,title,0.1832103740971086,0.1831545553859306,5.58187111780184e-05,0.024204525872249166,True
11,specter,abstract,0.31745242503966964,0.31910783652076335,0.001655411481093716,0.017489703831858716,True
11,specter2,title,0.212755783686365,0.21527856337485646,0.002522779688491461,0.018425001520677137,True
11,specter2,abstract,0.34834004878951924,0.3502013023979923,0.0018612536084730569,0.014024082421446704,True
11,scincl,title,0.17910460118188815,0.17865474561580685,0.00044985556608129196,0.028229925119774374,True
11,scincl,abstract,0.333870434774248,0.33549520292702206,0.0016247681527740698,0.01521929412082429,True
11,scibert,title,-0.19102195637741992,-0.19133954834595954,0.0003175919685396156,0.023915314878323324,True
11,scibert,abstract,0.3500976230507359,0.35225999292459104,0.0021623698738551522,0.02083807805460547,True
11,bert,title,-0.056039191535585786,-0.05509739781436135,0.0009417937212244376,0.03281355720152974,True
11,bert,abstract,0.3561719050197516,0.3581885525675367,0.0020166475477850776,0.020449510266512316,True
11,mpnet,title,0.19585485786300427,0.196168549716368,0.00031369185336371785,0.01793215174602536,True
11,mpnet,abstract,0.33645393130037693,0.33599240230260274,0.00046152899777418543,0.014516304230796528,True
11,minilm,title,0.14513027916206456,0.14765395439533952,0.002523675233274958,0.019882139492860773,True
11,minilm,abstract,0.34298284541674584,0.34348430104557853,0.0005014556288326921,0.01364408958384361,True
11,pubmedbert,title,-0.11984461861435497,-0.11578841860133457,0.0040562000130204,0.037039492469230176,True
11,pubmedbert,abstract,0.3956633255315906,0.395261512476213,0.00040181305537762,0.035383305217161376,True
11,biobert,title,-0.28049506926780277,-0.28160882735230824,0.0011137580845054784,0.04548002819645336,False
11,biobert,abstract,0.3650122753834091,0.36111840305528137,0.003893872328127712,0.05411498300758755,False
11,simcse,title,-0.08024965668270334,-0.07938155857490606,0.0008680981077972827,0.02131133456400995,True
11,simcse,abstract,0.4124647430786911,0.4117659415877417,0.0006988014909493634,0.022135675997222326,True
11,mean_of_ten_fixed_models,title,0.018840540351256374,0.01860540161358832,0.00023513873766805443,0.014690439799376427,True
11,mean_of_ten_fixed_models,abstract,0.3558509557384738,0.35621560666470087,0.0003646509262270614,0.01986671838873011,True
12,specter,title,0.10226814942308948,0.10585478787438762,0.003586638451298141,0.04987437752806535,False
12,specter,abstract,0.38882411984479204,0.3851147797319601,0.003709340112831916,0.02590880290124059,True
12,specter2,title,0.13501493286039484,0.1314491560241498,0.003565776836245038,0.02920751138134589,True
12,specter2,abstract,0.3393599669060528,0.338377778792618,0.000982188113434812,0.030723515559039793,True
12,scincl,title,0.02358772482046939,0.02278263944628256,0.0008050853741868313,0.039451707688044166,True
12,scincl,abstract,0.37436221842730893,0.3723739615303201,0.001988256896988838,0.029686744767261797,True
12,scibert,title,-0.26926612280242207,-0.2699005412836688,0.0006344184812467346,0.026487215064860015,True
12,scibert,abstract,0.3673506484992222,0.36466580720871367,0.002684841290508555,0.031209702770142678,True
12,bert,title,-0.20584460937233806,-0.20463944240586898,0.001205166966469079,0.04298226458559165,False
12,bert,abstract,0.35745869827386667,0.3550044183668339,0.002454279907032786,0.01965083267779888,True
12,mpnet,title,0.16480884389968187,0.1623375378848618,0.0024713060148200683,0.0303216720757013,True
12,mpnet,abstract,0.40374494650301274,0.40313205445480643,0.0006128920482063038,0.025098632458956438,True
12,minilm,title,0.10368867572717844,0.09982418631186302,0.0038644894153154197,0.02613206350940063,True
12,minilm,abstract,0.39654191846486553,0.395903391603027,0.0006385268618385176,0.02315776666811764,True
12,pubmedbert,title,-0.22206988194191168,-0.2180210127912209,0.004048869150690776,0.06489742853302694,False
12,pubmedbert,abstract,0.4221646191977705,0.4101437061548414,0.012020913042929071,0.037168308680183004,True
12,biobert,title,-0.2990691097478488,-0.3007635893833911,0.001694479635542312,0.045899070585664836,False
12,biobert,abstract,0.40736110562289335,0.40247178440810694,0.004889321214786413,0.03014475648675602,True
12,simcse,title,-0.17707981643838788,-0.1793952820574245,0.0023154656190366163,0.03549047972902475,True
12,simcse,abstract,0.39608881846523714,0.39264716200380034,0.003441656461436793,0.016798682782215524,True
12,mean_of_ten_fixed_models,title,-0.06439612135720944,-0.06510213336060494,0.0007060120033954981,0.020661115535938905,True
12,mean_of_ten_fixed_models,abstract,0.3853257060205022,0.38201561515327576,0.003310090867226445,0.025456003932817772,True
13,specter,title,0.21253770020509827,0.21146248404481963,0.0010752161602786414,0.014451584332778544,True
13,specter,abstract,0.3449214810642904,0.3442535693588624,0.0006679117054279593,0.011756039592230372,True
13,specter2,title,0.236605271854897,0.23836469330383925,0.0017594214489422555,0.01895287231281087,True
13,specter2,abstract,0.38843738498431957,0.3889380240901327,0.0005006391058131054,0.01422205877584487,True
13,scincl,title,0.21122432595929846,0.21260422634915918,0.0013799003898607165,0.025790171351595004,True
13,scincl,abstract,0.3511611880923858,0.351351712017505,0.00019052392511920146,0.01307529345606051,True
13,scibert,title,-0.148608557243104,-0.14934124323878176,0.0007326859956777454,0.025648966587616367,True
13,scibert,abstract,0.36456524175704236,0.36352967915560264,0.0010355626014397212,0.016549297886698677,True
13,bert,title,0.04554258932430827,0.0473515018284176,0.0018089125041093335,0.04552023909313131,False
13,bert,abstract,0.3890017001352472,0.38753520923746415,0.001466490897783057,0.014104456488679362,True
13,mpnet,title,0.19338569159644836,0.1965152033421591,0.0031295117457107446,0.023863056049602455,True
13,mpnet,abstract,0.3675010391671989,0.3673640800501825,0.00013695911701638863,0.013918904417534683,True
13,minilm,title,0.15408093663122674,0.15621852567282962,0.002137589041602883,0.021636216011533177,True
13,minilm,abstract,0.36958564316464143,0.3693203680295424,0.0002652751350990523,0.012586817980850151,True
13,pubmedbert,title,-0.0639022389351715,-0.06571869757436197,0.0018164586391904713,0.03927228065551975,True
13,pubmedbert,abstract,0.3953185159117782,0.3933298800616295,0.00198863585014869,0.01658661302913028,True
13,biobert,title,-0.23898067099608733,-0.24044824870271014,0.0014675777066228135,0.04695358290955795,False
13,biobert,abstract,0.3539354258638171,0.3488773860284774,0.0050580398353397005,0.0315811004109276,True
13,simcse,title,-0.017224714800342378,-0.01624005303430584,0.0009846617660365375,0.023790460843568395,True
13,simcse,abstract,0.43426679008190416,0.4338365758199627,0.00043021426194145285,0.01613808003067624,True
13,mean_of_ten_fixed_models,title,0.05846603335965719,0.05899187221332727,0.0005258388536700867,0.02175694462818721,True
13,mean_of_ten_fixed_models,abstract,0.3758694410222625,0.37423131651606983,0.001638124506192662,0.011302343692698391,True
14,specter,title,0.17371421432126832,0.1776289988515929,0.0039147845303245665,0.037658131779135795,True
14,specter,abstract,0.38652418720370174,0.38874940824293847,0.0022252210392367244,0.012448571065351743,True
14,specter2,title,0.16548240437417527,0.16540232976767175,8.007460650352738e-05,0.023258732881711708,True
14,specter2,abstract,0.33742833432216335,0.33758375271844987,0.00015541839628652188,0.01275371707626094,True
14,scincl,title,0.13326611060833488,0.13513526079100327,0.0018691501826683943,0.03758632938122268,True
14,scincl,abstract,0.37688756302021836,0.37768443359896786,0.0007968705787494978,0.014773525049395775,True
14,scibert,title,-0.18951040575353434,-0.18734016204492826,0.002170243708606079,0.03642631303055821,True
14,scibert,abstract,0.4049216582706667,0.4060252459785419,0.0011035877078752199,0.023511136324189552,True
14,bert,title,-0.182599465702309,-0.1802789303158072,0.0023205353865018152,0.0352974958964945,True
14,bert,abstract,0.38887046264334013,0.390025404053752,0.0011549414104118916,0.022178209014364403,True
14,mpnet,title,0.1713302588971244,0.17294066303393782,0.0016104041368134314,0.03245097541488018,True
14,mpnet,abstract,0.3716861217029477,0.3739331020411598,0.0022469803382121345,0.01293921887227023,True
14,minilm,title,0.12266971623826872,0.12457483930084329,0.0019051230625745652,0.028706747237402908,True
14,minilm,abstract,0.3794332286823924,0.3805075964877451,0.0010743678053527494,0.015915659721979558,True
14,pubmedbert,title,-0.22303749553946106,-0.22009864969355986,0.0029388458459012057,0.04399904098962176,False
14,pubmedbert,abstract,0.4341318815152686,0.43366560973275114,0.0004662717825174578,0.02189720179329202,True
14,biobert,title,-0.2996145378228917,-0.2971145006078154,0.0025000372150763006,0.040014811737014155,False
14,biobert,abstract,0.4003889073883218,0.39998975583370644,0.00039915155461534013,0.03769137087757074,True
14,simcse,title,-0.11496071203405972,-0.11351873329822018,0.0014419787358395386,0.03327899053409776,True
14,simcse,abstract,0.41265946127190006,0.41381451973083533,0.0011550584589352653,0.01814065001441395,True
14,mean_of_ten_fixed_models,title,-0.024325991241308426,-0.02174807973375717,0.0025779115075512567,0.021382185707355103,True
14,mean_of_ten_fixed_models,abstract,0.38929318060209206,0.3899952909844304,0.0007021103823383612,0.017036837035115993,True
15,specter,title,0.12005108969818334,0.12154369877068691,0.0014926090725035646,0.02282738170669231,True
15,specter,abstract,0.21312020198542492,0.21419662453125343,0.0010764225458285148,0.018093374143282964,True
15,specter2,title,0.12484879547958105,0.12526457700584484,0.0004157815262637865,0.01930887915990631,True
15,specter2,abstract,0.2570532292703047,0.25684799781808176,0.0002052314522229537,0.01583706394361592,True
15,scincl,title,0.13594224366828228,0.13687136112118242,0.0009291174529001411,0.022265043418814384,True
15,scincl,abstract,0.25045535495523713,0.25083515940280615,0.000379804447569021,0.015023319228894688,True
15,scibert,title,-0.14618131510741939,-0.14592384315667725,0.000257471950742133,0.026092833146263344,True
15,scibert,abstract,0.2737417152769862,0.27310191354256125,0.0006398017344249607,0.01850463583551798,True
15,bert,title,0.004984092645026195,-0.000522623838948133,0.005506716483974328,0.025991184255336298,True
15,bert,abstract,0.29019142111476237,0.2910511268758562,0.000859705761093843,0.017659765562002605,True
15,mpnet,title,0.13638197028453336,0.13730929746084444,0.0009273271763110824,0.019706747142170356,True
15,mpnet,abstract,0.25392713500750486,0.25388101866428187,4.611634322299052e-05,0.017465440807038712,True
15,minilm,title,0.1155987294081145,0.1165299559926937,0.0009312265845791978,0.020060881196940855,True
15,minilm,abstract,0.2654659884999682,0.2649238141363516,0.0005421743636166432,0.019835518090456583,True
15,pubmedbert,title,-0.112046383518414,-0.11058006511869178,0.0014663183997222218,0.033945769272686416,True
15,pubmedbert,abstract,0.29691828428188627,0.29820520923280125,0.0012869249509149805,0.02393540512838399,True
15,biobert,title,-0.28240459653258765,-0.2806422277782372,0.0017623687543504296,0.03413292115963662,True
15,biobert,abstract,0.2503502436122048,0.25152310422714685,0.0011728606149420395,0.02012671336178859,True
15,simcse,title,-0.06721177466434952,-0.06839023104832206,0.0011784563839725426,0.021583848187847365,True
15,simcse,abstract,0.3009824599554976,0.299835948693549,0.0011465112619485907,0.020372206829171846,True
15,mean_of_ten_fixed_models,title,0.002996285136095017,0.0035799732417031967,0.0005836881056081795,0.01594022928145019,True
15,mean_of_ten_fixed_models,abstract,0.2652206033959777,0.2653907433718744,0.00017013997589671037,0.01578038164000206,True
16,specter,title,0.15250686422831927,0.15257011331607842,6.32490877591485e-05,0.019766589563018883,True
16,specter,abstract,0.2330215146467426,0.23350744373522317,0.00048592908848058003,0.021204020291841236,True
16,specter2,title,0.1542638297655567,0.1542497962311879,1.4033534368795841e-05,0.02287756011142869,True
16,specter2,abstract,0.28998816887040973,0.28920371132206046,0.0007844575483492711,0.022740067048620582,True
16,scincl,title,0.17254045559078224,0.174095026386824,0.0015545707960417654,0.019583678811766453,True
16,scincl,abstract,0.2985654062905978,0.2995129382520897,0.0009475319614918876,0.019511300449766622,True
16,scibert,title,-0.14465972471340366,-0.14163878089232718,0.0030209438210764827,0.031427836370466644,True
16,scibert,abstract,0.26512118263005685,0.2668027361414938,0.0016815535114369506,0.02801023369811606,True
16,bert,title,-0.005419744586792619,-0.001453032526705228,0.003966712060087391,0.048497892154822295,False
16,bert,abstract,0.30839990652230453,0.3084892109168641,8.930439455956396e-05,0.031379635162357145,True
16,mpnet,title,0.14449560661253008,0.14285371451827855,0.0016418920942515292,0.0217709674395479,True
16,mpnet,abstract,0.29697833030102777,0.2966730280680722,0.00030530223295555103,0.02128799320510144,True
16,minilm,title,0.09715678015829565,0.09556362233244586,0.0015931578258497892,0.025044292908759133,True
16,minilm,abstract,0.29960288224050047,0.29940231961804875,0.00020056262245171652,0.02297753230902566,True
16,pubmedbert,title,-0.08111420978727935,-0.08523223927779325,0.0041180294905139025,0.049246095862370526,False
16,pubmedbert,abstract,0.2825461856664544,0.28374311810683706,0.0011969324403826587,0.026281030480229783,True
16,biobert,title,-0.14201632698467603,-0.14317332827825352,0.0011570012935774865,0.04397991314188408,False
16,biobert,abstract,0.2665811854691812,0.268493722788976,0.0019125373197947937,0.02299446373598285,True
16,simcse,title,-0.06573034137265543,-0.06492304947339744,0.0008072918992579892,0.03846216198107316,True
16,simcse,abstract,0.3395071167721653,0.3400906866482289,0.0005835698760636165,0.024756500179773266,True
16,mean_of_ten_fixed_models,title,0.028202318891067685,0.02885546709321301,0.000653148202145324,0.023137282298447952,True
16,mean_of_ten_fixed_models,abstract,0.288031187940944,0.2891931679174644,0.0011619799765203997,0.021319981545478317,True
17,specter,title,0.1625661252417378,0.16094524305790545,0.0016208821838323562,0.02206504665503009,True
17,specter,abstract,0.34859950198428985,0.3457194567840248,0.0028800452002650245,0.015766136925189966,True
17,specter2,title,0.1564616531346376,0.1568786543718207,0.0004170012371830789,0.024377566212246182,True
17,specter2,abstract,0.3344660569416374,0.3327798164550804,0.001686240486556967,0.013762309718272914,True
17,scincl,title,0.15545068561832343,0.15725619776992897,0.0018055121516055428,0.019615448032213934,True
17,scincl,abstract,0.3496547189025483,0.3480325086865319,0.0016222102160163843,0.014715558804533346,True
17,scibert,title,-0.13167731802000504,-0.13190401036432084,0.00022669234431579866,0.03921063040583389,True
17,scibert,abstract,0.3770769765239663,0.373762747077631,0.003314229446335304,0.017198714254031355,True
17,bert,title,-0.08479614190807583,-0.08067127980924732,0.004124862098828508,0.03855298743402498,True
17,bert,abstract,0.3606309824313533,0.3577326439617772,0.0028983384695761005,0.018960439075180746,True
17,mpnet,title,0.13493427702591754,0.13453372226538188,0.00040055476053565964,0.02632187303950459,True
17,mpnet,abstract,0.34555194368132836,0.3430285061113534,0.0025234375699749734,0.016637544254651415,True
17,minilm,title,0.11178388175868137,0.11054381308641636,0.0012400686722650045,0.021974630572137582,True
17,minilm,abstract,0.35367258349980446,0.35153763128044,0.002134952219364439,0.016826094782906587,True
17,pubmedbert,title,-0.20238299631016332,-0.2045631125345558,0.0021801162243924865,0.04870388123124214,False
17,pubmedbert,abstract,0.37016893797226746,0.36651913393002034,0.003649804042247129,0.02019234579465712,True
17,biobert,title,-0.2896692983360999,-0.29152567188173306,0.001856373545633172,0.03149907500897936,True
17,biobert,abstract,0.3616953912818768,0.35829577654194594,0.003399614739930834,0.023125890273813843,True
17,simcse,title,-0.06317607721261875,-0.06205522554362225,0.0011208516689965031,0.029613994486288743,True
17,simcse,abstract,0.3818971536285619,0.3802667830195309,0.00163037060903104,0.016270989608748065,True
17,mean_of_ten_fixed_models,title,-0.0050505209007665084,-0.005422110909486339,0.0003715900087198302,0.022842916904085523,True
17,mean_of_ten_fixed_models,abstract,0.35834142468476343,0.355166267966465,0.003175156718298433,0.015040715628428902,True
18,specter,title,0.1357537469075687,0.13936312411487128,0.0036093772073025887,0.02622869853871268,True
18,specter,abstract,0.34319688098628,0.3444066959766525,0.0012098149903725375,0.015490249921352228,True
18,specter2,title,0.13529167481307353,0.1415565984697482,0.006264923656674665,0.027252287604322828,True
18,specter2,abstract,0.3224879558492392,0.32442241434048835,0.0019344584912491247,0.01840353533720751,True
18,scincl,title,0.12593355573720394,0.13211319696209634,0.006179641224892396,0.030796289632603988,True
18,scincl,abstract,0.3407576672023988,0.34228233153475696,0.00152466433235815,0.018639944061874247,True
18,scibert,title,-0.19021174261450952,-0.18684337925261713,0.0033683633618923903,0.03732709975492168,True
18,scibert,abstract,0.3722156394355413,0.3761294058729493,0.003913766437407984,0.020588608897650684,True
18,bert,title,-0.10681658022939627,-0.10775792241287205,0.000941342183475774,0.03654121599369732,True
18,bert,abstract,0.3606137910216312,0.3631859147556401,0.002572123734008891,0.01907255690802162,True
18,mpnet,title,0.13171112962426762,0.1346023957825505,0.0028912661582828902,0.02514016933184164,True
18,mpnet,abstract,0.33378119496539577,0.3358595550502053,0.0020783600848095496,0.018861581315448905,True
18,minilm,title,0.1009663169476176,0.10328921422467621,0.0023228972770586165,0.01727478160327406,True
18,minilm,abstract,0.3505343099661913,0.3529143726258063,0.0023800626596150454,0.015985367409595885,True
18,pubmedbert,title,-0.21226099491059003,-0.21685755178801522,0.00459655687742519,0.038167081438529565,True
18,pubmedbert,abstract,0.3812569442526915,0.3879924904933937,0.006735546240702162,0.027298805545800997,True
18,biobert,title,-0.30414533990901044,-0.3069760108514424,0.0028306709424319454,0.030839175168833277,True
18,biobert,abstract,0.3542255842049819,0.36523582231980495,0.011010238114823045,0.06154923984932881,False
18,simcse,title,-0.07065260345938035,-0.06940334235092546,0.0012492611084548855,0.02966175143802796,True
18,simcse,abstract,0.38647747497862023,0.3899053691243146,0.003427894145694388,0.017832464004792936,True
18,mean_of_ten_fixed_models,title,-0.02544308370931552,-0.02392865570253713,0.001514428006778392,0.01593919786201358,True
18,mean_of_ten_fixed_models,abstract,0.35455474428629713,0.3572869660336453,0.0027322217473481625,0.020272630709838202,True
19,specter,title,0.10401257561874716,0.1080243222270563,0.004011746608309136,0.031068363146373193,True
19,specter,abstract,0.26138875798273026,0.2628684891485956,0.0014797311658653611,0.02675773677102586,True
19,specter2,title,0.11465240171569302,0.1195235950675696,0.004871193351876579,0.025771240090591924,True
19,specter2,abstract,0.2937782723490877,0.2957205159698344,0.0019422436207466864,0.023962351258513426,True
19,scincl,title,0.11823414411512179,0.12201005160254794,0.00377590748742615,0.027138155893356594,True
19,scincl,abstract,0.28585373598332764,0.28724021815688877,0.0013864821735611321,0.025073912581415225,True
19,scibert,title,-0.14850357974587064,-0.14783569091674154,0.0006678888291291041,0.03111552518036098,True
19,scibert,abstract,0.29955285289018524,0.3010547584055212,0.0015019055153359662,0.03225923124381158,True
19,bert,title,-0.07231074735992593,-0.07140421001373337,0.0009065373461925597,0.028550138095847576,True
19,bert,abstract,0.27474132660934303,0.2732088549021505,0.0015324717071925065,0.027307654421639516,True
19,mpnet,title,0.1398553650915747,0.14430871704490028,0.004453351953325579,0.022542234043712084,True
19,mpnet,abstract,0.29920450181929004,0.3006572406146052,0.001452738795315156,0.02300901527284621,True
19,minilm,title,0.08208394331620111,0.08538271494984401,0.003298771633642894,0.025061265624709395,True
19,minilm,abstract,0.29668492512078853,0.298324432600498,0.0016395074797094789,0.02492016752992915,True
19,pubmedbert,title,-0.11621652233460705,-0.11193195764312533,0.004284564691481724,0.0358739897049901,True
19,pubmedbert,abstract,0.2995665856138325,0.2969511852906186,0.00261540032321389,0.037402197538781434,True
19,biobert,title,-0.3030873167208959,-0.3013541305363015,0.001733186184594393,0.024585726875830216,True
19,biobert,abstract,0.30156991209722733,0.30055952090637683,0.0010103911908505014,0.05098701150410123,False
19,simcse,title,-0.09480758686940566,-0.09441693195628084,0.00039065491312481604,0.022569497538803773,True
19,simcse,abstract,0.3427000412962415,0.3435268204156014,0.0008267791193599106,0.025133226018226984,True
19,mean_of_ten_fixed_models,title,-0.01760873231733674,-0.014882748801522332,0.0027259835158144063,0.015630199285304326,True
19,mean_of_ten_fixed_models,abstract,0.29550409117620535,0.2967110287398652,0.00120693756365986,0.028890998759595832,True
20,specter,title,0.14342462397506006,0.13820879290084387,0.005215831074216193,0.0302692247594063,True
20,specter,abstract,0.3766575762762563,0.37473531616020594,0.001922260116050345,0.02490449213325635,True
20,specter2,title,0.14008892451692712,0.13952327232943493,0.0005656521874921883,0.03251008590646709,True
20,specter2,abstract,0.3344540218933254,0.3313280463915461,0.003125975501779288,0.02659279818666288,True
20,scincl,title,0.11536977078688837,0.11235760753164781,0.003012163255240563,0.036310560897419075,True
20,scincl,abstract,0.36585375238999174,0.36668409055279844,0.0008303381628066986,0.020178939068178137,True
20,scibert,title,-0.20542057778598988,-0.20402880199281337,0.0013917757931765085,0.03361079598791489,True
20,scibert,abstract,0.3784227268402428,0.3798056322253034,0.0013829053850605844,0.022322659940216094,True
20,bert,title,-0.18330221626152526,-0.1839150914839985,0.000612875222473247,0.032181431126931864,True
20,bert,abstract,0.3661909068793285,0.3655239342029103,0.0006669726764181871,0.02057680634454695,True
20,mpnet,title,0.14690371503594002,0.14631909679324248,0.0005846182426975377,0.03400038862566762,True
20,mpnet,abstract,0.36807673731879254,0.3670001249890129,0.0010766123297796248,0.025653618190670302,True
20,minilm,title,0.09563499180879248,0.09517860664804753,0.0004563851607449487,0.02819820935838746,True
20,minilm,abstract,0.3765920505048816,0.3761541289963844,0.0004379215084971966,0.0221820405774244,True
20,pubmedbert,title,-0.22844524415754336,-0.22632455741323515,0.002120686744308209,0.04433569075975749,False
20,pubmedbert,abstract,0.42450438027563636,0.42446539522423715,3.89850513992096e-05,0.03407092781183285,True
20,biobert,title,-0.2952411343499766,-0.2958716422808459,0.0006305079308692729,0.037652540931055245,True
20,biobert,abstract,0.4030308977111697,0.3972517196061773,0.0057791781049924,0.06638340925952824,False
20,simcse,title,-0.11144843065955451,-0.11347739851110955,0.0020289678515550413,0.026509650173986182,True
20,simcse,abstract,0.3990935469045453,0.39913530050886525,4.175360431996067e-05,0.023033196310107473,True
20,mean_of_ten_fixed_models,title,-0.03824355770909816,-0.03872214426389292,0.0004785865547947618,0.022691228677150992,True
20,mean_of_ten_fixed_models,abstract,0.379287659699417,0.3787991633778154,0.0004884963216016391,0.02582336725989154,True
21,specter,title,0.08003822218708698,0.08079933844241988,0.0007611162553328998,0.016317576845393825,True
21,specter,abstract,0.16880519278107828,0.16766482685413106,0.0011403659269472177,0.011171920216859393,True
21,specter2,title,0.11242755002301752,0.11343731823363538,0.0010097682106178646,0.008703899456194722,True
21,specter2,abstract,0.1970471883053979,0.1972633348720485,0.00021614656665058796,0.010522528145416266,True
21,scincl,title,0.11226446646709767,0.1130007114926744,0.0007362450255767317,0.014724019552097303,True
21,scincl,abstract,0.20198871781175667,0.20189972076964202,8.899704211465242e-05,0.014311749751885261,True
21,scibert,title,-0.08495641687433497,-0.08124623813718766,0.00371017873714731,0.01709361288269473,True
21,scibert,abstract,0.21130681197623846,0.21108362565356703,0.00022318632267143146,0.013367787086397076,True
21,bert,title,0.0033042755680631475,0.00447173482245794,0.0011674592543947926,0.025328411286323505,True
21,bert,abstract,0.20669869740349314,0.20751721515278743,0.0008185177492942841,0.012722862797716755,True
21,mpnet,title,0.10422271285744686,0.10455706517330281,0.0003343523158559486,0.010777653272871654,True
21,mpnet,abstract,0.19535697287330153,0.19483508223064383,0.0005218906426577019,0.012404085623906574,True
21,minilm,title,0.08160599708284844,0.08300153473313211,0.0013955376502836764,0.014099755013104662,True
21,minilm,abstract,0.21220402664480675,0.2114691853887108,0.0007348412560959638,0.009789658627011227,True
21,pubmedbert,title,-0.07211918462583466,-0.06975189111266511,0.002367293513169555,0.0336121763490139,True
21,pubmedbert,abstract,0.21565264470969003,0.21591370084123324,0.0002610561315432025,0.01505524728445301,True
21,biobert,title,-0.2774762818239319,-0.27481904882212604,0.00265723300180587,0.03166636962979402,True
21,biobert,abstract,0.1899369658990263,0.1894392682271478,0.0004976976718785164,0.011607898170717446,True
21,simcse,title,-0.05961317199303434,-0.0599131187984793,0.0002999468054449561,0.015743638105508682,True
21,simcse,abstract,0.2590056413857121,0.26071088029916084,0.0017052389134487589,0.0176795844592314,True
21,mean_of_ten_fixed_models,title,-3.0183113157528085e-05,0.0010951726973923992,0.0011253558105499273,0.01099771277063194,True
21,mean_of_ten_fixed_models,abstract,0.20580028597905015,0.20622393523557542,0.0004236492565252714,0.010092865694137448,True
22,specter,title,0.16959474323096702,0.1688480035944754,0.0007467396364916057,0.023765917702589956,True
22,specter,abstract,0.325964774916632,0.3279491152313586,0.001984340314726607,0.018882766773206106,True
22,specter2,title,0.16167152512437816,0.16315908970633533,0.0014875645819571737,0.016896568231444697,True
22,specter2,abstract,0.32868033767178567,0.3312521879313777,0.002571850259592001,0.011384307405324035,True
22,scincl,title,0.17160432061687542,0.1716459068127753,4.1586195899889766e-05,0.021887161000617078,True
22,scincl,abstract,0.3388049698942737,0.34128126022630684,0.0024762903320331153,0.015452436580178863,True
22,scibert,title,-0.09418002315351448,-0.09667384985141028,0.0024938266978958012,0.019582202717193672,True
22,scibert,abstract,0.3674073685060907,0.36819956712243135,0.0007921986163406669,0.023859106407401576,True
22,bert,title,-0.03221960078736563,-0.030351636412683652,0.0018679643746819796,0.022241809609339722,True
22,bert,abstract,0.34982073896996524,0.3518383976892047,0.002017658719239479,0.01430642012456168,True
22,mpnet,title,0.1704992522478837,0.17241985730499468,0.0019206050571109745,0.021282408232730893,True
22,mpnet,abstract,0.34486595707584283,0.3468889441832733,0.002022987107430485,0.01711516212470865,True
22,minilm,title,0.14345486141063207,0.1441559014541552,0.0007010400435231157,0.020353502873416418,True
22,minilm,abstract,0.36711475727959925,0.36942551738409934,0.002310760104500098,0.012006077947178118,True
22,pubmedbert,title,-0.12277603410859733,-0.12213258991558526,0.0006434441930120716,0.028899407084057777,True
22,pubmedbert,abstract,0.3537675650940308,0.35642225243642744,0.0026546873423966555,0.018131116213947973,True
22,biobert,title,-0.2672978898409805,-0.2655319145630206,0.001765975277959908,0.026272778362091687,True
22,biobert,abstract,0.33546569625003814,0.33717417008301315,0.0017084738329750104,0.016244252278902915,True
22,simcse,title,-0.019947241649786063,-0.02066878482437498,0.0007215431745889178,0.026442623301627343,True
22,simcse,abstract,0.37951757880368314,0.38077755194849694,0.0012599731448137974,0.01624687531537411,True
22,mean_of_ten_fixed_models,title,0.02804039130904924,0.02821083742852356,0.0001704461194743205,0.012142010684201045,True
22,mean_of_ten_fixed_models,abstract,0.34914097444619413,0.3509029989669111,0.0017620245207169427,0.014095090817963174,True
23,specter,title,0.14615737476072588,0.14437989810945367,0.0017774766512722029,0.015350604751230706,True
23,specter,abstract,0.3027608264022851,0.3014669055604059,0.0012939208418791814,0.020201878048596855,True
23,specter2,title,0.1504803218887385,0.14884836181457053,0.0016319600741679652,0.013073886496965031,True
23,specter2,abstract,0.30552753855423864,0.3037858985549374,0.00174163999930127,0.016661637312367528,True
23,scincl,title,0.15237063208236512,0.14879085358684577,0.0035797784955193535,0.019154721427415144,True
23,scincl,abstract,0.31530884850345986,0.31302373990292337,0.0022851086005364896,0.018680230811414955,True
23,scibert,title,-0.1463305924686964,-0.14279174925867869,0.0035388432100177114,0.024408256272302614,True
23,scibert,abstract,0.33340562649228955,0.3310356327699798,0.0023699937223097267,0.020463272994106885,True
23,bert,title,-0.06718212525876771,-0.06617678207371938,0.0010053431850483296,0.029357812289862457,True
23,bert,abstract,0.30647981902053206,0.3061650170630371,0.0003148019574949479,0.016197103641039268,True
23,mpnet,title,0.1609206314877104,0.15797678376461982,0.002943847723090587,0.0136656731308748,True
23,mpnet,abstract,0.31888005842505207,0.3175531993521423,0.0013268590729097474,0.014853708111750408,True
23,minilm,title,0.11611058817865522,0.11443878777551886,0.0016718004031363587,0.014903406903365196,True
23,minilm,abstract,0.3237037344831954,0.3227034427375419,0.00100029174565347,0.012168260082689397,True
23,pubmedbert,title,-0.11974477923473714,-0.11876562552657774,0.0009791537081594026,0.04062816272784146,False
23,pubmedbert,abstract,0.34454522867158854,0.34193584427014545,0.0026093844014430934,0.025927054965102225,True
23,biobert,title,-0.30454937371892804,-0.3005433407503407,0.004006032968587314,0.04740753687144139,False
23,biobert,abstract,0.31902802749417475,0.31596457924032656,0.003063448253848189,0.02752667553758892,True
23,simcse,title,-0.08584390821343285,-0.087843383188526,0.001999474975093146,0.03298145778977998,True
23,simcse,abstract,0.3668650154336704,0.3664089829604039,0.00045603247326647667,0.01655497479118684,True
23,mean_of_ten_fixed_models,title,0.00023887695036329816,0.0001571559314948373,8.172101886846087e-05,0.015854994928911154,True
23,mean_of_ten_fixed_models,abstract,0.3236504723480486,0.3214807201205544,0.002169752227494215,0.017015434995126144,True
24,specter,title,0.19305174776442624,0.19299731248148647,5.443528293977429e-05,0.03333978302197066,True
24,specter,abstract,0.3354103948034026,0.33469699706420886,0.0007133977391937663,0.030803967186508407,True
24,specter2,title,0.23448379271342257,0.2323555387382387,0.0021282539751838747,0.026940658149530422,True
24,specter2,abstract,0.36922060851154437,0.3677139771801092,0.0015066313314351931,0.02831864906999798,True
24,scincl,title,0.20809881846930584,0.20641800204526198,0.0016808164240438572,0.02790256708724645,True
24,scincl,abstract,0.3478966806912253,0.345386016531987,0.0025106641592383405,0.029900517783403247,True
24,scibert,title,-0.1734158698416568,-0.17485200139726612,0.0014361315556093157,0.025476799287828616,True
24,scibert,abstract,0.3496391974866052,0.34919357211467383,0.00044562537193137963,0.02642807021848309,True
24,bert,title,0.01902130358222187,0.01623117677297589,0.0027901268092459797,0.04089029058089385,False
24,bert,abstract,0.3780625925146268,0.378964387534073,0.0009017950194462054,0.02477442905923588,True
24,mpnet,title,0.20022674902253218,0.19727562530259984,0.002951123719932336,0.028225783161625134,True
24,mpnet,abstract,0.3520210281965082,0.3517240064651695,0.00029702173133872023,0.028429296562463235,True
24,minilm,title,0.15856324858306403,0.15722471244563546,0.0013385361374285698,0.02150664625459453,True
24,minilm,abstract,0.34803100220377226,0.34739104557966405,0.0006399566241082066,0.02531745834909238,True
24,pubmedbert,title,-0.12296296035429444,-0.12574733382737152,0.002784373473077084,0.03535996192050059,True
24,pubmedbert,abstract,0.3865809377908056,0.3849600544305545,0.0016208833602511241,0.03169229544228802,True
24,biobert,title,-0.2550463296523793,-0.25607488159269953,0.0010285519403202548,0.028259684802424773,True
24,biobert,abstract,0.3869730115656329,0.3839120885933078,0.0030609229723251308,0.0907540776511988,False
24,simcse,title,-0.03969862759938969,-0.04054435927871286,0.0008457316793231695,0.03744458347520663,True
24,simcse,abstract,0.42177034095730304,0.42211565440204524,0.00034531344474220127,0.022325677618858564,True
24,mean_of_ten_fixed_models,title,0.042232187268725255,0.038807508221970176,0.003424679046755079,0.018983137957881858,True
24,mean_of_ten_fixed_models,abstract,0.36756057947214266,0.3652201050259495,0.002340474446193175,0.03311593311284777,True
25,specter,title,0.14878590960527938,0.14803833030196656,0.0007475793033128175,0.01938023721801821,True
25,specter,abstract,0.3076044876734032,0.3078098931549085,0.00020540548150527194,0.016203174155850153,True
25,specter2,title,0.1686952034677155,0.16875329072811612,5.808726040062995e-05,0.01677450178763748,True
25,specter2,abstract,0.34187496796168626,0.3418044287631626,7.053919852367807e-05,0.013755669167353712,True
25,scincl,title,0.17676524254423398,0.17854741020351977,0.0017821676592857938,0.021637503474331743,True
25,scincl,abstract,0.3345259905861737,0.33503906260628424,0.0005130720201105277,0.016572982725819363,True
25,scibert,title,-0.173300588624276,-0.17298747893932093,0.00031310968495507074,0.02424556104668138,True
25,scibert,abstract,0.33993665194899947,0.3407416251432211,0.0008049731942216254,0.01832748693160935,True
25,bert,title,-0.06984952437422065,-0.07543208662180495,0.0055825622475842995,0.036982872183601696,True
25,bert,abstract,0.3852856129971355,0.38508943162462916,0.00019618137250632106,0.019495633750290342,True
25,mpnet,title,0.17018886173535042,0.1723686777857192,0.0021798160503687936,0.02200951285553307,True
25,mpnet,abstract,0.34498885545462543,0.34578924549951007,0.0008003900448846357,0.01444617449237151,True
25,minilm,title,0.1426348324128519,0.14535685282876407,0.0027220204159121575,0.01902110501832216,True
25,minilm,abstract,0.3556923681791062,0.35643236898632225,0.0007400008072160347,0.01292626062533303,True
25,pubmedbert,title,-0.1414958612611491,-0.1397429987896336,0.001752862471515515,0.04076181991481831,False
25,pubmedbert,abstract,0.35039228327303906,0.34951938448533926,0.0008728987876998051,0.022869282964401938,True
25,biobert,title,-0.24729483825862558,-0.24841748526303187,0.0011226470044062853,0.03477446705521625,True
25,biobert,abstract,0.32177321506112383,0.3227887421286848,0.0010155270675609729,0.017078816594048196,True
25,simcse,title,-0.0807660511182785,-0.08145421900877009,0.0006881678904915867,0.026400866345230548,True
25,simcse,abstract,0.4211387730892582,0.4207532372803964,0.0003855358088618033,0.016927074177534585,True
25,mean_of_ten_fixed_models,title,0.009436318612888133,0.009535451441628826,9.913282874069243e-05,0.01640982401297065,True
25,mean_of_ten_fixed_models,abstract,0.3503213206224551,0.3508856298178587,0.0005643091954036228,0.014198582527656933,True
26,specter,title,0.11588005990189576,0.11615881960895033,0.0002787597070545711,0.03296313099307638,True
26,specter,abstract,0.2862521447732259,0.28721191110628336,0.0009597663330574435,0.03272985754897334,True
26,specter2,title,0.13984768608227355,0.13999236823929856,0.0001446821570250112,0.019773427709334268,True
26,specter2,abstract,0.2866181705398802,0.2842279020392882,0.0023902685005919855,0.02784491724028515,True
26,scincl,title,0.11718239517102458,0.11722836405028286,4.5968879258284634e-05,0.03619417506235746,True
26,scincl,abstract,0.2999796833508773,0.2993776371065364,0.0006020462443409036,0.034671236941743455,True
26,scibert,title,-0.16953915098258482,-0.17235404052695527,0.0028148895443704525,0.04043886799905394,False
26,scibert,abstract,0.28111294846856133,0.28157433667448045,0.0004613882059191221,0.03551292903911779,True
26,bert,title,-0.0004080344235896094,0.0014186398940996825,0.001826674317689292,0.03661632284611564,True
26,bert,abstract,0.3049510795229212,0.3047926189720996,0.00015846055082163746,0.0275621524798646,True
26,mpnet,title,0.1442130844669739,0.14158805740882976,0.0026250270581441304,0.027619929401488247,True
26,mpnet,abstract,0.3281270559335522,0.32495212488378117,0.0031749310497710126,0.02651243123121444,True
26,minilm,title,0.1105694211443578,0.10790239008817076,0.0026670310561870414,0.023623834942782293,True
26,minilm,abstract,0.3277564716571973,0.3248265295485653,0.002929942108632011,0.027399499479076384,True
26,pubmedbert,title,-0.22675470996533142,-0.22833627859901487,0.0015815686336834445,0.04356248140608024,False
26,pubmedbert,abstract,0.3201338662350097,0.3203299104630688,0.00019604422805907795,0.027712349552774296,True
26,biobert,title,-0.29724948364827786,-0.30079533945977477,0.003545855811496912,0.039197549977078305,True
26,biobert,abstract,0.3523612139086869,0.3520809814118203,0.0002802324968665948,0.04317140192713825,False
26,simcse,title,-0.11512862097858145,-0.11816198676482281,0.00303336578624136,0.039201425108814386,True
26,simcse,abstract,0.3174004170510967,0.31662054983814414,0.0007798672129525341,0.025186399067477994,True
26,mean_of_ten_fixed_models,title,-0.01813873532318396,-0.018336838216701335,0.00019810289351737675,0.0183171308731643,True
26,mean_of_ten_fixed_models,abstract,0.31046930514410087,0.30994197405387847,0.0005273310902224049,0.03046057701862459,True
27,specter,title,0.25662307874077483,0.2589089985435092,0.0022859198027343486,0.016775043707304316,True
27,specter,abstract,0.39611315618208953,0.39691477192853364,0.0008016157464441065,0.0191545125570462,True
27,specter2,title,0.2755251523617546,0.27688594569173186,0.001360793329977239,0.016394668974079984,True
27,specter2,abstract,0.4106704959730378,0.4121193477919716,0.0014488518189338384,0.015198309699533397,True
27,scincl,title,0.2636662863954375,0.26566922388091097,0.002002937485473477,0.023218842122078975,True
27,scincl,abstract,0.4108231057402633,0.41229137745959643,0.001468271719333114,0.016646874507240006,True
27,scibert,title,-0.19025801410032872,-0.19012367803927255,0.0001343360610561728,0.02963992557655068,True
27,scibert,abstract,0.4196755622739644,0.41904229449711045,0.000633267776853963,0.015148276068916555,True
27,bert,title,0.020117913818564315,0.018043346494425377,0.0020745673241389373,0.03636478552447617,True
27,bert,abstract,0.4268108785965087,0.42855318459310804,0.0017423059965993581,0.018212768894746434,True
27,mpnet,title,0.25822863479173985,0.2611875880146832,0.0029589532229433724,0.026090804250480076,True
27,mpnet,abstract,0.41203367190792595,0.4136593598028309,0.0016256878949049702,0.015829681485532487,True
27,minilm,title,0.2122698040212489,0.213792973240987,0.0015231692197381075,0.020791427213897706,True
27,minilm,abstract,0.41302337142642936,0.4141232206393751,0.0010998492129457582,0.01495947893131705,True
27,pubmedbert,title,-0.1244718997395336,-0.12174781315492661,0.0027240865846069884,0.038034767243054074,True
27,pubmedbert,abstract,0.45878186940091076,0.4584657937191437,0.00031607568176705847,0.0225638914679111,True
27,biobert,title,-0.26227316983510246,-0.26157645891660397,0.0006967109184984888,0.025831776909551435,True
27,biobert,abstract,0.40983702721520104,0.40900937335552545,0.0008276538596755922,0.019648267743353598,True
27,simcse,title,-0.04167813354000299,-0.04438342425063624,0.0027052907106332458,0.02575044149594714,True
27,simcse,abstract,0.46409278984552266,0.46676096930452715,0.002668179459004494,0.017119400540089258,True
27,mean_of_ten_fixed_models,title,0.06677496529145524,0.06840154471988769,0.0016265794284324453,0.01425439936652527,True
27,mean_of_ten_fixed_models,abstract,0.42218619285618536,0.42239324466985934,0.00020705181367397518,0.014622656972875958,True
28,specter,title,0.14965635967911145,0.15064127778300562,0.0009849181038941723,0.014247102040864518,True
28,specter,abstract,0.30948743556511843,0.31170898234729905,0.0022215467821806167,0.0149252338273268,True
28,specter2,title,0.16101350479562776,0.1608042881614206,0.00020921663420717107,0.015505605058650923,True
28,specter2,abstract,0.31081450024475893,0.3120628902324616,0.0012483899877026583,0.0187076890608745,True
28,scincl,title,0.15234959410670795,0.15314085347577652,0.0007912593690685699,0.013064480019310432,True
28,scincl,abstract,0.30468503941229513,0.30499071474847794,0.00030567533618280907,0.016957455671458177,True
28,scibert,title,-0.18557957754725002,-0.1859980168335384,0.00041843928628837457,0.028903008845822614,True
28,scibert,abstract,0.32979198302600715,0.3315130137708805,0.001721030744873342,0.016675069190391134,True
28,bert,title,0.01106273534602803,0.006065478326131274,0.004997257019896756,0.031005154840771293,True
28,bert,abstract,0.3301918634431466,0.3325273489105512,0.0023354854674045855,0.015359594317397363,True
28,mpnet,title,0.14820388319964228,0.14915063479387677,0.0009467515942344906,0.020265108330852516,True
28,mpnet,abstract,0.30448671720227904,0.3047088323493752,0.00022211514709613578,0.015079360255357444,True
28,minilm,title,0.09957675660076754,0.09939114302859003,0.00018561357217750096,0.01677231470178804,True
28,minilm,abstract,0.3105560304601496,0.3113688287902808,0.0008127983301312036,0.016558489281880306,True
28,pubmedbert,title,-0.08132840432937627,-0.07882726311234134,0.00250114121703493,0.04133272885276941,False
28,pubmedbert,abstract,0.3459020823201302,0.3459297294538135,2.764713368330618e-05,0.017745643818521728,True
28,biobert,title,-0.28686133166941835,-0.2833658752149879,0.0034954564544304456,0.033773974288972664,True
28,biobert,abstract,0.28603036817880517,0.2854727079503454,0.0005576602284597665,0.019858891018263325,True
28,simcse,title,-0.07259738906467722,-0.0720605808536616,0.0005368082110156214,0.02111824396009148,True
28,simcse,abstract,0.3850393506689281,0.3858704119338293,0.0008310612649012339,0.022234532702680165,True
28,mean_of_ten_fixed_models,title,0.009549613111716315,0.009596917671812389,4.7304560096073436e-05,0.01347541128846529,True
28,mean_of_ten_fixed_models,abstract,0.3216985370521618,0.32277405798640446,0.0010755209342426797,0.015904224939518707,True
29,specter,title,0.1728367952358697,0.17030333787018467,0.0025334573656850268,0.02741544186295866,True
29,specter,abstract,0.2749658620176808,0.27401918292377125,0.0009466790939095526,0.02596396151537822,True
29,specter2,title,0.1964588634026777,0.19407292631781828,0.0023859370848594297,0.023898702800888294,True
29,specter2,abstract,0.30219308051642524,0.3007144828639289,0.0014785976524963607,0.02547642457545435,True
29,scincl,title,0.17193936682214017,0.16889010857670034,0.0030492582454398343,0.028983937917872515,True
29,scincl,abstract,0.2929196842463746,0.29205181772312455,0.0008678665232500493,0.023061254168930345,True
29,scibert,title,-0.18145849330687558,-0.180840533073981,0.0006179602328945655,0.022057302900331865,True
29,scibert,abstract,0.32310412216048423,0.32438261729122464,0.001278495130740409,0.029359608583388153,True
29,bert,title,0.005728771493476503,-0.0006981028257078969,0.0064268743191844,0.033977926142712986,True
29,bert,abstract,0.3246564315553494,0.32273870750291866,0.001917724052430736,0.026624606889198432,True
29,mpnet,title,0.18979805122548066,0.1886256312049111,0.0011724200205695534,0.028331362186808096,True
29,mpnet,abstract,0.2875805438939171,0.28585381222761697,0.0017267316663001075,0.023337358069222214,True
29,minilm,title,0.1495102892107278,0.14771277323024337,0.0017975159804844154,0.029199431668192277,True
29,minilm,abstract,0.29552364589031016,0.29325081128382235,0.0022728346064878058,0.022245994068392394,True
29,pubmedbert,title,-0.11544403278864956,-0.11487778339661978,0.0005662493920297884,0.031380634989693415,True
29,pubmedbert,abstract,0.36571314852101255,0.3646518179602945,0.0010613305607180545,0.031176718172217843,True
29,biobert,title,-0.3061749125628213,-0.30508737555952214,0.001087537003299166,0.03057636035259459,True
29,biobert,abstract,0.31484310704473867,0.3079400749450662,0.006903032099672468,0.06166771191080078,False
29,simcse,title,-0.071997077974355,-0.07435066849316896,0.0023535905188139528,0.028117503465706822,True
29,simcse,abstract,0.33960653672544344,0.3365860041652803,0.0030205325601631583,0.03234016283854191,True
29,mean_of_ten_fixed_models,title,0.02111976207576711,0.01966120618337535,0.0014585558923917614,0.019045937052071454,True
29,mean_of_ten_fixed_models,abstract,0.3121106162571736,0.31048045891168025,0.001630157345493377,0.02664369347118195,True
30,specter,title,0.15248263173052684,0.15092038886948572,0.0015622428610411188,0.029315850342289035,True
30,specter,abstract,0.28141212580532377,0.2827397836628086,0.001327657857484843,0.02805822943299635,True
30,specter2,title,0.1889172527946419,0.18903010705924417,0.0001128542646022801,0.018090280730916203,True
30,specter2,abstract,0.32610034816748934,0.3273944538777914,0.0012941057103020848,0.02046869875018581,True
30,scincl,title,0.19358612480813392,0.1923051186863368,0.0012810061217971291,0.02642914912971875,True
30,scincl,abstract,0.3239555315458738,0.32517720965383956,0.0012216781079657513,0.026564492755204394,True
30,scibert,title,-0.14688552746910688,-0.14523306078805703,0.0016524666810498467,0.029713295255899386,True
30,scibert,abstract,0.3215349129819898,0.3260995614644714,0.004564648482481615,0.030796782308696424,True
30,bert,title,0.01931192192593606,0.01811738219203088,0.001194539733905181,0.03966792820913788,True
30,bert,abstract,0.35766334974315334,0.3602777731448501,0.002614423401696764,0.028929642966057878,True
30,mpnet,title,0.18440137452662136,0.18397276889523892,0.0004286056313824449,0.027113020149321182,True
30,mpnet,abstract,0.31236289348341667,0.3127961833285746,0.000433289845157947,0.027369131606788277,True
30,minilm,title,0.13715584499390743,0.13904364324115545,0.0018877982472480237,0.025908449195125777,True
30,minilm,abstract,0.3250767494128206,0.3259519688515402,0.0008752194387195988,0.02434308175708244,True
30,pubmedbert,title,-0.07756484295881144,-0.07928593138472795,0.001721088425916506,0.030652498792686403,True
30,pubmedbert,abstract,0.34131084931409633,0.34678057039418764,0.005469721080091305,0.033722872661433145,True
30,biobert,title,-0.22957608106043037,-0.22888026797437241,0.0006958130860579559,0.030512772996227566,True
30,biobert,abstract,0.30501229821481146,0.30883390198613625,0.0038216037713247886,0.029811418689620894,True
30,simcse,title,-0.04770465136085339,-0.04906202148241362,0.0013573701215602307,0.026409344762167476,True
30,simcse,abstract,0.38206597421982463,0.3853689620073686,0.003302987787543954,0.03002573430239497,True
30,mean_of_ten_fixed_models,title,0.03741240479305655,0.036617748881109496,0.0007946559119470509,0.022166388244872264,True
30,mean_of_ten_fixed_models,abstract,0.32764950328888,0.3308262365879737,0.003176733299093737,0.02671840907211881,True
31,specter,title,0.11286210829830706,0.11597163680436601,0.003109528506058945,0.033263980972837656,True
31,specter,abstract,0.28538791204989017,0.28471773751339835,0.0006701745364918188,0.019470595862079554,True
31,specter2,title,0.13927857279605393,0.1375442993367032,0.0017342734593507325,0.03635793527552862,True
31,specter2,abstract,0.32743069982850725,0.32648016496378374,0.0009505348647235179,0.019446047623003393,True
31,scincl,title,0.1092951656180211,0.10904920962415918,0.00024595599386192935,0.0330214145232056,True
31,scincl,abstract,0.3073642949178952,0.30605784225027766,0.0013064526676175303,0.01933558233698429,True
31,scibert,title,-0.11663488259391336,-0.11280058001028292,0.0038343025836304334,0.03214479836321078,True
31,scibert,abstract,0.29064851646075424,0.28878691826172986,0.0018615981990243724,0.0222680500423455,True
31,bert,title,-0.09872569538619536,-0.0982035809922161,0.0005221143939792561,0.02984808501486577,True
31,bert,abstract,0.31072643104235487,0.310354346000711,0.000372085041643877,0.017723596815702347,True
31,mpnet,title,0.09350991024449024,0.09310492694286496,0.00040498330162527796,0.033919930881563184,True
31,mpnet,abstract,0.30332942105371247,0.3042400589915235,0.000910637937811043,0.019640980808327435,True
31,minilm,title,0.060118210862132926,0.06054046573740185,0.0004222548752689237,0.03458123787566874,True
31,minilm,abstract,0.3189088140743859,0.31869493883261396,0.00021387524177196582,0.018205773839434225,True
31,pubmedbert,title,-0.16960452931670028,-0.17145705753950818,0.0018525282228079032,0.035206959759660233,True
31,pubmedbert,abstract,0.32293056472055565,0.3208618186014681,0.002068746119087528,0.019998915095869374,True
31,biobert,title,-0.2288099076486309,-0.22711624252684423,0.001693665121786675,0.039563905904032415,True
31,biobert,abstract,0.31303441712707775,0.3114688345815496,0.0015655825455281325,0.028365767045476054,True
31,simcse,title,-0.09132120757883544,-0.09088650150589606,0.0004347060729393837,0.030048155588750222,True
31,simcse,abstract,0.3866441355905872,0.38546910795053635,0.0011750276400508408,0.017448445716998162,True
31,mean_of_ten_fixed_models,title,-0.01900322547052701,-0.019138127802592712,0.00013490233206570404,0.01877265675811338,True
31,mean_of_ten_fixed_models,abstract,0.316640520686572,0.3154523472691333,0.0011881734174387093,0.01586833440477481,True
32,specter,title,0.17916573904928867,0.17927584129549134,0.00011010224620267017,0.024082005841318255,True
32,specter,abstract,0.37168138610518064,0.3719265749219569,0.00024518881677626503,0.012808166662158949,True
32,specter2,title,0.1736050593121643,0.17193771300977645,0.001667346302387851,0.017492518062363543,True
32,specter2,abstract,0.3444835557718128,0.34360006049938496,0.0008834952724278144,0.018788964640968187,True
32,scincl,title,0.17154931750396424,0.1726233901850998,0.0010740726811355739,0.027461004725185784,True
32,scincl,abstract,0.3649336401861902,0.3631893601832763,0.0017442800029138783,0.021557077397394764,True
32,scibert,title,-0.21401979808554017,-0.2129871547417187,0.001032643343821471,0.021471619559917166,True
32,scibert,abstract,0.37033605447299434,0.37178105381610915,0.0014449993431148167,0.017378772066571402,True
32,bert,title,-0.09275599680889784,-0.09356581435681849,0.0008098175479206438,0.02525081212555766,True
32,bert,abstract,0.372774976643157,0.37338464960691886,0.0006096729637618536,0.014907949743049598,True
32,mpnet,title,0.18918167252089324,0.18923844628957237,5.677376867913031e-05,0.02405658395149382,True
32,mpnet,abstract,0.3694646307120044,0.369771783832048,0.00030715312004359063,0.012940657680458767,True
32,minilm,title,0.1267583851461896,0.1288844484406438,0.0021260632944542224,0.02147885623662736,True
32,minilm,abstract,0.35673065885679306,0.3568288741099295,9.821525313641333e-05,0.015326651769841937,True
32,pubmedbert,title,-0.09407897785373981,-0.10009344060428052,0.006014462750540711,0.03574129487341396,True
32,pubmedbert,abstract,0.40506169468006353,0.4058863263372058,0.0008246316571422496,0.019363021269290792,True
32,biobert,title,-0.2693191102258511,-0.2700989810072194,0.0007798707813683192,0.02928041877194426,True
32,biobert,abstract,0.35714506169348914,0.3565821497315258,0.0005629119619633416,0.021244947637946265,True
32,simcse,title,-0.11470210607643588,-0.11294241776754499,0.0017596883088908943,0.026707088019511507,True
32,simcse,abstract,0.3921382524970653,0.39157864467353243,0.0005596078235328705,0.012412865350968028,True
32,mean_of_ten_fixed_models,title,0.0055384184482035245,0.004801239757963321,0.0007371786902402033,0.017757639647328443,True
32,mean_of_ten_fixed_models,abstract,0.370474991161875,0.36978684460276157,0.0006881465591134228,0.013932366082185343,True
33,specter,title,0.1304706189011438,0.12831742162651466,0.0021531972746291483,0.037767156922165854,True
33,specter,abstract,0.3686021092896536,0.36885748162779664,0.00025537233814304505,0.017218861658369944,True
33,specter2,title,0.1311382855110813,0.12965139967085063,0.001486885840230684,0.03099215145825321,True
33,specter2,abstract,0.3163550604783716,0.31477708644011776,0.0015779740382538265,0.017025187187686808,True
33,scincl,title,0.054298099156394664,0.054956475180405334,0.0006583760240106706,0.03756335169636707,True
33,scincl,abstract,0.35105288624795167,0.350424767604984,0.0006281186429676899,0.01956272843769935,True
33,scibert,title,-0.2415212784646582,-0.2426796284859865,0.0011583500213283027,0.029527635079282022,True
33,scibert,abstract,0.36411131986722745,0.36251375618461057,0.001597563682616876,0.0272686403015453,True
33,bert,title,-0.17681709019498365,-0.17825659229564594,0.0014395021006622932,0.030535419754950832,True
33,bert,abstract,0.3467665772451483,0.34656002589433543,0.000206551350812878,0.018759656863228447,True
33,mpnet,title,0.141333520816178,0.1414906129994081,0.00015709218323009533,0.023364966237923918,True
33,mpnet,abstract,0.35163576264242946,0.3514409932214472,0.0001947694209822881,0.021658077966564326,True
33,minilm,title,0.09223667612987207,0.09172016520739215,0.0005165109224799236,0.025540950267049764,True
33,minilm,abstract,0.3630590095312438,0.36166876765961153,0.0013902418716322806,0.021296090090747843,True
33,pubmedbert,title,-0.20338576860935764,-0.20389213508897022,0.00050636647961258,0.05774422047643707,False
33,pubmedbert,abstract,0.4067788202046885,0.40573011579720336,0.0010487044074851126,0.04355514605167221,False
33,biobert,title,-0.2995380423072401,-0.30380556094888145,0.004267518641641321,0.02888703736589532,True
33,biobert,abstract,0.3584251253421016,0.3619914369606071,0.0035663116185055133,0.036996545045330065,True
33,simcse,title,-0.15511530718133953,-0.15643541592336907,0.0013201087420295354,0.031121344971658804,True
33,simcse,abstract,0.37333702217002046,0.3723262789624312,0.0010107432075892597,0.018558195256423438,True
33,mean_of_ten_fixed_models,title,-0.05269002862429093,-0.054929023650851526,0.0022389950265605946,0.01882736137990923,True
33,mean_of_ten_fixed_models,abstract,0.36001236930188363,0.35926543161696856,0.0007469376849150722,0.0205655184699442,True
34,specter,title,0.19376974195873264,0.19237532596711218,0.0013944159916204624,0.02214080487302697,True
34,specter,abstract,0.32281043865729686,0.32038570795818133,0.0024247306991155293,0.019862325811007775,True
34,specter2,title,0.23002984228131285,0.22870034806430822,0.0013294942170046231,0.021958814344156086,True
34,specter2,abstract,0.356793536476665,0.3533311719626943,0.003462364513970695,0.022242442500544635,True
34,scincl,title,0.2094378970014228,0.20458745186661648,0.004850445134806314,0.024974125493991833,True
34,scincl,abstract,0.3434079543119509,0.34128152921951704,0.0021264250924338812,0.02414508679077798,True
34,scibert,title,-0.20943913899660938,-0.21213569719659386,0.002696558199984489,0.020317316181268585,True
34,scibert,abstract,0.37466429849895777,0.3733540594088886,0.0013102390900691652,0.024066483221867052,True
34,bert,title,-0.03503421489416497,-0.03864322418472607,0.0036090092905610993,0.03024677583133896,True
34,bert,abstract,0.3716693753960438,0.36845186214098424,0.0032175132550595342,0.01659786475382352,True
34,mpnet,title,0.2351620424605657,0.23359396544835473,0.0015680770122109833,0.036178757369642295,True
34,mpnet,abstract,0.35795350590520614,0.35481379732405827,0.003139708581147871,0.023352183132055893,True
34,minilm,title,0.17856544870534108,0.1759762456706148,0.0025892030347262895,0.03268641254437055,True
34,minilm,abstract,0.35711776628451464,0.354219660207379,0.0028981060771356426,0.021208231386767196,True
34,pubmedbert,title,-0.13923681151488188,-0.1432484803582061,0.004011668843324212,0.0360195262338137,True
34,pubmedbert,abstract,0.42914763088843355,0.4242219841831594,0.004925646705274178,0.03920016009246202,True
34,biobert,title,-0.30024567467110114,-0.3026899696770865,0.002444295005985364,0.03430053703228947,True
34,biobert,abstract,0.3547608269706441,0.3510697907614336,0.0036910362092105187,0.03416284337730047,True
34,simcse,title,-0.07710487643987268,-0.08028477236302006,0.00317989592314738,0.03077047356163158,True
34,simcse,abstract,0.42346812024099095,0.4208021773454172,0.0026659428955737585,0.01846455213225945,True
34,mean_of_ten_fixed_models,title,0.028590425589074497,0.026376233772783038,0.002214191816291459,0.019955696586538008,True
34,mean_of_ten_fixed_models,abstract,0.3691793453630704,0.3672285060435103,0.0019508393195600826,0.021703662933253043,True
35,specter,title,0.15985959354320106,0.16001809264062125,0.00015849909742018942,0.030080994539990302,True
35,specter,abstract,0.31592297315924117,0.3132926538596625,0.0026303192995786873,0.02329799308562258,True
35,specter2,title,0.1947187732401951,0.1941388413175732,0.0005799319226219013,0.01819706257445769,True
35,specter2,abstract,0.330103329382651,0.32909017292814285,0.0010131564545081684,0.02124330531571872,True
35,scincl,title,0.185315321521072,0.18753318142867303,0.0022178599076010386,0.030858617115072262,True
35,scincl,abstract,0.34218441243531406,0.3410597805191278,0.0011246319161862806,0.026804002257592052,True
35,scibert,title,-0.2525230480730603,-0.2532170046302733,0.0006939565572129935,0.031270734347937285,True
35,scibert,abstract,0.36584664576400067,0.3640956272313872,0.0017510185326134464,0.02234943029290315,True
35,bert,title,-0.1094434197201723,-0.10839859307576818,0.001044826644404112,0.030885063262413914,True
35,bert,abstract,0.3603248066073646,0.3625331439965096,0.0022083373891449987,0.02423783623396991,True
35,mpnet,title,0.18315770710330304,0.18555136937427197,0.0023936622709689326,0.024843674342582056,True
35,mpnet,abstract,0.33735448270332324,0.33636359390966336,0.0009908887936598831,0.02272514454866814,True
35,minilm,title,0.14038742462015247,0.14231892816693184,0.0019315035467793729,0.023497925029488498,True
35,minilm,abstract,0.34418316987227987,0.34191308762611217,0.002270082246167704,0.02475207314084632,True
35,pubmedbert,title,-0.14109726975438064,-0.13869343263507788,0.002403837119302754,0.02588641144832729,True
35,pubmedbert,abstract,0.39864542028739525,0.3936741759968156,0.004971244290579657,0.03153387196129731,True
35,biobert,title,-0.2989468830417319,-0.2983793206897378,0.0005675623519940665,0.03285179958059942,True
35,biobert,abstract,0.3482396230646252,0.3479244271804512,0.00031519588417400213,0.03966606383462773,True
35,simcse,title,-0.11814384465214461,-0.1224270479132481,0.004283203261103485,0.0292220180360164,True
35,simcse,abstract,0.39696524755340706,0.3953519180886109,0.0016133294647961427,0.027100292646885293,True
35,mean_of_ten_fixed_models,title,-0.005671564521356609,-0.00466050158915445,0.0010110629322021593,0.017370051998904037,True
35,mean_of_ten_fixed_models,abstract,0.3539770110829602,0.3511885024494493,0.0027885086335108777,0.023351987388672835,True
36,specter,title,0.16686435380270376,0.16578436396422105,0.0010799898384827034,0.031665735322267324,True
36,specter,abstract,0.3854158751416233,0.3850011279739261,0.00041474716769718256,0.01743214069540333,True
36,specter2,title,0.1961441452353192,0.1948198625898408,0.001324282645478403,0.028559873730395008,True
36,specter2,abstract,0.3640644866240689,0.3647706532534173,0.0007061666293484148,0.014461722760606532,True
36,scincl,title,0.19236084768870648,0.19290208279268278,0.0005412351039763008,0.036315284574145595,True
36,scincl,abstract,0.4062652600283891,0.4073821550567683,0.0011168950283791945,0.016622937497062784,True
36,scibert,title,-0.201801580964868,-0.20424412033854844,0.0024425393736804413,0.024167819910288574,True
36,scibert,abstract,0.4084193975047298,0.4094235758085174,0.0010041783037876284,0.012853707132472525,True
36,bert,title,-0.12598982865550484,-0.12668415634742475,0.0006943276919199048,0.04476161174024043,False
36,bert,abstract,0.3943727079687455,0.39427431638871063,9.839158003488446e-05,0.017612614030193208,True
36,mpnet,title,0.19093912999735735,0.19054150935668487,0.0003976206406724747,0.02231305434972139,True
36,mpnet,abstract,0.391926288491748,0.39345949026363725,0.0015332017718892588,0.014552058808754431,True
36,minilm,title,0.12994476864392523,0.13093463691911897,0.0009898682751937338,0.02459980745360861,True
36,minilm,abstract,0.38889512497635914,0.38770093924836424,0.0011941857279949009,0.012112121795600006,True
36,pubmedbert,title,-0.1370398721880215,-0.13683442677894872,0.0002054454090727742,0.037023744936020495,True
36,pubmedbert,abstract,0.43315482163520747,0.4351742310282076,0.00201940939300016,0.01676099889761279,True
36,biobert,title,-0.22044672067851967,-0.2225957588427932,0.0021490381642735312,0.03195320547827671,True
36,biobert,abstract,0.3968204014826353,0.3976941771967162,0.0008737757140808711,0.01960726802168783,True
36,simcse,title,-0.13474522193487665,-0.13369792425961938,0.0010472976752572694,0.02442183551236647,True
36,simcse,abstract,0.4193436937144929,0.41867560836847817,0.0006680853460147573,0.01746604518684275,True
36,mean_of_ten_fixed_models,title,0.005623002094622137,0.005066027063026132,0.0005569750315960048,0.01775954865005219,True
36,mean_of_ten_fixed_models,abstract,0.3988678057568,0.3993123755373228,0.0004445697805228188,0.01337036277941478,True
