outcome,period_start,comparisons,mean,median,min,max,q05,q95
cka_primary,2000,1170,0.6281051768038047,0.6008557708845236,0.34082613214991236,0.901923461094055,0.4333636263285809,0.8429152858101674
cka_primary,2005,1170,0.6309941003434619,0.6044532561468108,0.3384813679247646,0.9172921181359941,0.4325999735331288,0.8473939775977067
cka_primary,2010,1170,0.6328118183517535,0.6049629242002873,0.34837795398436583,0.9196748027619358,0.43901833347878794,0.8520707253650781
cka_primary,2015,1170,0.64174831626156,0.6128259381299959,0.36223190733285393,0.9198809999461295,0.44656441045048395,0.8493898319391224
cka_primary,2020,1170,0.6488428228337982,0.6225235235835659,0.3549338320166256,0.9192780603707931,0.45275797772214105,0.8566189097010064
rsa_spearman_primary,2000,1170,0.5363148736227867,0.5065303542220776,0.0789519964546894,0.9016602213536498,0.25856116986912187,0.8458381449221998
rsa_spearman_primary,2005,1170,0.5394377253053199,0.5116552993151371,0.09519851814999622,0.9024300675390842,0.26321371473343397,0.8467316783095026
rsa_spearman_primary,2010,1170,0.5436403805434914,0.5103049377318962,0.09715291039502813,0.9013030518302615,0.2703104505244761,0.8475942558654849
rsa_spearman_primary,2015,1170,0.5555228517656324,0.5241062657325186,0.1296166332855415,0.9058268062690636,0.2838867086092415,0.8430779209576739
rsa_spearman_primary,2020,1170,0.5666663162212465,0.5362451459141109,0.19502514566856413,0.9160174642450444,0.31458180931620516,0.8449683899531751
procrustes_similarity_primary,2000,1170,0.6661540978237452,0.6476033344247303,0.4959103069968293,0.8478110241399888,0.5619514334017942,0.8144905597163266
procrustes_similarity_primary,2005,1170,0.6649276296461094,0.6469729417732399,0.4913919592831931,0.8482252070838745,0.5580132562933755,0.8142367016094425
procrustes_similarity_primary,2010,1170,0.6646497879126959,0.6480240680777283,0.49031148856442575,0.8488065455617695,0.5572355557494494,0.8174102313105641
procrustes_similarity_primary,2015,1170,0.666187105543069,0.6485364578455051,0.4926631050380375,0.8516651054103603,0.5584342307845033,0.8159150592165697
procrustes_similarity_primary,2020,1170,0.668084528444335,0.6519874180001148,0.49498794680863806,0.8529783458836818,0.5597750280588448,0.8183412892675871
cka_raw,2000,1170,0.6182577044617834,0.5912058072677809,0.33683440717145524,0.8924543307512588,0.4194451319730589,0.8321234380850416
cka_raw,2005,1170,0.6205586649199797,0.5938610456534963,0.33648231379673366,0.9132068300859015,0.42261850673038215,0.8351256826988824
cka_raw,2010,1170,0.6213419434072117,0.5945550356325447,0.3458967339674101,0.9147749698610543,0.42717410058771704,0.8403615772228468
cka_raw,2015,1170,0.6296348232683896,0.5997468254156471,0.3400283768242944,0.9103006390521307,0.4351514135766417,0.8411748874008601
cka_raw,2020,1170,0.6383733762638226,0.6130474421251115,0.3178961998867059,0.913610043238679,0.4416186289138708,0.8491068827696865
cka_cls,2000,1170,0.5314811532993324,0.5200276485930243,0.21122875294867774,0.8877142405702236,0.2958311201066395,0.8002170220125594
cka_cls,2005,1170,0.5411782882073072,0.5252264799471024,0.20776776410039002,0.8979174065949508,0.31101564135134685,0.8081765235797549
cka_cls,2010,1170,0.5410276230735038,0.5180159391361309,0.21073171013119207,0.9135299944232048,0.307297913896814,0.8182968822007257
cka_cls,2015,1170,0.5439193600732349,0.5225271047905442,0.21589660497240545,0.9198809999461295,0.31155640715329713,0.822606481349375
cka_cls,2020,1170,0.5485598842717766,0.5283025587329123,0.22226207614377505,0.9192780603707931,0.31213782165639686,0.8251463331091621
cka_sep,2000,1170,0.5324599414060244,0.5779403424211573,0.06684571428879645,0.8877142405702236,0.12095513298955154,0.8094774993611286
cka_sep,2005,1170,0.538807042404306,0.5870279831624349,0.06591427095692526,0.9029631324889434,0.12619728957836793,0.8151600120304159
cka_sep,2010,1170,0.54517497825889,0.5886698135351696,0.07855358526244631,0.9135299944232048,0.13471269350537995,0.8253581837919436
cka_sep,2015,1170,0.5590435433699733,0.5981670707105139,0.1020275042852388,0.9198809999461295,0.17229042725956747,0.8290697982025859
cka_sep,2020,1170,0.5762468815961109,0.6135993022641562,0.13250452256012601,0.9207794056621679,0.22134504608140365,0.8360253840213384
cka_quality,2000,1170,0.6477935065401278,0.6245834756034411,0.381141672736773,0.9188851630645744,0.4730512357136902,0.8583129154699252
cka_quality,2005,1170,0.6494710321823125,0.6262963734836466,0.3642758222955454,0.9311359307470563,0.4722091132642207,0.8650438623403911
cka_quality,2010,1170,0.6514491203569682,0.6267742806741261,0.36410870769926806,0.930142781051204,0.4677794749005178,0.8657279422228977
cka_quality,2015,1170,0.6593222158356153,0.633682443762797,0.3804041484065422,0.9263051658159083,0.4762160486955107,0.8618675580456729
cka_quality,2020,1170,0.659326273971864,0.636820974063498,0.37590193504091346,0.9372962508692846,0.46886700252670327,0.8634284224788523
cka_equal2048,2000,1170,0.6282603648847289,0.6011940883321569,0.3411804600326398,0.9017641816891835,0.4330490874481684,0.8428930076976414
cka_equal2048,2005,1170,0.6309668532894918,0.6048194087665938,0.33963581015809036,0.9172186807405757,0.43175524801619586,0.8479063681917518
cka_equal2048,2010,1170,0.6326297248314239,0.6047591118000978,0.34637478498190516,0.9197481626448267,0.43868470825971184,0.8519515511438911
cka_equal2048,2015,1170,0.641816253990328,0.6134176501819044,0.3602211766658405,0.9198504413113608,0.44638101516417894,0.8506163060261314
cka_equal2048,2020,1170,0.6489036530845299,0.6224848208562797,0.3543951062929464,0.9190092933634009,0.4520994480750808,0.8565599232624113
neighbors_all_k10,2000,1170,0.26547187030093755,0.21881348107109883,0.09088103254769922,0.575207756232687,0.1294921514312096,0.4981688609819187
neighbors_all_k10,2005,1170,0.26475751554246024,0.21563146529305474,0.08863511785126987,0.5707294552169898,0.12745614035087718,0.4953678858017778
neighbors_all_k10,2010,1170,0.2630945285709011,0.21156820216450825,0.08464269862405682,0.5746075715604801,0.1266810022351674,0.4948152424942263
neighbors_all_k10,2015,1170,0.25881320985346934,0.20618651892890122,0.0784529497020774,0.5657433056325023,0.12536748514269383,0.4874075304373805
neighbors_all_k10,2020,1170,0.2560020217455803,0.20402575262719164,0.07562511929757587,0.5707294552169898,0.12075491506012598,0.4807505925610793
neighbors_all_k25,2000,1170,0.30657697219983504,0.2649478194824122,0.10261503928170596,0.6202770083102493,0.16107408446573857,0.541346931263981
neighbors_all_k25,2005,1170,0.30595343808088615,0.2619382911392405,0.10106705645898047,0.6195383194829178,0.15782793987621574,0.5431237303785781
neighbors_all_k25,2010,1170,0.3034632367739435,0.25759002770083106,0.09589246084585633,0.6138688827331487,0.154515611814346,0.5386426966292135
neighbors_all_k25,2015,1170,0.30038562320185075,0.25201406143485955,0.0899865800633421,0.6072945521698985,0.1524963718587869,0.5330944072305966
neighbors_all_k25,2020,1170,0.29788478484615294,0.2510249307479224,0.0873571292231342,0.6080517082179132,0.14657882125490657,0.5283499538319483
neighbors_all_k50,2000,1170,0.34299781086762016,0.30528624192059095,0.11390572390572391,0.6543490304709141,0.1906872417657192,0.5731223453370268
neighbors_all_k50,2005,1170,0.3421372171386602,0.3033887349953832,0.11344052621962361,0.6556694367497692,0.18420801436552428,0.5734445983379501
neighbors_all_k50,2010,1170,0.3389449623849729,0.300370747062942,0.10702808953141843,0.6482825484764543,0.17968333303594053,0.5705897152169448
neighbors_all_k50,2015,1170,0.3373327508398692,0.2981117266851339,0.10036394868216222,0.6386703601108034,0.17731832897792507,0.5651970109576159
neighbors_all_k50,2020,1170,0.3349407441140185,0.29579870729455215,0.09814392059553351,0.6459187442289935,0.17048473471923895,0.564713758079409
neighbors_2048_mean_k10,2000,1170,0.2714748180422009,0.22353515625000003,0.10766601562500001,0.58837890625,0.13649169921875,0.5049951171875
neighbors_2048_mean_k10,2005,1170,0.2744002487313034,0.22360839843750002,0.1044921875,0.5921875,0.13890625000000004,0.5072021484375
neighbors_2048_mean_k10,2010,1170,0.27604496360844016,0.223193359375,0.10839843750000001,0.5892578125,0.14163574218750002,0.5092333984375
neighbors_2048_mean_k10,2015,1170,0.27391405415331205,0.21906738281250002,0.10380859375000001,0.58515625,0.14304199218750002,0.49988037109375
neighbors_2048_mean_k10,2020,1170,0.27649985810630345,0.21962890625000003,0.110498046875,0.5833496093749999,0.14924072265625002,0.5045825195312499
neighbors_2048_mean_k25,2000,1170,0.314068342681624,0.269755859375,0.12681640625,0.6222460937500001,0.17066503906250002,0.5464179687499999
neighbors_2048_mean_k25,2005,1170,0.3176731103098291,0.269892578125,0.13505859375,0.62126953125,0.1731552734375,0.5494541015625
neighbors_2048_mean_k25,2010,1170,0.3192083500267094,0.2691015625,0.13416015625000002,0.6190429687500001,0.17706445312500002,0.551939453125
neighbors_2048_mean_k25,2015,1170,0.3188464543269231,0.26771484375,0.134921875,0.61958984375,0.17919726562500002,0.54662109375
neighbors_2048_mean_k25,2020,1170,0.32318307625534193,0.26907226562500003,0.14041015625000003,0.61349609375,0.1884150390625,0.5491279296874999
neighbors_2048_mean_k50,2000,1170,0.35210201322115386,0.3109521484375,0.14955078125000001,0.65498046875,0.20489160156250003,0.57971875
neighbors_2048_mean_k50,2005,1170,0.3561886017628205,0.3115869140625,0.15903320312500002,0.6587109375,0.20907080078125004,0.58550732421875
neighbors_2048_mean_k50,2010,1170,0.35763751168536323,0.3124951171875,0.15790039062500003,0.6499707031249999,0.20978613281250003,0.5845825195312498
neighbors_2048_mean_k50,2015,1170,0.35906478699252137,0.311767578125,0.16480468750000002,0.6412695312500001,0.21410839843750004,0.58241259765625
neighbors_2048_mean_k50,2020,1170,0.3641663661858974,0.314443359375,0.16793945312500003,0.64919921875,0.22327929687500003,0.58313525390625
neighbors_2048_cls_k10,2000,1170,0.19705220018696581,0.14692382812500002,0.059716796875,0.58837890625,0.07530517578125,0.4499145507812499
neighbors_2048_cls_k10,2005,1170,0.19999002570779914,0.14833984375,0.06123046875,0.5921875,0.07619384765625001,0.45374755859375
neighbors_2048_cls_k10,2010,1170,0.19956175714476496,0.14462890625,0.0544921875,0.5892578125,0.0743505859375,0.45681884765625
neighbors_2048_cls_k10,2015,1170,0.19644639756944446,0.14047851562500002,0.050927734375000006,0.58515625,0.07419189453125,0.4593115234374999
neighbors_2048_cls_k10,2020,1170,0.19702749399038463,0.13967285156250003,0.055859375,0.5833496093749999,0.07521240234375,0.46181884765625
neighbors_2048_cls_k25,2000,1170,0.23644254139957266,0.188896484375,0.08126953125,0.6222460937500001,0.10437695312500002,0.49281640625000006
neighbors_2048_cls_k25,2005,1170,0.24012424879807698,0.19131835937500002,0.08384765625000001,0.62126953125,0.105037109375,0.4987939453125
neighbors_2048_cls_k25,2010,1170,0.2400081797542735,0.19048828125000006,0.08259765625000001,0.6190429687500001,0.10267187500000001,0.5027197265625001
neighbors_2048_cls_k25,2015,1170,0.23749550948183765,0.184755859375,0.0736328125,0.61958984375,0.10341601562500001,0.5059091796875
neighbors_2048_cls_k25,2020,1170,0.23987787126068377,0.18458007812500005,0.08068359375000002,0.61349609375,0.1070205078125,0.5062587890625
neighbors_2048_cls_k50,2000,1170,0.2738161892361111,0.23042968750000004,0.10407226562500002,0.65498046875,0.1356611328125,0.52664501953125
neighbors_2048_cls_k50,2005,1170,0.2781822916666667,0.2334521484375,0.10688476562500002,0.6587109375,0.13528076171875003,0.5320986328124999
neighbors_2048_cls_k50,2010,1170,0.27827578291933763,0.23166015625000003,0.10555664062500002,0.6499707031249999,0.133099609375,0.53588720703125
neighbors_2048_cls_k50,2015,1170,0.27685513488247865,0.22825195312500002,0.09979492187500001,0.6412695312500001,0.13447949218750002,0.54062353515625
neighbors_2048_cls_k50,2020,1170,0.2797931106436966,0.22837402343750002,0.10971679687500001,0.64919921875,0.13822167968750002,0.5458388671874999
neighbors_2048_sep_k10,2000,1170,0.2296816990518163,0.20078125000000002,0.05629882812499999,0.58837890625,0.083583984375,0.4569458007812499
neighbors_2048_sep_k10,2005,1170,0.23262277978098292,0.20473632812500003,0.058740234375000006,0.5921875,0.08610595703125,0.4616455078124999
neighbors_2048_sep_k10,2010,1170,0.234676023303953,0.20466308593750002,0.063037109375,0.5892578125,0.084755859375,0.46300537109374995
neighbors_2048_sep_k10,2015,1170,0.23432208199786322,0.204638671875,0.0615234375,0.58515625,0.08423095703125001,0.46032958984375
neighbors_2048_sep_k10,2020,1170,0.2384129607371795,0.207275390625,0.06474609375,0.5833496093749999,0.09162353515624999,0.46336669921875
neighbors_2048_sep_k25,2000,1170,0.2700051749465812,0.24421875000000004,0.07550781250000001,0.6222460937500001,0.11246972656250001,0.5000498046875
neighbors_2048_sep_k25,2005,1170,0.2737505842681624,0.25100585937500003,0.07619140625000001,0.62126953125,0.11413183593750001,0.5059941406249999
neighbors_2048_sep_k25,2010,1170,0.2761341646634616,0.2500390625000001,0.08326171875000002,0.6190429687500001,0.11351367187500001,0.507361328125
neighbors_2048_sep_k25,2015,1170,0.2775050413995727,0.2517480468750001,0.08232421875000001,0.61958984375,0.11555859375000001,0.5069394531250001
neighbors_2048_sep_k25,2020,1170,0.28383740651709405,0.25725585937500006,0.0915234375,0.61349609375,0.1251650390625,0.5143691406249998
neighbors_2048_sep_k50,2000,1170,0.3070133213141026,0.28458984374999996,0.09784179687500001,0.65498046875,0.14126171875000001,0.53444921875
neighbors_2048_sep_k50,2005,1170,0.31135945012019234,0.292705078125,0.09822265625000001,0.6587109375,0.14292529296875,0.53845703125
neighbors_2048_sep_k50,2010,1170,0.3141519681490385,0.2923583984375,0.105771484375,0.6499707031249999,0.14362744140625,0.54224072265625
neighbors_2048_sep_k50,2015,1170,0.31714044137286324,0.296640625,0.10730468750000001,0.6412695312500001,0.14729345703125005,0.542494140625
neighbors_2048_sep_k50,2020,1170,0.32482074652777776,0.3037158203125,0.12071289062500001,0.64919921875,0.15786621093750003,0.54815283203125
