metric,condition,reference,minimum_relative_difference,affected_models,field_pairs,reference_unanimous,reference_contradiction,reference_unresolved,changed_unanimous,changed_contradiction,changed_unresolved,model_direction_flips,affected_model_comparisons,pair_class_changes,original_persistent_contradictions,reference_supported_original_contradictions,same_original_witness_pair_retained,original_unanimous_retained_by_every_model
angle_p50,title,half,0.0,10,325,53,272,0,46,279,0,510,3250,21,262,262,246,33
angle_p50,title,half,0.01,10,325,42,257,26,37,255,33,169,3250,47,238,238,208,23
angle_p50,title,half,0.05,10,325,15,122,188,3,128,194,0,3250,66,96,96,67,3
angle_p50,title,half,0.1,10,325,0,25,300,0,20,305,0,3250,15,19,19,12,0
pr,title,half,0.0,10,325,79,246,0,78,247,0,431,3250,53,221,221,193,44
pr,title,half,0.01,10,325,73,240,12,70,243,12,325,3250,59,213,213,185,44
pr,title,half,0.05,10,325,55,218,52,49,221,55,139,3250,76,177,177,143,32
pr,title,half,0.1,10,325,35,170,120,27,178,120,49,3250,103,126,126,100,17
angle_p50,abstract,half,0.0,10,325,53,272,0,51,274,0,76,3250,6,262,262,262,42
angle_p50,abstract,half,0.01,10,325,42,257,26,37,259,29,0,3250,13,238,238,237,30
angle_p50,abstract,half,0.05,10,325,15,122,188,15,129,181,0,3250,13,96,96,96,10
angle_p50,abstract,half,0.1,10,325,0,25,300,0,22,303,0,3250,5,19,19,19,0
pr,abstract,half,0.0,10,325,79,246,0,72,253,0,72,3250,11,221,221,221,54
pr,abstract,half,0.01,10,325,73,240,12,64,247,14,15,3250,15,213,213,213,48
pr,abstract,half,0.05,10,325,55,218,52,49,224,52,0,3250,18,177,177,177,36
pr,abstract,half,0.1,10,325,35,170,120,31,173,121,0,3250,17,126,126,126,25
angle_p50,pool_cls,half,0.0,4,325,53,272,0,47,278,0,370,1300,18,262,262,253,33
angle_p50,pool_cls,half,0.01,4,325,42,257,26,33,258,34,226,1300,33,238,238,224,21
angle_p50,pool_cls,half,0.05,4,325,15,122,188,6,139,180,21,1300,63,96,96,83,4
angle_p50,pool_cls,half,0.1,4,325,0,25,300,0,27,298,1,1300,8,19,19,17,0
pr,pool_cls,half,0.0,4,325,79,246,0,50,275,0,318,1300,47,221,221,210,34
pr,pool_cls,half,0.01,4,325,73,240,12,43,269,13,268,1300,54,213,213,200,31
pr,pool_cls,half,0.05,4,325,55,218,52,28,239,58,144,1300,78,177,177,158,19
pr,pool_cls,half,0.1,4,325,35,170,120,15,184,126,49,1300,94,126,126,98,11
angle_p50,pool_sep,half,0.0,4,325,53,272,0,44,281,0,280,1300,9,262,262,257,37
angle_p50,pool_sep,half,0.01,4,325,42,257,26,34,270,21,127,1300,20,238,238,232,26
angle_p50,pool_sep,half,0.05,4,325,15,122,188,9,162,154,7,1300,48,96,96,92,8
angle_p50,pool_sep,half,0.1,4,325,0,25,300,0,50,275,0,1300,25,19,19,19,0
pr,pool_sep,half,0.0,4,325,79,246,0,51,274,0,374,1300,42,221,221,201,36
pr,pool_sep,half,0.01,4,325,73,240,12,45,272,8,337,1300,51,213,213,194,34
pr,pool_sep,half,0.05,4,325,55,218,52,33,246,46,185,1300,61,177,177,154,22
pr,pool_sep,half,0.1,4,325,35,170,120,18,191,116,89,1300,96,126,126,100,13
angle_p50,common,common_native,0.0,10,325,57,268,0,53,272,0,91,3250,6,262,262,262,42
angle_p50,common,common_native,0.01,10,325,39,254,32,38,258,29,2,3250,9,238,238,238,30
angle_p50,common,common_native,0.05,10,325,15,125,185,12,125,188,0,3250,17,96,96,95,9
angle_p50,common,common_native,0.1,10,325,0,24,301,0,20,305,0,3250,4,19,19,19,0
pr,common,common_native,0.0,10,325,76,249,0,75,250,0,144,3250,13,221,221,216,52
pr,common,common_native,0.01,10,325,72,247,6,71,244,10,92,3250,15,213,213,209,48
pr,common,common_native,0.05,10,325,55,219,51,55,221,49,22,3250,28,177,176,171,36
pr,common,common_native,0.1,10,325,37,172,116,45,184,96,0,3250,40,126,124,123,25
angle_p50,global_centered,half,0.0,10,325,53,272,0,143,182,0,867,3250,116,262,262,145,30
angle_p50,global_centered,half,0.01,10,325,42,257,26,90,138,97,461,3250,163,238,238,98,18
angle_p50,global_centered,half,0.05,10,325,15,122,188,5,19,301,68,3250,129,96,96,6,4
angle_p50,global_centered,half,0.1,10,325,0,25,300,1,1,323,7,3250,27,19,19,0,0
pr,global_centered,half,0.0,10,325,79,246,0,84,241,0,130,3250,25,221,221,218,54
pr,global_centered,half,0.01,10,325,73,240,12,78,233,14,68,3250,33,213,213,209,48
pr,global_centered,half,0.05,10,325,55,218,52,54,202,69,8,3250,40,177,177,166,35
pr,global_centered,half,0.1,10,325,35,170,120,36,144,145,1,3250,40,126,126,117,26
angle_p50,quality,half,0.0,10,325,53,272,0,53,272,0,147,3250,6,262,262,262,41
angle_p50,quality,half,0.01,10,325,42,257,26,37,256,32,6,3250,12,238,238,236,30
angle_p50,quality,half,0.05,10,325,15,122,188,15,121,189,0,3250,33,96,96,86,10
angle_p50,quality,half,0.1,10,325,0,25,300,0,21,304,0,3250,8,19,19,17,0
pr,quality,half,0.0,10,325,79,246,0,82,243,0,117,3250,17,221,221,221,54
pr,quality,half,0.01,10,325,73,240,12,76,238,11,58,3250,25,213,213,213,50
pr,quality,half,0.05,10,325,55,218,52,55,215,55,4,3250,33,177,177,176,35
pr,quality,half,0.1,10,325,35,170,120,41,168,116,0,3250,30,126,126,122,26
angle_p50,trim_extreme,trim_random,0.0,10,325,53,272,0,52,273,0,44,3250,1,262,262,262,42
angle_p50,trim_extreme,trim_random,0.01,10,325,42,256,27,43,258,24,0,3250,5,238,238,238,30
angle_p50,trim_extreme,trim_random,0.05,10,325,14,122,189,15,123,187,0,3250,8,96,96,94,10
angle_p50,trim_extreme,trim_random,0.1,10,325,0,26,299,0,27,298,0,3250,3,19,19,19,0
pr,trim_extreme,trim_random,0.0,10,325,80,245,0,77,248,0,138,3250,17,221,221,221,54
pr,trim_extreme,trim_random,0.01,10,325,74,241,10,72,241,12,65,3250,18,213,213,213,50
pr,trim_extreme,trim_random,0.05,10,325,56,217,52,51,218,56,8,3250,34,177,177,174,35
pr,trim_extreme,trim_random,0.1,10,325,37,171,117,35,157,133,0,3250,34,126,126,122,26
angle_p50,minilm512,primary,0.0,1,325,50,275,0,47,278,0,17,325,3,262,262,262,42
angle_p50,minilm512,primary,0.01,1,325,37,258,30,36,259,30,0,325,2,238,238,238,30
angle_p50,minilm512,primary,0.05,1,325,15,131,179,15,132,178,0,325,1,96,96,96,10
angle_p50,minilm512,primary,0.1,1,325,0,22,303,0,22,303,0,325,0,19,19,19,0
pr,minilm512,primary,0.0,1,325,80,245,0,80,245,0,10,325,0,221,221,221,54
pr,minilm512,primary,0.01,1,325,74,240,11,74,240,11,5,325,0,213,213,213,50
pr,minilm512,primary,0.05,1,325,54,219,52,53,219,53,0,325,1,177,177,177,36
pr,minilm512,primary,0.1,1,325,34,174,117,34,174,117,0,325,0,126,126,126,26
angle_p50,size500,primary,0.0,10,325,50,275,0,52,273,0,141,3250,6,262,262,262,42
angle_p50,size500,primary,0.01,10,325,37,258,30,41,252,32,1,3250,18,238,238,235,30
angle_p50,size500,primary,0.05,10,325,15,131,179,14,123,188,0,3250,23,96,96,94,10
angle_p50,size500,primary,0.1,10,325,0,22,303,0,23,302,0,3250,7,19,19,19,0
pr,size500,primary,0.0,10,325,80,245,0,79,246,0,142,3250,17,221,221,219,53
pr,size500,primary,0.01,10,325,74,240,11,73,239,13,70,3250,21,213,213,211,50
pr,size500,primary,0.05,10,325,54,219,52,54,225,46,1,3250,34,177,177,174,36
pr,size500,primary,0.1,10,325,34,174,117,35,175,115,0,3250,42,126,126,124,26
angle_p50,size4000,primary,0.0,10,325,50,275,0,55,270,0,41,3250,7,262,262,262,42
angle_p50,size4000,primary,0.01,10,325,37,258,30,40,257,28,0,3250,6,238,238,238,30
angle_p50,size4000,primary,0.05,10,325,15,131,179,15,128,182,0,3250,11,96,96,96,10
angle_p50,size4000,primary,0.1,10,325,0,22,303,0,22,303,0,3250,0,19,19,19,0
pr,size4000,primary,0.0,10,325,80,245,0,75,250,0,59,3250,13,221,221,221,54
pr,size4000,primary,0.01,10,325,74,240,11,70,242,13,3,3250,17,213,213,213,50
pr,size4000,primary,0.05,10,325,54,219,52,51,220,54,0,3250,12,177,177,177,36
pr,size4000,primary,0.1,10,325,34,174,117,37,177,111,0,3250,12,126,126,126,26
